HYDRAULIC BUTT FUSION MACHINE - 250,Joints,STK,0
HYDRAULIC BUTT FUSION MACHINE - 315,Joints,STK,0
AQUAFUSION PPR DIGITAL WELDING MACHINE - 63MM,Joints,STK,0
AQUAFUSION PPR WELDING MACHINE - 63MM,Joints,STK,0
BUTT FUSION WELDING,Joints,STK,0
CONFLUO STANDARD DRAIN DROPS 3,PP Fittings,STK,0
CONFLUO STANDARD DRAIN SQUARE 3,PP Fittings,STK,0
CONFLUO STANDARD DRAIN TIDE 3,PP Fittings,STK,0
TANGIT ADHESIVE 1000ML,Fittings Accesories,STK,0
TANGIT ADHESIVE 250ML,Fittings Accesories,STK,0
TANGIT ADHESIVE 500ML,Fittings Accesories,STK,0
"BOLT, NUT & WASHER SET M12 X 50",Fittings Accesories,STK,0
"BOLT, NUT & WASHER SET M16 X 100 - FULL THREAD PLA",Fittings Accesories,STK,0
"BOLT, NUT & WASHER SET M16 X 120",Fittings Accesories,STK,0
"BOLT, NUT & WASHER SET M16 X 90",Fittings Accesories,STK,0
"BOLT, NUT & WASHER SET M20 X 120 - HALF THREAD",Fittings Accesories,STK,0
"BOLT, NUT & WASHER SET M20 X 120 - FULL THREAD",Fittings Accesories,STK,0
"BOLT, NUT & WASHER SET M20 X 160",Fittings Accesories,STK,0
"BOLT, NUT & WASHER SET M20 X 200",Fittings Accesories,STK,0
"BOLT, NUT & WASHER SET M20 X 90",Fittings Accesories,STK,0
"BOLT, NUT & WASHER SET M22 X 150",Fittings Accesories,STK,0
"BOLT, NUT & WASHER SET M24 X 160",Fittings Accesories,STK,0
"BOLT, NUT & WASHER SET M24 X 240",Fittings Accesories,STK,0
"BOLT, NUT & WASHER SET M24 X 250",Fittings Accesories,STK,0
"BOLT, NUT & WASHER SET M27 X 150",Fittings Accesories,STK,0
THREAD TAPE ROLL,Fittings Accesories,STK,0
CPVC 90 DEGREE ELBOW 20MM,Fittings Accesories,STK,0
CPVC 90 DEGREE ELBOW 25MM,Fittings Accesories,STK,0
CPVC FITTING EQUAL TEE 90 DEGREE 25MM,Fittings Accesories,STK,0
CPVC FITTING BRASS FEMALE ELBOW 25X1/2INCH,Fittings Accesories,STK,0
CPVC FITTING BRASS MALE ADAPTOR 25X1/2INCH,Fittings Accesories,STK,0
CPVC FITTING BRASS MALE ELBOW 25X1/2INCH,Fittings Accesories,STK,0
CPVC PLAIN UNION 25MM 3/4INCH,Fittings Accesories,STK,0
CPVC WELD GLUE 473ML,Fittings Accesories,STK,0
20MM CPVC PIPE PN10,UPVC Pipe,STK,0
25MM CPVC PIPE PN10,UPVC Pipe,STK,0
DWC SADDLE CONNECTION INSERT DN250-160MM,DWC Fittings,STK,0
DWC SADDLE CONNECTION INSERT DN300-160MM,DWC Fittings,STK,0
DWC SADDLE CONNECTION INSERT DN400-160MM,DWC Fittings,STK,0
DWC JOINING TOOL - DN200 CLAMP SET,DWC Fittings,STK,0
DWC JOINING TOOL - DN300 CLAMP SET,DWC Fittings,STK,0
DWC JOINING TOOL - DN400 CLAMP SET,DWC Fittings,STK,0
DWC JOINING TOOL - DN600 CLAMP SET,DWC Fittings,STK,0
DWC JOINING TOOL - UNIVERSAL,DWC Fittings,STK,0
DWC SANIFLEX DN100 REPAIR COUPLER,DWC Fittings,STK,0
DWC SANIFLEX DN150 REPAIR COUPLER,DWC Fittings,STK,0
DWC SANIFLEX DN200 REPAIR COUPLER,DWC Fittings,STK,0
DWC SANIFLEX DN250 REPAIR COUPLER,DWC Fittings,STK,0
DWC SANIFLEX DN300 REPAIR COUPLER,DWC Fittings,STK,0
DWC SANIFLEX DN400 REPAIR COUPLER,DWC Fittings,STK,0
DWC SANIFLEX DN50 REPAIR COUPLER,DWC Fittings,STK,0
DWC SANIFLEX DN500 REPAIR COUPLER,DWC Fittings,STK,0
DWC SANIFLEX DN600 REPAIR COUPLER,DWC Fittings,STK,0
DWC SANIFLEX DN65 REPAIR COUPLER,DWC Fittings,STK,0
DWC SANIFLEX DN80 REPAIR COUPLER,DWC Fittings,STK,0
100MM DWC RUBBER RING,DWC Pipe,STK,0
150MM DWC RUBBER RING,DWC Pipe,STK,0
200MM DWC RUBBER RING,DWC Pipe,STK,0
250MM DWC RUBBER RING,DWC Pipe,STK,0
300MM DWC RUBBER RING,DWC Pipe,STK,0
400MM DWC RUBBER RING,DWC Pipe,STK,0
500MM DWC RUBBER RING,DWC Pipe,STK,0
600MM DWC RUBBER RING,DWC Pipe,STK,0
800MM DWC RUBBER RING,DWC Pipe,STK,0
DWC HOLESAW 110MM,DWC Fittings,STK,0
DWC HOLESAW 111MM,DWC Fittings,STK,0
DWC HOLESAW 160MM,DWC Fittings,STK,0
DWC HOLESAW 200MM,DWC Fittings,STK,0
DWC HOLESAW 25MM,DWC Fittings,STK,0
DWC HOLESAW 250MM,DWC Fittings,STK,0
DWC HOLESAW 315MM,DWC Fittings,STK,0
DWC HOLESAW 32MM,DWC Fittings,STK,0
DWC HOLESAW 40MM,DWC Fittings,STK,0
DWC HOLESAW 50MM,DWC Fittings,STK,0
DWC HOLESAW 51MM,DWC Fittings,STK,0
DWC HOLESAW 63MM,DWC Fittings,STK,0
DWC HOLESAW 75MM,DWC Fittings,STK,0
DWC HOLESAW 90MM,DWC Fittings,STK,0
DWC MANDREL FOR HOLESAW 111MM,DWC Fittings,STK,0
DWC MANDREL FOR HOLESAW 25MM,DWC Fittings,STK,0
DWC MANDREL FOR HOLESAW 32MM,DWC Fittings,STK,0
DWC MANDREL FOR HOLESAW 51MM,DWC Fittings,STK,0
ELECTRO FUSION WELDING,Joints,STK,0
0.5 INCH PN 25 WET DIAL PRESSURE GAUGE,Fittings Accesories,STK,0
CIRCULAR FISHCAGE 110MM - 6M DIAMETER,HDPE pipe,STK,0
CIRCULAR FISHCAGE 160MM - 6M DIAMETER,HDPE pipe,STK,0
SQUARE FISHCAGE 110MM - 6M SQUARE,HDPE pipe,STK,0
STEEL BLIND FLANGE 100MM PN16,Fittings Accesories,STK,0
STEEL BLIND FLANGE 125MM PN16,Fittings Accesories,STK,0
STEEL BLIND FLANGE 160MM PN16,Fittings Accesories,STK,0
STEEL BLIND FLANGE 315MM PN16,Flanges,STK,0
STEEL BLIND FLANGE 50MM PN16,Fittings Accesories,STK,0
STEEL BLIND FLANGE 560MM PN16,Fittings Accesories,STK,0
STEEL BLIND FLANGE 63MM PN16,Flanges,STK,0
STEEL BLIND FLANGE 65MM PN16,Fittings Accesories,STK,0
STEEL BLIND FLANGE 80MM PN16,Fittings Accesories,STK,0
PP COATED STEEL FLANGE 110MM PN16,Flanges,STK,0
PP COATED STEEL FLANGE 125MM PN16,Flanges,STK,0
PP COATED STEEL FLANGE 140MM PN16,Flanges,STK,0
PP COATED STEEL FLANGE 160MM PN16,Flanges,STK,0
PP COATED STEEL FLANGE 180MM PN16,Flanges,STK,0
PP COATED STEEL FLANGE 200MM/200MM PN16,Flanges,STK,0
PP COATED STEEL FLANGE 200MM/200MM PN10,Flanges,STK,0
PP COATED STEEL FLANGE 225MM/200MM PN16,Flanges,STK,0
PP COATED STEEL FLANGE 25MM PN16,Flanges,STK,0
PP COATED STEEL FLANGE 250MM/250MM PN16,Flanges,STK,0
PP COATED STEEL FLANGE 280MM/250MM PN16,Flanges,STK,0
PP COATED STEEL FLANGE 315MM/300MM PN16,Flanges,STK,0
PP COATED STEEL FLANGE 315MM/300MM PN10,Flanges,STK,0
PP COATED STEEL FLANGE 315MM/300MM PN20,Flanges,STK,0
PP COATED STEEL FLANGE 315MM/300MM PN25,Flanges,STK,0
PP COATED STEEL FLANGE 32MM PN16,Flanges,STK,0
PP COATED STEEL FLANGE 355MM/300MM PN16,Flanges,STK,0
PP COATED STEEL FLANGE 40MM PN16,Flanges,STK,0
PP COATED STEEL FLANGE 400MM/355MM PN16,Flanges,STK,0
PP COATED STEEL FLANGE 400MM/400MM PN16,Flanges,STK,0
PP COATED STEEL FLANGE 50MM PN16,Flanges,STK,0
PP COATED STEEL FLANGE 500MM PN16,Flanges,STK,0
PP COATED STEEL FLANGE 560MM PN16,Flanges,STK,0
PP COATED STEEL FLANGE 63MM PN16,Flanges,STK,0
PP COATED STEEL FLANGE 75MM PN16,Flanges,STK,0
PP COATED STEEL FLANGE 90MM PN16,Flanges,STK,0
PP COATED STEEL FLANGE 90MM PN25,Flanges,STK,0
STEEL FLANGE 110MM PN16,Fittings Accesories,STK,0
THREADED STEEL FLANGE 110MM PN16,Fittings Accesories,STK,0
STEEL FLANGE 125MM PN16,Flanges,STK,0
STEEL FLANGE 140MM PN16,Flanges,STK,0
STEEL FLANGE 160MM PN16,Fittings Accesories,STK,0
STEEL FLANGE 180MM PN16,Flanges,STK,0
STEEL FLANGE 200MM/200MM PN16,Flanges,STK,0
STEEL FLANGE 225MM/200MM PN16,Flanges,STK,0
STEEL FLANGE 250MM/250MM PN16,Flanges,STK,0
STEEL FLANGE 280MM/250MM PN16,Flanges,STK,0
STEEL FLANGE 315MM/300MM PN16,Flanges,STK,0
STEEL FLANGE 315MM/300MM PN20,Flanges,STK,0
STEEL FLANGE 315MM/300MM PN25,Flanges,STK,0
STEEL FLANGE 32MM PN16,Flanges,STK,0
STEEL FLANGE 355MM/300MM PN16,Flanges,STK,0
STEEL FLANGE 40MM PN16,Flanges,STK,0
STEEL FLANGE 40MM PN16 THREADED,Fittings Accesories,STK,0
STEEL FLANGE 400MM/355MM PN16,Flanges,STK,0
STEEL FLANGE 400MM/400MM PN16,Flanges,STK,0
STEEL FLANGE 450MM PN16,Flanges,STK,0
STEEL FLANGE 50MM PN16,Flanges,STK,0
STEEL FLANGE 50MM PN16 THREADED,Fittings Accesories,STK,0
STEEL FLANGE 500MM PN16,Flanges,STK,0
STEEL FLANGE 560MM PN16,Flanges,STK,0
STEEL FLANGE 63MM PN16,Flanges,STK,0
STEEL FLANGE 630MM PN16,Flanges,STK,0
THREADED STEEL FLANGE 65MM PN16,Fittings Accesories,STK,0
STEEL FLANGE 75MM PN16,Flanges,STK,0
STEEL FLANGE 90MM PN16,Flanges,STK,0
STEEL FLANGE 90MM PN16 THREADED,Fittings Accesories,STK,0
160mm Hurner Semi Automatic BF Machine,Joints,STK,0
315mm Hurner Semi Automatic BF Machine,Joints,STK,0
GASKET 100MM (4 INCH),Fittings Accesories,STK,0
GASKET 100MM (4 INCH) 3MM THICKNESS,Fittings Accesories,STK,0
GASKET 125MM (4.5 INCH) 5MM THICKNESS,Fittings Accesories,STK,0
GASKET 140MM (5 INCH),Fittings Accesories,STK,0
GASKET 150MM (6 INCH),Fittings Accesories,STK,0
GASKET 180MM (7 INCH),Fittings Accesories,STK,0
GASKET 20MM (0.75 INCH),Fittings Accesories,STK,0
GASKET 200MM  5MM THICKNESS,Fittings Accesories,STK,0
GASKET 200MM EPDM,Fittings Accesories,STK,0
GASKET 225MM (8 INCH) 5MM THICKNESS,Fittings Accesories,STK,0
GASKET 250MM (10 INCH) 3MM THICKNESS,Fittings Accesories,STK,0
GASKET 250MM (10 INCH) 5MM THICKNESS,Fittings Accesories,STK,0
GASKET 3MM (2 INCH),Fittings Accesories,STK,0
GASKET 3MM (3 INCH),Fittings Accesories,STK,0
GASKET 3MM (4 INCH),Fittings Accesories,STK,0
GASKET 3MM (6 INCH),Fittings Accesories,STK,0
GASKET 300MM EPDM,Fittings Accesories,STK,0
GASKET 315MM (12 INCH) 3MM THICKNESS,Fittings Accesories,STK,0
GASKET 32MM (1 INCH) 5MM THICKNESS,Fittings Accesories,STK,0
GASKET 355MM (14 INCH) 3MM THICKNESS,Fittings Accesories,STK,0
GASKET 40MM (11/4  INCH) 5MM THICKNESS,Fittings Accesories,STK,0
GASKET 400MM (16 INCH) 3MM THICKNESS,Fittings Accesories,STK,0
GASKET 450MM (18 INCH) 3MM THICKNESS,Fittings Accesories,STK,0
GASKET 450MM (18 INCH) 5MM THICKNESS,Fittings Accesories,STK,0
GASKET 50MM (2 INCH),Fittings Accesories,STK,0
GASKET 50MM (2 INCH) 5MM,Fittings Accesories,STK,0
GASKET 500MM (20 INCH) 3MM THICKNESS,Fittings Accesories,STK,0
GASKET 63MM (2  INCH) 5MM THICKNESS,Fittings Accesories,STK,0
GASKET 630MM (26 INCH) 3MM THICKNESS,Fittings Accesories,STK,0
GASKET 65MM (2.5 INCH),Fittings Accesories,STK,0
GASKET 75MM (2.5 INCH) 3MM THICKNESS,Fittings Accesories,STK,0
GASKET 75MM (2.5 INCH) 5MM THICKNESS,Fittings Accesories,STK,0
GASKET 80MM (3 INCH),Fittings Accesories,STK,0
C4400 GASKET 1200MM (48 INCH) X 3MM,Fittings Accesories,STK,0
C4400 GASKET 200MM (8 INCH) X 3MM,Fittings Accesories,STK,0
C4400 GASKET 300MM (12 INCH) X 3MM,Fittings Accesories,STK,0
C4400 GASKET 600MM (24 INCH) X 3MM,Fittings Accesories,STK,0
C4400 GASKET 800MM (32 INCH) X 3MM,Fittings Accesories,STK,0
MAXIFLEX GASKET 1200MM (48 INCH) X 4.5MM,Fittings Accesories,STK,0
MAXIFLEX GASKET 200MM (8 INCH) X 4.5MM,Fittings Accesories,STK,0
MAXIFLEX GASKET 300MM (12 INCH) X 4.5MM,Fittings Accesories,STK,0
MAXIFLEX GASKET 600MM (24 INCH) X 4.5MM,Fittings Accesories,STK,0
MAXIFLEX GASKET 800MM (32 INCH) X 4.5MM,Fittings Accesories,STK,0
GI PIPE EPOXY COAT DN150(6 INCH)CLASS B- 6M LENGTH,Fittings Accesories,STK,0
GI FITTING BACK NUT 11/5 INCH,Fittings Accesories,STK,0
GI FITTING BACK NUT 1/14 INCH,Fittings Accesories,STK,0
GI FITTING BACK NUT 1 INCH,Fittings Accesories,STK,0
GI FITTING BACK NUT 2 INCH,Fittings Accesories,STK,0
GI FITTING BACK NUT 3/4 INCH,Fittings Accesories,STK,0
STEEL BEND 90 DEGREE FEMALE - FEMALE 0.5 INCH,Fittings Accesories,STK,0
STEEL BEND 90 DEGREE FEMALE - FEMALE 0.75 INCH,Fittings Accesories,STK,0
STEEL BEND 90 DEGREE 3/4 INCH PLAIN,Fittings Accesories,STK,0
STEEL BEND 90 DEGREE FEMALE - FEMALE 1 1/4 INCH,Fittings Accesories,STK,0
STEEL BEND 90 DEGREE FEMALE - FEMALE 1 1/2 INCH,Fittings Accesories,STK,0
STEEL BEND 90 DEGREE FEMALE - FEMALE 1 INCH,Fittings Accesories,STK,0
STEEL BEND 1 INCH PLAIN SPIGOT,Fittings Accesories,STK,0
STEEL BEND 90 DEGREE FEMALE - FEMALE 2 1/2 INCH,Fittings Accesories,STK,0
STEEL BEND 90 DEGREE FEMALE - MALE 2 1/2 INCH,Fittings Accesories,STK,0
STEEL BEND 90 DEGREE MALE - MALE 2 1/2 INCH,Fittings Accesories,STK,0
STEEL BEND 90 DEGREE FEMALE - FEMALE 2 INCH,Fittings Accesories,STK,0
STEEL BEND 90 DEGREE MALE - FEMALE 2 INCH,Fittings Accesories,STK,0
STEEL BEND 3 INCH ALL FLANGED,Fittings Accesories,STK,0
STEEL BEND 90 DEGREE MALE - FEMALE 3 INCH,Fittings Accesories,STK,0
STEEL BEND 3 INCH PLAIN SPIGOT,Fittings Accesories,STK,0
STEEL BEND 90 DEGREE FEMALE - FEMALE 4 INCH,Fittings Accesories,STK,0
STEEL BEND 90 DEGREE FEMALE - FEMALE 4 INCH,Fittings Accesories,STK,0
STEEL BEND 90 DEGREE MALE - FEMALE 4 INCH,Fittings Accesories,STK,0
STEEL BEND 6 INCH ALL FLANGED,Flanges,STK,0
STEEL BEND 6 INCH PLAIN SPIGOT,Fittings Accesories,STK,0
STEEL BEND 6 INCH SINGLE FLANGED,Flanges,STK,0
STEEL BEND 90 DEGREE FEMALE - FEMALE 6 INCH,Fittings Accesories,STK,0
STEEL BEND 2 INCH 90 DEGREE FEMALE,Fittings Accesories,STK,0
STEEL BEND 2 INCH 90 DEGREE MALE,Fittings Accesories,STK,0
GI 11.25DEG BEND 200MM (4INCH),Fittings Accesories,STK,0
GI 11.25DEG BEND 200MM (8INCH),Fittings Accesories,STK,0
GI 11.25DEG BEND 250MM (10INCH),Fittings Accesories,STK,0
4 INCH DOUBLE FLANGED 45 DEG STEEL BEND,Fittings Accesories,STK,0
4 INCH 90DEG DOUBLE FLANGED STEEL BEND,Fittings Accesories,STK,0
GI FLANGED REDUCED BEND 90 DEG 6INCH X 4INCH,Fittings Accesories,STK,0
GI 4 INCH MALE-FEMALE BEND 90 DEG,Fittings Accesories,STK,0
GI BARREL NIPPLE 3/4 INCH LONG,Fittings Accesories,STK,0
GI BARREL NIPPLE 11/4 INCH lONG,Fittings Accesories,STK,0
GI BARREL NIPPLE 11/5 INCH lONG,Fittings Accesories,STK,0
GI BARREL NIPPLE 1 INCH lONG,Fittings Accesories,STK,0
GI BARREL NIPPLE 2.5 INCH lONG,Fittings Accesories,STK,0
GI BARREL NIPPLE 2 INCH lONG,Fittings Accesories,STK,0
GI BARREL NIPPLE 3 INCH lONG,Fittings Accesories,STK,0
GI BARREL NIPPLE 4 INCH LONG,Fittings Accesories,STK,0
GI CROSS TEE 3/4 INCH,Fittings Accesories,STK,0
STEEL ENDCAP 1/2 INCH PLAIN SPIGOT,Fittings Accesories,STK,0
STEEL ENDCAP 11/2 INCH THREADED,Fittings Accesories,STK,0
STEEL ENDCAP 1 INCH THREADED,Fittings Accesories,STK,0
GI STEEL ENDCAP 2 INCH MALE THREADED,Fittings Accesories,STK,0
GI STEEL ENDCAP 2 1/2 INCH MALE THREADED,Fittings Accesories,STK,0
STEEL ENDCAP 3 INCH THREADED,Fittings Accesories,STK,0
GI STEEL ENDCAP 8 INCH FEMALE THREADED,Fittings Accesories,STK,0
EPOXYCAOT STEEL ELBOW 45DEG 4 INCH ALL FLANGED,Fittings Accesories,STK,0
EPOXYCAOT STEEL ELBOW 45DEG 6 INCH ALL FLANGED,Fittings Accesories,STK,0
EPOXYCAOT STEEL ELBOW 90DEG 6 INCH ALL FLANGED,Fittings Accesories,STK,0
EPOXY STEEL 8 INCH FLANGED PIPE 0.4METER,GI/Steel Pipes,STK,0
EPOXY STEEL 8 INCH FLANGED PIPE 0.6METER,GI/Steel Pipes,STK,0
EPOXYCAOT STEEL FLANGED SADDLE 4X2,Fittings Accesories,STK,0
EPOXYCAOT STEEL FLANGED SADDLE 8X2,Fittings Accesories,STK,0
EPOXYCAOT STEEL REDUCER 10 INCH X8 INCH ALL FLANG,Fittings Accesories,STK,0
EPOXYCAOT STEEL REDUCER 3 INCH X2 INCH ALL FLANG,Fittings Accesories,STK,0
EPOXYCAOT STEEL REDUCER 2 INCH X2.5 INCH ALL FLANG,Fittings Accesories,STK,0
EPOXYCOAT STEEL REDUCER 500MM X 150MM ALL FLANGED,Fittings Accesories,STK,0
EPOXYCAOT STEEL REDUCER 6 INCH X 1.5INCH MID FLANG,Fittings Accesories,STK,0
EPOXYCAOT STEEL REDUCER 6 INCH X 4 INCH ALL FLANG,Fittings Accesories,STK,0
EPOXYCAOT STEEL REDUCER 8 INCH X 6 INCH ALL FLANG,Fittings Accesories,STK,0
EPOXYCAOT STEEL RED TEE 8 INCH X 6 INCH ALL FLANG,Fittings Accesories,STK,0
EPOXYCAOT STEEL ELBOW 8 INCH ALL FLANGED FITTING,Fittings Accesories,STK,0
EPOXYCAOT STEEL ELBOW 8 INCH SINGL FLANGED FITTING,Fittings Accesories,STK,0
EPOXYCOAT STEEL TEE 500MM ALL FLANGED FITTING,Fittings Accesories,STK,0
EPOXYCAOT STEEL TEE 8 INCH SPECIAL FITTING,Fittings Accesories,STK,0
GI NIPPLE 1/2 INCH,Fittings Accesories,STK,0
GI NIPPLE 3/4 INCH,Fittings Accesories,STK,0
GI NIPPLE 1 INCH,Fittings Accesories,STK,0
GI NIPPLE 1 1/4 INCH,Fittings Accesories,STK,0
GI NIPPLE 1 1/2 INCH,Fittings Accesories,STK,0
GI NIPPLE 2 INCH,Fittings Accesories,STK,0
GI NIPPLE 2 1/2 INCH,Fittings Accesories,STK,0
GI NIPPLE 3 INCH,Fittings Accesories,STK,0
GI NIPPLE 4 INCH,Fittings Accesories,STK,0
STEEL PLUG 1/2 INCH OUTSIDE THREAD,Fittings Accesories,STK,0
STEEL PLUG 3/4 INCH OUTSIDE THREAD,Fittings Accesories,STK,0
GI REDUCING SOCKET 1.5 INCH X 11/4 INCH,Fittings Accesories,STK,0
GI REDUCING SOCKET 3/4 INCH X 1/2 INCH,Fittings Accesories,STK,0
GI REDUCING SOCKET 6 INCH X 4 INCH,Fittings Accesories,STK,0
GI REDUCING BUSH 3/4 INCH X 1/2 INCH,Fittings Accesories,STK,0
GI REDUCING BUSH 1-1/4 INCH X 1/2 INCH,Fittings Accesories,STK,0
GI REDUCING BUSH 1-1/4 INCH X 3/4 INCH,Fittings Accesories,STK,0
GI REDUCING BUSH 1-1/4 INCH X 1 INCH,Fittings Accesories,STK,0
GI REDUCING BUSH 1 1/2 INCH X 1/2 INCH,Fittings Accesories,STK,0
GI REDUCING BUSH 1 1/2 INCH X 3/4 INCH,Fittings Accesories,STK,0
GI REDUCING BUSH 1-1/2 INCH X 1 INCH,Fittings Accesories,STK,0
GI REDUCING BUSH 1 1/2 INCH X 11/4 INCH,Fittings Accesories,STK,0
GI REDUCING BUSH 1 INCH X 1/2 INCH,Fittings Accesories,STK,0
GI REDUCING BUSH 1 INCH X 3/4 INCH,Fittings Accesories,STK,0
GI REDUCING BUSH 2 1/2 INCH X 1 INCH,Fittings Accesories,STK,0
GI REDUCING BUSH 2 1/2 INCH X 2 INCH,Fittings Accesories,STK,0
GI REDUCING BUSH 2 INCH X 3/4 INCH,Fittings Accesories,STK,0
GI REDUCING BUSH 2 INCH X 1 INCH,Fittings Accesories,STK,0
GI REDUCING BUSH 2 INCH X 1 1/4 INCH,Fittings Accesories,STK,0
GI REDUCING BUSH 2 INCH X 1 1/2 INCH,Fittings Accesories,STK,0
GI REDUCING BUSH 3INCH X 2INCH,Fittings Accesories,STK,0
GI REDUCING BUSH 3INCH X 2 1/2INCH,Fittings Accesories,STK,0
GI REDUCING BUSH 4INCH X 2 INCH,Fittings Accesories,STK,0
GI REDUCING BUSH 4INCH X 21/2 INCH,Fittings Accesories,STK,0
GI REDUCING BUSH 4INCH X 3INCH,Fittings Accesories,STK,0
STEEL REDUCING ELBOW 6 INCH X 4 INCH ALL FLANGED,Fittings Accesories,STK,0
GI REDUCING SOCKET 3/4 INCH X 1/2 INCH,Fittings Accesories,STK,0
GI REDUCING SOCKET 11/4 INCH X 1/2 INCH,Fittings Accesories,STK,0
GI REDUCING SOCKET 11/4 INCH X 3/4 INCH,Fittings Accesories,STK,0
GI REDUCING SOCKET 11/4 INCH X 1 INCH,Fittings Accesories,STK,0
GI REDUCING SOCKET 11/5 INCH X 3/4 INCH,Fittings Accesories,STK,0
GI REDUCING SOCKET 11/5 INCH X 1 INCH,Fittings Accesories,STK,0
GI REDUCING SOCKET 11/5 INCH X 11/4 INCH,Fittings Accesories,STK,0
GI REDUCING SOCKET 1 INCH X 1/2 INCH,Fittings Accesories,STK,0
GI REDUCING SOCKET 2 1/2 INCH X 1 1/2 INCH,Fittings Accesories,STK,0
GI REDUCING SOCKET 2 1/2 INCH X 2 INCH,Fittings Accesories,STK,0
GI REDUCING SOCKET 2 INCH X 3/4 INCH,Fittings Accesories,STK,0
GI REDUCING SOCKET 2 INCH X 1 INCH,Fittings Accesories,STK,0
GI REDUCING SOCKET 2 INCH X 11/4 INCH,Fittings Accesories,STK,0
GI REDUCING SOCKET 2 INCH X 1 1/2 INCH,Fittings Accesories,STK,0
GI REDUCING SOCKET 3 INCH X 2 INCH,Fittings Accesories,STK,0
GI REDUCING SOCKET 4 INCH X 3INCH,Fittings Accesories,STK,0
GI REDUCING SOCKET 3/4 INCH X 1/2 INCH,Fittings Accesories,STK,0
GI REDUCING SOCKET 1 INCH X 3/4 INCH,Fittings Accesories,STK,0
STEEL REDUCING TEE 2.5 INCH X 1.5 INCH ALL FLANGED,Fittings Accesories,STK,0
STEEL REDUCING TEE 4.5 INCH X 1.5 INCH ALL FLANGED,Fittings Accesories,STK,0
GI FITTING REDUCING TEE 4 INCH X 1.5 INCH,Fittings Accesories,STK,0
GI FITTING REDUCING TEE 4 INCH X 2 INCH,Fittings Accesories,STK,0
STEEL REDUCING TEE 6 INCH X 3 INCH ALL FLANGED,Fittings Accesories,STK,0
STEEL REDUCING TEE 6 INCH X 4 INCH ALL FLANGED,Fittings Accesories,STK,0
GI SADDLE 10 INCH X 3/4 INCH,Fittings Accesories,STK,0
GI SADDLE 10 INCH X 2 INCH FLANGED,Fittings Accesories,STK,0
GI SADDLE 11 INCH X 3/4 INCH,Fittings Accesories,STK,0
GI SADDLE 14 INCH X 2 INCH,Fittings Accesories,STK,0
GI SADDLE 14 INCH X 3 INCH,Fittings Accesories,STK,0
GI SADDLE 2 INCH X 1 INCH,Fittings Accesories,STK,0
GI SADDLE 3 INCH X 3/4 INCH,Fittings Accesories,STK,0
GI SADDLE 3 INCH X 1 INCH,Fittings Accesories,STK,0
GI SADDLE 3 INCH X 2 INCH,Fittings Accesories,STK,0
GI SADDLE 4 INCH X 2 INCH,Fittings Accesories,STK,0
GI SADDLE 6 INCH X 1 INCH,Fittings Accesories,STK,0
GI SADDLE 6 INCH X 2 INCH,Fittings Accesories,STK,0
STEEL PIPE 4.5 INCH SINGLE END FLANGED PIPE 1.2MTR,GI/Steel Pipes,STK,0
STEEL PIPE 4 INCH SINGLE END FLANGED PIPE 1.2MTR,GI/Steel Pipes,STK,0
GI SOCKET 1/2 INCH,Fittings Accesories,STK,0
GI SOCKET 3/4 INCH,Fittings Accesories,STK,0
GI SOCKET 1 INCH,Fittings Accesories,STK,0
GI SOCKET 1 1/2 INCH,Fittings Accesories,STK,0
GI SOCKET 11/4 INCH,Fittings Accesories,STK,0
GI SOCKET 2 INCH,Fittings Accesories,STK,0
GI SOCKET 2 1/2 INCH,Fittings Accesories,STK,0
GI SOCKET 3 INCH,Fittings Accesories,STK,0
GI SOCKET 4 INCH,Fittings Accesories,STK,0
GI FITTING STEEL FOOT VALVE 0.5INCH PN16,Fittings Accesories,STK,0
GI FITTING STEEL FOOT VALVE 0.75INCH PN16,Fittings Accesories,STK,0
GI FITTING STEEL FOOT VALVE 1INCH PN16,Fittings Accesories,STK,0
GI FITTING STEEL FOOT VALVE 4INCH PN16,Fittings Accesories,STK,0
TAP STAND FOR GI PIPE,Fittings Accesories,STK,0
GI TEE 1/2 INCH,Fittings Accesories,STK,0
GI TEE 3/4 INCH,Fittings Accesories,STK,0
GI TEE 1 INCH,Fittings Accesories,STK,0
GI TEE 1 1/4 INCH,Fittings Accesories,STK,0
GI TEE 1 1/2 INCH,Fittings Accesories,STK,0
GI TEE 2 INCH,Fittings Accesories,STK,0
GI EQUAL TEE 2.5 INCH,Fittings Accesories,STK,0
GI 4 INCH EQUAL TEE,Fittings Accesories,STK,0
GI FLANGED TEE 3 INCHES (90MM),Fittings Accesories,STK,0
GI TEE 4 INCH,Fittings Accesories,STK,0
GI 4 INCH FLANGED STEEL EQUAL TEE,Fittings Accesories,STK,0
STEEL TEE 6 INCH ALL FLANGED,Fittings Accesories,STK,0
GI UNION 1/2 INCH - FEMALE FEMALE,Fittings Accesories,STK,0
GI UNION 3/4 INCH - FEMALE FEMALE,Fittings Accesories,STK,0
GI UNION 1 1/2 INCH - FEMALE FEMALE,Fittings Accesories,STK,0
GI UNION 1 INCH - FEMALE FEMALE,Fittings Accesories,STK,0
GI UNION 11/4 INCH - FEMALE FEMALE,Fittings Accesories,STK,0
GI UNION 2 1/2 INCH - FEMALE FEMALE,Fittings Accesories,STK,0
GI UNION 2  INCH - FEMALE FEMALE,Fittings Accesories,STK,0
GI UNION 3 INCH - FEMALE FEMALE,Fittings Accesories,STK,0
GI UNION 4 INCH - FEMALE FEMALE,Fittings Accesories,STK,0
4 INCH STEEL FABRICATED FLANGED Y TEE,Fittings Accesories,STK,0
GI PIPE DN100 (4 INCH) CLASS B - 6M LENGTH,Fittings Accesories,STK,0
GI PIPE DN125 CLASS B - 6M LENGTH,Fittings Accesories,STK,0
GI PIPE DN 15 (0.5 INCH) CLASS B - 6M LENGTH,Fittings Accesories,STK,0
GI PIPE DN150 (6 INCH) CLASS B - 6M LENGTH,Fittings Accesories,STK,0
GI PIPE DN 20 (0.75 INCH) CLASS B - 6M LENGTH,Fittings Accesories,STK,0
GI PIPE DN200 CLASS B - 6M LENGTH,Fittings Accesories,STK,0
GI PIPE DN 25 (1 INCH) CLASS B - 6M LENGTH,Fittings Accesories,STK,0
GI PIPE DN 25 (1 INCH) CLASS B - 1M LENGTH,Fittings Accesories,STK,0
GI PIPE DN250 CLASS B - 6M LENGTH,Fittings Accesories,STK,0
GI PIPE DN 32 (11/4 INCH) CLASS B - 6M LENGTH,Fittings Accesories,STK,0
GI PIPE DN 32 (1.25 INCH) CLASS C - 6M LENGTH,Fittings Accesories,STK,0
GI PIPE DN 40 (1.5 INCH) CLASS B - 6M LENGTH,Fittings Accesories,STK,0
GI PIPE DN 50 (2 INCH) CLASS B - 6M LENGTH,Fittings Accesories,STK,0
GI PIPE DN 50 (2 INCH) CLASS C - 6M LENGTH,Fittings Accesories,STK,0
GI PIPE DN65 CLASS B - 6M LENGTH,Fittings Accesories,STK,0
GI PIPE DN65 CLASS C - 6M LENGTH,Fittings Accesories,STK,0
GI PIPE DN 80 (3 INCH) CLASS B - 6M LENGTH,Fittings Accesories,STK,0
HDPE PIPE WINDER 63MM TO 110MM PIPE,HDPE pipe,STK,0
3 LAYER PIPE EXTRUDER 20MM TO 110MM PIPE,HDPE pipe,STK,0
HDPE PIPE WINDER 20MM TO 63MM PIPE,HDPE pipe,STK,0
PIPE EXTRUDER 90MM TO 315MM PIPE,HDPE pipe,STK,0
DIE HEAD PIPE EXTRUDER 90MM TO 450MM PIPE,HDPE pipe,STK,0
110MM AQUAFLEX PN10 - 1M,HDPE pipe,STK,0
110MM AQUAFLEX PN10 - 11.8M,HDPE pipe,STK,0
110MM AQUAFLEX PN10 - 50M,HDPE pipe,STK,0
110MM AQUAFLEX PN10 - 6M,HDPE pipe,STK,0
110MM AQUAFLEX PN12.5 - 1M,HDPE pipe,STK,0
110MM AQUAFLEX PN12.5 - 11.8M,HDPE pipe,STK,0
110MM AQUAFLEX PN12.5 - 50M,HDPE pipe,STK,0
110MM AQUAFLEX PN16 - 1M,HDPE pipe,STK,0
110MM AQUAFLEX PN16 - 11.5M,HDPE pipe,STK,0
110MM AQUAFLEX PN16 - 11.8M,HDPE pipe,STK,0
110MM AQUAFLEX PN16 - 12M,HDPE pipe,STK,0
110MM AQUAFLEX PN16 - 50M,HDPE pipe,STK,0
110MM AQUAFLEX PN20 - 1M,HDPE pipe,STK,0
110MM AQUAFLEX PN20 - 11.8M,HDPE pipe,STK,0
110MM AQUAFLEX PN20 - 50M,HDPE pipe,STK,0
110MM AQUAFLEX PN25 - 1M,HDPE pipe,STK,0
110MM AQUAFLEX PN25 - 50M,HDPE pipe,STK,0
110MM AQUAFLEX PN25 - 6M,HDPE pipe,STK,0
110MM AQUAFLEX PN6 - 1M,HDPE pipe,STK,0
110MM AQUAFLEX PN6 - 50M,HDPE pipe,STK,0
110MM AQUAFLEX PN8 - 1M,HDPE pipe,STK,0
110MM AQUAFLEX PN8 - 50M,HDPE pipe,STK,0
125MM AQUAFLEX PN10 - 1M,HDPE pipe,STK,0
125MM AQUAFLEX PN10 - 11.8M,HDPE pipe,STK,0
125MM AQUAFLEX PN10 - 12M,HDPE pipe,STK,0
125MM AQUAFLEX PN10 - 6M,HDPE pipe,STK,0
125MM AQUAFLEX PN12.5 - 1M,HDPE pipe,STK,0
125MM AQUAFLEX PN12.5 - 11.8M,HDPE pipe,STK,0
125MM AQUAFLEX PN12.5 - 12M,HDPE pipe,STK,0
125MM AQUAFLEX PN12.5 - 6M,HDPE pipe,STK,0
125MM AQUAFLEX PN16 - 1M,HDPE pipe,STK,0
125MM AQUAFLEX PN16 - 11.8M,HDPE pipe,STK,0
125MM AQUAFLEX PN16 - 12M,HDPE pipe,STK,0
125MM AQUAFLEX PN16 - 6M,HDPE pipe,STK,0
125MM AQUAFLEX PN20 - 1M,HDPE pipe,STK,0
125MM AQUAFLEX PN20 - 11.8M,HDPE pipe,STK,0
125MM AQUAFLEX PN20 - 12M,HDPE pipe,STK,0
125MM AQUAFLEX PN20 - 6M,HDPE pipe,STK,0
125MM AQUAFLEX PN25 - 1M,HDPE pipe,STK,0
125MM AQUAFLEX PN25 - 12M,HDPE pipe,STK,0
125MM AQUAFLEX PN25 - 6M,HDPE pipe,STK,0
125MM AQUAFLEX PN6 - 1M,HDPE pipe,STK,0
125MM AQUAFLEX PN6 - 11.8M,HDPE pipe,STK,0
125MM AQUAFLEX PN6 - 12M,HDPE pipe,STK,0
125MM AQUAFLEX PN6 - 6M,HDPE pipe,STK,0
125MM AQUAFLEX PN8 - 1M,HDPE pipe,STK,0
125MM AQUAFLEX PN8 - 11.8M,HDPE pipe,STK,0
125MM AQUAFLEX PN8 - 12M,HDPE pipe,STK,0
125MM AQUAFLEX PN8 - 6M,HDPE pipe,STK,0
140MM AQUAFLEX PN10 - 1M,HDPE pipe,STK,0
140MM AQUAFLEX PN10 - 11.8M,HDPE pipe,STK,0
140MM AQUAFLEX PN10 - 12M,HDPE pipe,STK,0
140MM AQUAFLEX PN10 - 6M,HDPE pipe,STK,0
140MM AQUAFLEX PN12.5 - 1M,HDPE pipe,STK,0
140MM AQUAFLEX PN12.5 - 11.8M,HDPE pipe,STK,0
140MM AQUAFLEX PN12.5 - 12M,HDPE pipe,STK,0
140MM AQUAFLEX PN12.5 - 6M,HDPE pipe,STK,0
140MM AQUAFLEX PN16 - 1M,HDPE pipe,STK,0
140MM AQUAFLEX PN16 - 11.8M,HDPE pipe,STK,0
140MM AQUAFLEX PN16 - 12M,HDPE pipe,STK,0
140MM AQUAFLEX PN16 - 6M,HDPE pipe,STK,0
140MM AQUAFLEX PN20 - 1M,HDPE pipe,STK,0
140MM AQUAFLEX PN20 - 11.8M,HDPE pipe,STK,0
140MM AQUAFLEX PN20 - 12M,HDPE pipe,STK,0
140MM AQUAFLEX PN20 - 6M,HDPE pipe,STK,0
140MM AQUAFLEX PN25 - 1M,HDPE pipe,STK,0
140MM AQUAFLEX PN25 - 12M,HDPE pipe,STK,0
140MM AQUAFLEX PN6 - 1M,HDPE pipe,STK,0
140MM AQUAFLEX PN6 - 11.8M,HDPE pipe,STK,0
140MM AQUAFLEX PN6 - 12M,HDPE pipe,STK,0
140MM AQUAFLEX PN6 - 6M,HDPE pipe,STK,0
140MM AQUAFLEX PN8 - 1M,HDPE pipe,STK,0
140MM AQUAFLEX PN8 - 11.8M,HDPE pipe,STK,0
140MM AQUAFLEX PN8 - 12M,HDPE pipe,STK,0
140MM AQUAFLEX PN8 - 6M,HDPE pipe,STK,0
16MM AQUAFLEX PN10 - 1M,HDPE pipe,STK,0
16MM AQUAFLEX PN10 - 100M,HDPE pipe,STK,0
16MM AQUAFLEX PN12.5 - 100M,HDPE pipe,STK,0
16MM AQUAFLEX PN16 - 100M,HDPE pipe,STK,0
16MM AQUAFLEX PN20 - 100M,HDPE pipe,STK,0
16MM AQUAFLEX PN6 - 1M,HDPE pipe,STK,0
16MM AQUAFLEX PN6 - 100M,HDPE pipe,STK,0
16MM AQUAFLEX PN6 - 200M,HDPE pipe,STK,0
16MM AQUAFLEX PN8 - 100M,HDPE pipe,STK,0
160MM AQUAFLEX PN10 - 1M,HDPE pipe,STK,0
160MM AQUAFLEX PN10 - 11.8M,HDPE pipe,STK,0
160MM AQUAFLEX PN10 - 12M,HDPE pipe,STK,0
160MM AQUAFLEX PN10 - 14M,HDPE pipe,STK,0
160MM AQUAFLEX PN10 - 4M,HDPE pipe,STK,0
160MM AQUAFLEX PN10 - 6M,HDPE pipe,STK,0
160MM AQUAFLEX PN10 - 8M,HDPE pipe,STK,0
160MM AQUAFLEX PN12.5 - 1M,HDPE pipe,STK,0
160MM AQUAFLEX PN12.5 - 11.8M,HDPE pipe,STK,0
160MM AQUAFLEX PN12.5 - 12M,HDPE pipe,STK,0
160MM AQUAFLEX PN12.5 - 2M,HDPE pipe,STK,0
160MM AQUAFLEX PN12.5 - 6M,HDPE pipe,STK,0
160MM AQUAFLEX PN16 - 1M,HDPE pipe,STK,0
160MM AQUAFLEX PN16 - 11.8M,HDPE pipe,STK,0
160MM AQUAFLEX PN16 - 12M,HDPE pipe,STK,0
160MM AQUAFLEX PN16 - 6M,HDPE pipe,STK,0
160MM AQUAFLEX PN16 - 7M,HDPE pipe,STK,0
160MM AQUAFLEX PN20 - 1M,HDPE pipe,STK,0
160MM AQUAFLEX PN20 - 11.8M,HDPE pipe,STK,0
160MM AQUAFLEX PN20 - 12M,HDPE pipe,STK,0
160MM AQUAFLEX PN20 - 6M,HDPE pipe,STK,0
160MM AQUAFLEX PN25 - 1M,HDPE pipe,STK,0
160MM AQUAFLEX PN25 - 11.8M,HDPE pipe,STK,0
160MM AQUAFLEX PN25 - 12M,HDPE pipe,STK,0
160MM AQUAFLEX PN25 - 6 M,HDPE pipe,STK,0
160MM AQUAFLEX PN6 - 1M,HDPE pipe,STK,0
160MM AQUAFLEX PN6 - 11.8M,HDPE pipe,STK,0
160MM AQUAFLEX PN6 - 12M,HDPE pipe,STK,0
160MM AQUAFLEX PN6 - 6M,HDPE pipe,STK,0
160MM AQUAFLEX PN8 - 1M,HDPE pipe,STK,0
160MM AQUAFLEX PN8 - 11.8M,HDPE pipe,STK,0
160MM AQUAFLEX PN8 - 12M,HDPE pipe,STK,0
160MM AQUAFLEX PN8 - 6M,HDPE pipe,STK,0
160MM AQUAFLEX DRAIN (7.9MM WT) - 6M,HDPE pipe,STK,0
180MM AQUAFLEX PN10 - 1M,HDPE pipe,STK,0
180MM AQUAFLEX PN10 - 11.8M,HDPE pipe,STK,0
180MM AQUAFLEX PN10 - 12M,HDPE pipe,STK,0
180MM AQUAFLEX PN10 - 6M,HDPE pipe,STK,0
180MM AQUAFLEX PN12.5 - 1M,HDPE pipe,STK,0
180MM AQUAFLEX PN12.5 - 11.8M,HDPE pipe,STK,0
180MM AQUAFLEX PN12.5 - 12M,HDPE pipe,STK,0
180MM AQUAFLEX PN12.5 - 6M,HDPE pipe,STK,0
180MM AQUAFLEX PN16 - 1M,HDPE pipe,STK,0
180MM AQUAFLEX PN16 - 11.8M,HDPE pipe,STK,0
180MM AQUAFLEX PN16 - 12M,HDPE pipe,STK,0
180MM AQUAFLEX PN16 - 6M,HDPE pipe,STK,0
180MM AQUAFLEX PN20 - 11.8M,HDPE pipe,STK,0
180MM AQUAFLEX PN20 - 12M,HDPE pipe,STK,0
180MM AQUAFLEX PN20 - 6M,HDPE pipe,STK,0
180MM AQUAFLEX PN25 - 1M,HDPE pipe,STK,0
180MM AQUAFLEX PN25 - 12M,HDPE pipe,STK,0
180MM AQUAFLEX PN6 - 1M,HDPE pipe,STK,0
180MM AQUAFLEX PN6 - 11.8M,HDPE pipe,STK,0
180MM AQUAFLEX PN6 - 12M,HDPE pipe,STK,0
180MM AQUAFLEX PN6 - 6M,HDPE pipe,STK,0
180MM AQUAFLEX PN8 - 1M,HDPE pipe,STK,0
180MM AQUAFLEX PN8 - 11.8M,HDPE pipe,STK,0
180MM AQUAFLEX PN8 - 12M,HDPE pipe,STK,0
180MM AQUAFLEX PN8 - 6M,HDPE pipe,STK,0
20MM AQUAFLEX PN10 - 1M,HDPE pipe,STK,0
20MM AQUAFLEX PN10 - 100M,HDPE pipe,STK,0
20MM AQUAFLEX PN10 - 12M,HDPE pipe,STK,0
20MM AQUAFLEX PN10 - 50M,HDPE pipe,STK,0
20MM AQUAFLEX PN12.5 - 1M,HDPE pipe,STK,0
20MM AQUAFLEX PN12.5 - 100M,HDPE pipe,STK,0
20MM AQUAFLEX PN12.5 - 12M,HDPE pipe,STK,0
20MM AQUAFLEX PN16 - 1M,HDPE pipe,STK,0
20MM AQUAFLEX PN16 - 100M,HDPE pipe,STK,0
20MM AQUAFLEX PN20 - 1M,HDPE pipe,STK,0
20MM AQUAFLEX PN20 - 100M,HDPE pipe,STK,0
20MM AQUAFLEX PN6 - 1M,HDPE pipe,STK,0
20MM AQUAFLEX PN6 - 100M,HDPE pipe,STK,0
20MM AQUAFLEX PN8 - 1M,HDPE pipe,STK,0
20MM AQUAFLEX PN8 - 100M,HDPE pipe,STK,0
200MM AQUAFLEX PN10 - 1M,HDPE pipe,STK,0
200MM AQUAFLEX PN10 - 11.8M,HDPE pipe,STK,0
200MM AQUAFLEX PN10 - 12M,HDPE pipe,STK,0
200MM AQUAFLEX PN10 - 6M,HDPE pipe,STK,0
200MM AQUAFLEX PN12.5 - 1M,HDPE pipe,STK,0
200MM AQUAFLEX PN12.5 - 11.8M,HDPE pipe,STK,0
200MM AQUAFLEX PN12.5 - 12M,HDPE pipe,STK,0
200MM AQUAFLEX PN12.5 - 14M,HDPE pipe,STK,0
200MM AQUAFLEX PN12.5 - 5.8M,HDPE pipe,STK,0
200MM AQUAFLEX PN12.5 - 6M,HDPE pipe,STK,0
200MM AQUAFLEX PN16 - 1M,HDPE pipe,STK,0
200MM AQUAFLEX PN16 - 11.8M,HDPE pipe,STK,0
200MM AQUAFLEX PN16 - 12M,HDPE pipe,STK,0
200MM AQUAFLEX PN16 - 6M,HDPE pipe,STK,0
200MM AQUAFLEX PN20 - 1M,HDPE pipe,STK,0
200MM AQUAFLEX PN20 - 11.8M,HDPE pipe,STK,0
200MM AQUAFLEX PN20 - 12M,HDPE pipe,STK,0
200MM AQUAFLEX PN20 - 6M,HDPE pipe,STK,0
200MM AQUAFLEX PN25 - 1M,HDPE pipe,STK,0
200MM AQUAFLEX PN25 - 12M,HDPE pipe,STK,0
200MM AQUAFLEX PN25 - 6M,HDPE pipe,STK,0
200MM AQUAFLEX PN6 - 1M,HDPE pipe,STK,0
200MM AQUAFLEX PN6 - 11.8M,HDPE pipe,STK,0
200MM AQUAFLEX PN6 - 12M,HDPE pipe,STK,0
200MM AQUAFLEX PN6 - 14M,HDPE pipe,STK,0
200MM AQUAFLEX PN6 - 6M,HDPE pipe,STK,0
200MM AQUAFLEX PN8 - 1M,HDPE pipe,STK,0
200MM AQUAFLEX PN8 - 11.8M,HDPE pipe,STK,0
200MM AQUAFLEX PN8 - 12M,HDPE pipe,STK,0
200MM AQUAFLEX PN8 - 6M,HDPE pipe,STK,0
225MM AQUAFLEX PN10 - 1M,HDPE pipe,STK,0
225MM AQUAFLEX PN10 - 11.8M,HDPE pipe,STK,0
225MM AQUAFLEX PN10 - 12M,HDPE pipe,STK,0
225MM AQUAFLEX PN10 - 14M,HDPE pipe,STK,0
225MM AQUAFLEX PN10 - 6M,HDPE pipe,STK,0
225MM AQUAFLEX PN12.5 - 1M,HDPE pipe,STK,0
225MM AQUAFLEX PN12.5 - 11.8M,HDPE pipe,STK,0
225MM AQUAFLEX PN12.5 - 12M,HDPE pipe,STK,0
225MM AQUAFLEX PN12.5 - 6M,HDPE pipe,STK,0
225MM AQUAFLEX PN16 - 1M,HDPE pipe,STK,0
225MM AQUAFLEX PN16 - 11.8M,HDPE pipe,STK,0
225MM AQUAFLEX PN16 - 12M,HDPE pipe,STK,0
225MM AQUAFLEX PN16 - 6M,HDPE pipe,STK,0
225MM AQUAFLEX PN20 - 11.8M,HDPE pipe,STK,0
225MM AQUAFLEX PN20 - 12M,HDPE pipe,STK,0
225MM AQUAFLEX PN20 - 6M,HDPE pipe,STK,0
225MM AQUAFLEX PN25 - 1M,HDPE pipe,STK,0
225MM AQUAFLEX PN25 - 11.8M,HDPE pipe,STK,0
225MM AQUAFLEX PN25 - 12M,HDPE pipe,STK,0
225MM AQUAFLEX PN6 - 1M,HDPE pipe,STK,0
225MM AQUAFLEX PN6 - 11.8M,HDPE pipe,STK,0
225MM AQUAFLEX PN6 - 12M,HDPE pipe,STK,0
225MM AQUAFLEX PN6 - 6M,HDPE pipe,STK,0
225MM AQUAFLEX PN8 - 1M,HDPE pipe,STK,0
225MM AQUAFLEX PN8 - 11.8M,HDPE pipe,STK,0
225MM AQUAFLEX PN8 - 12M,HDPE pipe,STK,0
225MM AQUAFLEX PN8 - 6M,HDPE pipe,STK,0
225MM AQUAFLEX DRAIN (6MM WT) - 6M,HDPE pipe,STK,0
25MM AQUAFLEX PN10 - 1M,HDPE pipe,STK,0
25MM AQUAFLEX PN10 - 100M,HDPE pipe,STK,0
25MM AQUAFLEX PN10 - 11.8M,HDPE pipe,STK,0
25MM AQUAFLEX PN10 - 200M,HDPE pipe,STK,0
25MM AQUAFLEX PN10 - 50M,HDPE pipe,STK,0
25MM AQUAFLEX PN12.5 - 0.4M,HDPE pipe,STK,0
25MM AQUAFLEX PN12.5 - 1M,HDPE pipe,STK,0
25MM AQUAFLEX PN12.5 - 100M,HDPE pipe,STK,0
25MM AQUAFLEX PN16 - 1M,HDPE pipe,STK,0
25MM AQUAFLEX PN16 - 100M,HDPE pipe,STK,0
25MM AQUAFLEX PN16 - 160M,HDPE pipe,STK,0
25MM AQUAFLEX PN20 - 1M,HDPE pipe,STK,0
25MM AQUAFLEX PN20 - 100M,HDPE pipe,STK,0
25MM AQUAFLEX PN25 - 100M,HDPE pipe,STK,0
25MM AQUAFLEX PN6 - 1M,HDPE pipe,STK,0
25MM AQUAFLEX PN6 - 100M,HDPE pipe,STK,0
25MM AQUAFLEX PN8 - 1M,HDPE pipe,STK,0
25MM AQUAFLEX PN8 - 100M,HDPE pipe,STK,0
250MM AQUAFLEX PN10 - 1M,HDPE pipe,STK,0
250MM AQUAFLEX PN10 - 11.8M,HDPE pipe,STK,0
250MM AQUAFLEX PN10 - 12M,HDPE pipe,STK,0
250MM AQUAFLEX PN10 - 6M,HDPE pipe,STK,0
250MM AQUAFLEX PN12.5 - 1M,HDPE pipe,STK,0
250MM AQUAFLEX PN12.5 - 11.8M,HDPE pipe,STK,0
250MM AQUAFLEX PN12.5 - 12M,HDPE pipe,STK,0
250MM AQUAFLEX PN12.5 - 6M,HDPE pipe,STK,0
250MM AQUAFLEX PN16 - 1M,HDPE pipe,STK,0
250MM AQUAFLEX PN16 - 11.8M,HDPE pipe,STK,0
250MM AQUAFLEX PN16 - 12M,HDPE pipe,STK,0
250MM AQUAFLEX PN16 - 6M,HDPE pipe,STK,0
250MM AQUAFLEX PN20 - 1M,HDPE pipe,STK,0
250MM AQUAFLEX PN20 - 11.8M,HDPE pipe,STK,0
250MM AQUAFLEX PN20 - 12M,HDPE pipe,STK,0
250MM AQUAFLEX PN20 - 6M,HDPE pipe,STK,0
250MM AQUAFLEX PN25 - 1M,HDPE pipe,STK,0
250MM AQUAFLEX PN25 - 11.8M,HDPE pipe,STK,0
250MM AQUAFLEX PN25 - 12M,HDPE pipe,STK,0
250MM AQUAFLEX PN6 - 1M,HDPE pipe,STK,0
250MM AQUAFLEX PN6 - 11M,HDPE pipe,STK,0
250MM AQUAFLEX PN6 - 11.8M,HDPE pipe,STK,0
250MM AQUAFLEX PN6 - 12M,HDPE pipe,STK,0
250MM AQUAFLEX PN6 - 6M,HDPE pipe,STK,0
250MM AQUAFLEX PN8 - 1M,HDPE pipe,STK,0
250MM AQUAFLEX PN8 - 11.8M,HDPE pipe,STK,0
250MM AQUAFLEX PN8 - 12M,HDPE pipe,STK,0
250MM AQUAFLEX PN8 - 6M,HDPE pipe,STK,0
280MM AQUAFLEX PN10 - 1M,HDPE pipe,STK,0
280MM AQUAFLEX PN10 - 10M,HDPE pipe,STK,0
280MM AQUAFLEX PN10 - 11.8M,HDPE pipe,STK,0
280MM AQUAFLEX PN10 - 12M,HDPE pipe,STK,0
280MM AQUAFLEX PN10 - 14M,HDPE pipe,STK,0
280MM AQUAFLEX PN10 - 6M,HDPE pipe,STK,0
280MM AQUAFLEX PN12.5 - 1M,HDPE pipe,STK,0
280MM AQUAFLEX PN12.5 - 11.8M,HDPE pipe,STK,0
280MM AQUAFLEX PN12.5 - 12M,HDPE pipe,STK,0
280MM AQUAFLEX PN12.5 - 6M,HDPE pipe,STK,0
280MM AQUAFLEX PN16 - 1M,HDPE pipe,STK,0
280MM AQUAFLEX PN16 - 11.8M,HDPE pipe,STK,0
280MM AQUAFLEX PN16 - 12M,HDPE pipe,STK,0
280MM AQUAFLEX PN16 - 14M,HDPE pipe,STK,0
280MM AQUAFLEX PN16 - 6M,HDPE pipe,STK,0
280MM AQUAFLEX PN16 - 8M,HDPE pipe,STK,0
280MM AQUAFLEX PN20 - 11.8M,HDPE pipe,STK,0
280MM AQUAFLEX PN20 - 12M,HDPE pipe,STK,0
280MM AQUAFLEX PN20 - 6M,HDPE pipe,STK,0
280MM AQUAFLEX PN6 - 1M,HDPE pipe,STK,0
280MM AQUAFLEX PN6 - 11.8M,HDPE pipe,STK,0
280MM AQUAFLEX PN6 - 12M,HDPE pipe,STK,0
280MM AQUAFLEX PN6 - 6M,HDPE pipe,STK,0
280MM AQUAFLEX PN8 - 1M,HDPE pipe,STK,0
280MM AQUAFLEX PN8 - 11.8M,HDPE pipe,STK,0
280MM AQUAFLEX PN8 - 12M,HDPE pipe,STK,0
280MM AQUAFLEX PN8 - 6M,HDPE pipe,STK,0
300MM AQUAFLEX PN6 - 12M,HDPE pipe,STK,0
300MM AQUAFLEX PN6 - 8M,HDPE pipe,STK,0
315MM AQUAFLEX PN10 - 1M,HDPE pipe,STK,0
315MM AQUAFLEX PN10 - 11.8M,HDPE pipe,STK,0
315MM AQUAFLEX PN10 - 12M,HDPE pipe,STK,0
315MM AQUAFLEX PN10 - 6M,HDPE pipe,STK,0
315MM AQUAFLEX PN12.5 - 1M,HDPE pipe,STK,0
315MM AQUAFLEX PN12.5 - 11.8M,HDPE pipe,STK,0
315MM AQUAFLEX PN12.5 - 12M,HDPE pipe,STK,0
315MM AQUAFLEX PN12.5 - 14M,HDPE pipe,STK,0
315MM AQUAFLEX PN12.5 - 6M,HDPE pipe,STK,0
315MM AQUAFLEX PN16 - 1M,HDPE pipe,STK,0
315MM AQUAFLEX PN16 - 11.8M,HDPE pipe,STK,0
315MM AQUAFLEX PN16 - 12M,HDPE pipe,STK,0
315MM AQUAFLEX PN16 - 6M,HDPE pipe,STK,0
315MM AQUAFLEX PN20 - 1M,HDPE pipe,STK,0
315MM AQUAFLEX PN20 - 11.8M,HDPE pipe,STK,0
315MM AQUAFLEX PN20 - 12M,HDPE pipe,STK,0
315MM AQUAFLEX PN20 - 6M,HDPE pipe,STK,0
315MM AQUAFLEX PN25 - 1M,HDPE pipe,STK,0
315MM AQUAFLEX PN25 - 11.8M,HDPE pipe,STK,0
315MM AQUAFLEX PN25 - 12M,HDPE pipe,STK,0
315MM AQUAFLEX PN25 - 20M,HDPE pipe,STK,0
315MM AQUAFLEX PN25 - 6M,HDPE pipe,STK,0
315MM AQUAFLEX PN6 - 1M,HDPE pipe,STK,0
315MM AQUAFLEX PN6 - 11.8M,HDPE pipe,STK,0
315MM AQUAFLEX PN6 - 12M,HDPE pipe,STK,0
315MM AQUAFLEX PN6 - 6M,HDPE pipe,STK,0
315MM AQUAFLEX PN8 - 1M,HDPE pipe,STK,0
315MM AQUAFLEX PN8 - 11.8M,HDPE pipe,STK,0
315MM AQUAFLEX PN8 - 12M,HDPE pipe,STK,0
315MM AQUAFLEX PN8 - 6M,HDPE pipe,STK,0
32MM AQUAFLEX PN10 - 1M,HDPE pipe,STK,0
32MM AQUAFLEX PN10 - 100M,HDPE pipe,STK,0
32MM AQUAFLEX PN10 - 11.8M,HDPE pipe,STK,0
32MM AQUAFLEX PN10 - 50M,HDPE pipe,STK,0
32MM AQUAFLEX PN10 - 500M,HDPE pipe,STK,0
32MM AQUAFLEX PN12.5 - 1M,HDPE pipe,STK,0
32MM AQUAFLEX PN12.5 - 100M,HDPE pipe,STK,0
32MM AQUAFLEX PN16 - 1M,HDPE pipe,STK,0
32MM AQUAFLEX PN16 - 100M,HDPE pipe,STK,0
32MM AQUAFLEX PN16 - 11.8M,HDPE pipe,STK,0
32MM AQUAFLEX PN16 - 50M,HDPE pipe,STK,0
32MM AQUAFLEX PN20 - 1M,HDPE pipe,STK,0
32MM AQUAFLEX PN20 - 100M,HDPE pipe,STK,0
32MM AQUAFLEX PN25 - 1M,HDPE pipe,STK,0
32MM AQUAFLEX PN25 - 100M,HDPE pipe,STK,0
32MM AQUAFLEX PN4 - 100M,HDPE pipe,STK,0
32MM AQUAFLEX PN5 - 100M,HDPE pipe,STK,0
32MM AQUAFLEX PN6 - 1M,HDPE pipe,STK,0
32MM AQUAFLEX PN6 - 100M,HDPE pipe,STK,0
32MM AQUAFLEX PN6 - 200M,HDPE pipe,STK,0
32MM AQUAFLEX PN8 - 1M,HDPE pipe,STK,0
32MM AQUAFLEX PN8 - 100M,HDPE pipe,STK,0
32MM AQUAFLEX PN8 - 50M,HDPE pipe,STK,0
355MM AQUAFLEX PN10 - 1M,HDPE pipe,STK,0
355MM AQUAFLEX PN10 - 11.8M,HDPE pipe,STK,0
355MM AQUAFLEX PN10 - 12M,HDPE pipe,STK,0
355MM AQUAFLEX PN10 - 6M,HDPE pipe,STK,0
355MM AQUAFLEX PN12.5 - 1M,HDPE pipe,STK,0
355MM AQUAFLEX PN12.5 - 11.8M,HDPE pipe,STK,0
355MM AQUAFLEX PN12.5 - 12M,HDPE pipe,STK,0
355MM AQUAFLEX PN12.5 - 6M,HDPE pipe,STK,0
355MM AQUAFLEX PN16 - 1M,HDPE pipe,STK,0
355MM AQUAFLEX PN16 - 11.8M,HDPE pipe,STK,0
355MM AQUAFLEX PN16 - 12M,HDPE pipe,STK,0
355MM AQUAFLEX PN16 - 6M,HDPE pipe,STK,0
355MM AQUAFLEX PN20 - 1M,HDPE pipe,STK,0
355MM AQUAFLEX PN20 - 11.8M,HDPE pipe,STK,0
355MM AQUAFLEX PN20 - 12M,HDPE pipe,STK,0
355MM AQUAFLEX PN20 - 6M,HDPE pipe,STK,0
355MM AQUAFLEX PN25 - 1M,HDPE pipe,STK,0
355MM AQUAFLEX PN25 - 11.8M,HDPE pipe,STK,0
355MM AQUAFLEX PN6 - 1M,HDPE pipe,STK,0
355MM AQUAFLEX PN6 - 11.8M,HDPE pipe,STK,0
355MM AQUAFLEX PN6 - 12M,HDPE pipe,STK,0
355MM AQUAFLEX PN6 - 6M,HDPE pipe,STK,0
355MM AQUAFLEX PN8 - 1M,HDPE pipe,STK,0
355MM AQUAFLEX PN8 - 11.8M,HDPE pipe,STK,0
355MM AQUAFLEX PN8 - 12M,HDPE pipe,STK,0
355MM AQUAFLEX PN8 - 6M,HDPE pipe,STK,0
40MM AQUAFLEX PN10 - 1M,HDPE pipe,STK,0
40MM AQUAFLEX PN10 - 100M,HDPE pipe,STK,0
40MM AQUAFLEX PN10 - 11.8M,HDPE pipe,STK,0
40MM AQUAFLEX PN10 - 50M,HDPE pipe,STK,0
40MM AQUAFLEX PN12.5 - 1M,HDPE pipe,STK,0
40MM AQUAFLEX PN12.5 - 100M,HDPE pipe,STK,0
40MM AQUAFLEX PN16 - 1M,HDPE pipe,STK,0
40MM AQUAFLEX PN16 - 100M,HDPE pipe,STK,0
40MM AQUAFLEX PN16 - 11.8M,HDPE pipe,STK,0
40MM AQUAFLEX PN16 - 140M,HDPE pipe,STK,0
40MM AQUAFLEX PN20 - 1M,HDPE pipe,STK,0
40MM AQUAFLEX PN20 - 100M,HDPE pipe,STK,0
40MM AQUAFLEX PN20 - 250M,HDPE pipe,STK,0
40MM AQUAFLEX PN25 - 1M,HDPE pipe,STK,0
40MM AQUAFLEX PN25 - 100M,HDPE pipe,STK,0
40MM AQUAFLEX PN4 - 100M,HDPE pipe,STK,0
40MM AQUAFLEX PN5- 100M,HDPE pipe,STK,0
40MM AQUAFLEX PN6 - 1M,HDPE pipe,STK,0
40MM AQUAFLEX PN6 - 100M,HDPE pipe,STK,0
40MM AQUAFLEX PN8 - 1M,HDPE pipe,STK,0
40MM AQUAFLEX PN8 - 100M,HDPE pipe,STK,0
400MM AQUAFLEX PN10 - 1M,HDPE pipe,STK,0
400MM AQUAFLEX PN10 - 11.8M,HDPE pipe,STK,0
400MM AQUAFLEX PN10 - 12M,HDPE pipe,STK,0
400MM AQUAFLEX PN10 - 6M,HDPE pipe,STK,0
400MM AQUAFLEX PN12.5 - 1M,HDPE pipe,STK,0
400MM AQUAFLEX PN12.5 - 11.8M,HDPE pipe,STK,0
400MM AQUAFLEX PN12.5 - 12M,HDPE pipe,STK,0
400MM AQUAFLEX PN12.5 - 6M,HDPE pipe,STK,0
400MM AQUAFLEX PN16 - 1M,HDPE pipe,STK,0
400MM AQUAFLEX PN16 - 11.8M,HDPE pipe,STK,0
400MM AQUAFLEX PN16 - 12M,HDPE pipe,STK,0
400MM AQUAFLEX PN16 - 6M,HDPE pipe,STK,0
400MM AQUAFLEX PN20 - 11.8M,HDPE pipe,STK,0
400MM AQUAFLEX PN20 - 12M,HDPE pipe,STK,0
400MM AQUAFLEX PN20 - 6M,HDPE pipe,STK,0
400MM AQUAFLEX PN25 - 1M,HDPE pipe,STK,0
400MM AQUAFLEX PN25 - 11.8M,HDPE pipe,STK,0
400MM AQUAFLEX PN6 - 1M,HDPE pipe,STK,0
400MM AQUAFLEX PN6 - 11.8M,HDPE pipe,STK,0
400MM AQUAFLEX PN6 - 12M,HDPE pipe,STK,0
400MM AQUAFLEX PN6 - 6M,HDPE pipe,STK,0
400MM AQUAFLEX PN8 - 1M,HDPE pipe,STK,0
400MM AQUAFLEX PN8 - 11.8M,HDPE pipe,STK,0
400MM AQUAFLEX PN8 - 12M,HDPE pipe,STK,0
400MM AQUAFLEX PN8 - 6M,HDPE pipe,STK,0
450MM AQUAFLEX PN10 - 1M,HDPE pipe,STK,0
450MM AQUAFLEX PN10 - 11.8M,HDPE pipe,STK,0
450MM AQUAFLEX PN10 - 12M,HDPE pipe,STK,0
450MM AQUAFLEX PN10 - 6M,HDPE pipe,STK,0
450MM AQUAFLEX PN12.5 - 1M,HDPE pipe,STK,0
450MM AQUAFLEX PN12.5 - 11.8M,HDPE pipe,STK,0
450MM AQUAFLEX PN12.5 - 12M,HDPE pipe,STK,0
450MM AQUAFLEX PN16 - 1M,HDPE pipe,STK,0
450MM AQUAFLEX PN16 - 12M,HDPE pipe,STK,0
450MM AQUAFLEX PN25 - 1M,HDPE pipe,STK,0
450MM AQUAFLEX PN25 - 11.8M,HDPE pipe,STK,0
450MM AQUAFLEX PN6 - 12M,HDPE pipe,STK,0
450MM AQUAFLEX PN6 - 6M,HDPE pipe,STK,0
450MM AQUAFLEX PN8 - 1M,HDPE pipe,STK,0
450MM AQUAFLEX PN8 - 12M,HDPE pipe,STK,0
50MM AQUAFLEX PN10 - 1M,HDPE pipe,STK,0
50MM AQUAFLEX PN10 - 100M,HDPE pipe,STK,0
50MM AQUAFLEX PN10 - 11.8M,HDPE pipe,STK,0
50MM AQUAFLEX PN12.5 - 1M,HDPE pipe,STK,0
50MM AQUAFLEX PN12.5 - 100M,HDPE pipe,STK,0
50MM AQUAFLEX PN16 - 1M,HDPE pipe,STK,0
50MM AQUAFLEX PN16 - 100M,HDPE pipe,STK,0
50MM AQUAFLEX PN16 - 200M,HDPE pipe,STK,0
50MM AQUAFLEX PN20 - 1M,HDPE pipe,STK,0
50MM AQUAFLEX PN20 - 100M,HDPE pipe,STK,0
50MM AQUAFLEX PN25 - 1M,HDPE pipe,STK,0
50MM AQUAFLEX PN25 - 100M,HDPE pipe,STK,0
50MM AQUAFLEX PN4 - 100M,HDPE pipe,STK,0
50MM AQUAFLEX PN5 - 100M,HDPE pipe,STK,0
50MM AQUAFLEX PN6 - 1M,HDPE pipe,STK,0
50MM AQUAFLEX PN6 - 100M,HDPE pipe,STK,0
50MM AQUAFLEX PN8 - 1M,HDPE pipe,STK,0
50MM AQUAFLEX PN8 - 100M,HDPE pipe,STK,0
50MM AQUAFLEX PN8 - 200M,HDPE pipe,STK,0
500MM AQUAFLEX PN10 - 1M,HDPE pipe,STK,0
500MM AQUAFLEX PN10 - 11.8M,HDPE pipe,STK,0
500MM AQUAFLEX PN10 - 12M,HDPE pipe,STK,0
500MM AQUAFLEX PN10 - 6M,HDPE pipe,STK,0
500MM AQUAFLEX PN12.5 - 1M,HDPE pipe,STK,0
500MM AQUAFLEX PN12.5 - 11.8M,HDPE pipe,STK,0
500MM AQUAFLEX PN12.5 - 12M,HDPE pipe,STK,0
500MM AQUAFLEX PN16 - 1M,HDPE pipe,STK,0
500MM AQUAFLEX PN16 - 12M,HDPE pipe,STK,0
500MM AQUAFLEX PN16 - 6M,HDPE pipe,STK,0
500MM AQUAFLEX PN6 - 1M,HDPE pipe,STK,0
500MM AQUAFLEX PN6 - 12M,HDPE pipe,STK,0
560MM AQUAFLEX PN10 - 1M,HDPE pipe,STK,0
560MM AQUAFLEX PN10 - 12M,HDPE pipe,STK,0
560MM AQUAFLEX PN10 - 6M,HDPE pipe,STK,0
560MM AQUAFLEX PN12.5 - 1M,HDPE pipe,STK,0
560MM AQUAFLEX PN12.5 - 11.8M,HDPE pipe,STK,0
560MM AQUAFLEX PN12.5 - 12M,HDPE pipe,STK,0
560MM AQUAFLEX PN6 - 12M,HDPE pipe,STK,0
560MM AQUAFLEX PN8 - 1M,HDPE pipe,STK,0
560MM AQUAFLEX PN8 - 12M,HDPE pipe,STK,0
560MM AQUAFLEX PN8 - 6M,HDPE pipe,STK,0
63MM AQUAFLEX PN10 - 1M,HDPE pipe,STK,0
63MM AQUAFLEX PN10 - 100M,HDPE pipe,STK,0
63MM AQUAFLEX PN10 - 11.8M,HDPE pipe,STK,0
63MM AQUAFLEX PN10 - 200M,HDPE pipe,STK,0
63MM AQUAFLEX PN10 - 50M,HDPE pipe,STK,0
63MM AQUAFLEX PN12.5 - 1M,HDPE pipe,STK,0
63MM AQUAFLEX PN12.5 - 100M,HDPE pipe,STK,0
63MM AQUAFLEX PN16 - 1M,HDPE pipe,STK,0
63MM AQUAFLEX PN16 - 100M,HDPE pipe,STK,0
63MM AQUAFLEX PN16 - 50M,HDPE pipe,STK,0
63MM AQUAFLEX PN20 - 1M,HDPE pipe,STK,0
63MM AQUAFLEX PN20 - 100M,HDPE pipe,STK,0
63MM AQUAFLEX PN20 - 150M,HDPE pipe,STK,0
63MM AQUAFLEX PN20 - 50M,HDPE pipe,STK,0
63MM AQUAFLEX PN25 - 1M,HDPE pipe,STK,0
63MM AQUAFLEX PN25 - 100M,HDPE pipe,STK,0
63MM AQUAFLEX PN4 - 100M,HDPE pipe,STK,0
63MM AQUAFLEX PN5 - 100M,HDPE pipe,STK,0
63MM AQUAFLEX PN6 - 1M,HDPE pipe,STK,0
63MM AQUAFLEX PN6 - 100M,HDPE pipe,STK,0
63MM AQUAFLEX PN8 - 1M,HDPE pipe,STK,0
63MM AQUAFLEX PN8 - 100M,HDPE pipe,STK,0
630MM AQUAFLEX PN10 - 1M,HDPE pipe,STK,0
630MM AQUAFLEX PN10 - 11.8M,HDPE pipe,STK,0
630MM AQUAFLEX PN10 - 12M,HDPE pipe,STK,0
630MM AQUAFLEX PN10 - 6M,HDPE pipe,STK,0
630MM AQUAFLEX PN12.5 - 1M,HDPE pipe,STK,0
630MM AQUAFLEX PN12.5 - 11.8M,HDPE pipe,STK,0
630MM AQUAFLEX PN16 - 1M,HDPE pipe,STK,0
630MM AQUAFLEX PN16 - 12M,HDPE pipe,STK,0
630MM AQUAFLEX PN16 - 6M,HDPE pipe,STK,0
630MM AQUAFLEX PN6 - 1M,HDPE pipe,STK,0
630MM AQUAFLEX PN6 - 12M,HDPE pipe,STK,0
630MM AQUAFLEX PN8 - 1M,HDPE pipe,STK,0
630MM AQUAFLEX PN8 - 12M,HDPE pipe,STK,0
710MM AQUAFLEX PN10 - 1M,HDPE pipe,STK,0
710MM AQUAFLEX PN10 - 11.8M,HDPE pipe,STK,0
710MM AQUAFLEX PN10 - 12M,HDPE pipe,STK,0
710MM AQUAFLEX PN10 - 5.8M,HDPE pipe,STK,0
75MM AQUAFLEX PN10 - 1M,HDPE pipe,STK,0
75MM AQUAFLEX PN10 - 100M,HDPE pipe,STK,0
75MM AQUAFLEX PN10 - 11.8M,HDPE pipe,STK,0
75MM AQUAFLEX PN12.5 - 1M,HDPE pipe,STK,0
75MM AQUAFLEX PN12.5 - 100M,HDPE pipe,STK,0
75MM AQUAFLEX PN12.5 - 11.8M,HDPE pipe,STK,0
75MM AQUAFLEX PN16 - 1M,HDPE pipe,STK,0
75MM AQUAFLEX PN16 - 100M,HDPE pipe,STK,0
75MM AQUAFLEX PN16 - 11.8M,HDPE pipe,STK,0
75MM AQUAFLEX PN20 - 1M,HDPE pipe,STK,0
75MM AQUAFLEX PN20 - 100M,HDPE pipe,STK,0
75MM AQUAFLEX PN25 - 100M,HDPE pipe,STK,0
75MM AQUAFLEX PN6 - 1M,HDPE pipe,STK,0
75MM AQUAFLEX PN6 - 100M,HDPE pipe,STK,0
75MM AQUAFLEX PN8 - 1M,HDPE pipe,STK,0
75MM AQUAFLEX PN8 - 100M,HDPE pipe,STK,0
90MM AQUAFLEX PN10 - 1M,HDPE pipe,STK,0
90MM AQUAFLEX PN10 - 100M,HDPE pipe,STK,0
90MM AQUAFLEX PN10 - 11.8M,HDPE pipe,STK,0
90MM AQUAFLEX PN12.5 - 1M,HDPE pipe,STK,0
90MM AQUAFLEX PN12.5 - 100M,HDPE pipe,STK,0
90MM AQUAFLEX PN12.5 - 11.8M,HDPE pipe,STK,0
90MM AQUAFLEX PN16 - 1M,HDPE pipe,STK,0
90MM AQUAFLEX PN16 - 100M,HDPE pipe,STK,0
90MM AQUAFLEX PN16 - 150M,HDPE pipe,STK,0
90MM AQUAFLEX PN20 - 1M,HDPE pipe,STK,0
90MM AQUAFLEX PN20 - 100M,HDPE pipe,STK,0
90MM AQUAFLEX PN20 - 11.8M,HDPE pipe,STK,0
90MM AQUAFLEX PN25 - 1m,HDPE pipe,STK,0
90MM AQUAFLEX PN25 - 100M,HDPE pipe,STK,0
90MM AQUAFLEX PN25 - 11.8M,HDPE pipe,STK,0
90MM AQUAFLEX PN25 - 12M,HDPE pipe,STK,0
90MM AQUAFLEX PN6 - 1M,HDPE pipe,STK,0
90MM AQUAFLEX PN6 - 100M,HDPE pipe,STK,0
90MM AQUAFLEX PN8 - 1M,HDPE pipe,STK,0
90MM AQUAFLEX PN8 - 100M,HDPE pipe,STK,0
PIPE COOLING TOWER 300TR CAPACITY,HDPE pipe,STK,0
300MM ECOPOLE HDPE CASING,HDPE pipe,STK,0
300MM ECOPOLE HDPE CASING,HDPE pipe,STK,0
315MM ALL FLANGED EQUAL TEE 90ø PE100 SDR17 PN 10,HDPE Fittings,STK,0
315MM ALL FLANGED EQUALTEE 90ø PE100 SD13.6 PN12.5,HDPE Fittings,STK,0
315MM ALL FLANGED EQUALTEE 90ø PE100 SD11 PN16,HDPE Fittings,STK,0
315MM ALL FLANGED EQUALTEE 90ø PE100 SDR9 PN20,HDPE Fittings,STK,0
315MM ALL FLANGED EQUALTEE 90ø PE100 SDR7.4 PN25,HDPE Fittings,STK,0
315MM SWEEP BEND 90ø PE100 SDR7.4 PN 25 3D,HDPE Fittings,STK,0
160MM CROSS TEE 90ø PE100 SDR13.6 PN 12.5,HDPE Fittings,STK,0
110MM ELBOW 11ø PE100 SDR11 PN 16,HDPE Fittings,STK,0
125MM ELBOW 11ø PE100 SDR11 PN 16,HDPE Fittings,STK,0
140MM ELBOW 11ø PE100 SDR11 PN 16,HDPE Fittings,STK,0
160MM ELBOW 11ø PE100 SDR11 PN 16,HDPE Fittings,STK,0
180MM ELBOW 11ø PE100 SDR11 PN 16,HDPE Fittings,STK,0
200MM ELBOW 11ø PE100 SDR11 PN 16,HDPE Fittings,STK,0
225MM ELBOW 11ø PE100 SDR11 PN 16,HDPE Fittings,STK,0
250MM ELBOW 11ø PE100 SDR11 PN 16,HDPE Fittings,STK,0
280MM ELBOW 11ø PE100 SDR11 PN 16,HDPE Fittings,STK,0
315MM ELBOW 11ø PE100 SDR11 PN 16,HDPE Fittings,STK,0
315MM ELBOW 11ø PE100 SDR9  PN 20,HDPE Fittings,STK,0
315MM ELBOW 11ø PE100 SDR7.4  PN 25,HDPE Fittings,STK,0
350MM ELBOW 11ø PE100 SDR11 PN 16,HDPE Fittings,STK,0
400MM ELBOW 11ø PE100 SDR11 PN 16,HDPE Fittings,STK,0
90MM ELBOW 11ø PE100 SDR11 PN 16,HDPE Fittings,STK,0
110MM ELBOW 22ø PE100 SDR11 PN 16,HDPE Fittings,STK,0
125MM ELBOW 22ø PE100 SDR11 PN 16,HDPE Fittings,STK,0
140MM ELBOW 22ø PE100 SDR11 PN 16,HDPE Fittings,STK,0
160MM ELBOW 22ø PE100 SDR11 PN 16,HDPE Fittings,STK,0
180MM ELBOW 22ø PE100 SDR11 PN 16,HDPE Fittings,STK,0
200MM ELBOW 22ø PE100 SDR11 PN 16,HDPE Fittings,STK,0
225MM ELBOW 22ø PE100 SDR11 PN 16,HDPE Fittings,STK,0
250MM ELBOW 22ø PE100 SDR11 PN 16,HDPE Fittings,STK,0
280MM ELBOW 22ø PE100 SDR17 PN 10,HDPE Fittings,STK,0
280MM ELBOW 22ø PE100 SDR11 PN 16,HDPE Fittings,STK,0
315MM ELBOW 22ø PE100 SDR13.6 PN 12.5,HDPE Fittings,STK,0
315MM ELBOW 22ø PE100 SDR11 PN 16,HDPE Fittings,STK,0
315MM ELBOW 22ø PE100 SDR9  PN 20,HDPE Fittings,STK,0
315MM ELBOW 22ø PE100 SDR7.4  PN 25,HDPE Fittings,STK,0
355MM ELBOW 22ø PE100 SDR11 PN 16,HDPE Fittings,STK,0
400MM ELBOW 22ø PE100 SDR11 PN 16,HDPE Fittings,STK,0
500MM ELBOW 22ø PE100 SDR11 PN 16,HDPE Fittings,STK,0
90MM ELBOW 22ø PE100 SDR11 PN 16,HDPE Fittings,STK,0
110MM ELBOW 30ø PE100 SDR11 PN 16,HDPE Fittings,STK,0
125MM ELBOW 30ø PE100 SDR11 PN 16,HDPE Fittings,STK,0
140MM ELBOW 30ø PE100 SDR11 PN 16,HDPE Fittings,STK,0
160MM ELBOW 30ø PE100 SDR11 PN 16,HDPE Fittings,STK,0
180MM ELBOW 30ø PE100 SDR11 PN 16,HDPE Fittings,STK,0
200MM ELBOW 30ø PE100 SDR11 PN 16,HDPE Fittings,STK,0
225MM ELBOW 30ø PE100 SDR11 PN 16,HDPE Fittings,STK,0
250MM ELBOW 30ø PE100 SDR11 PN 16,HDPE Fittings,STK,0
280MM ELBOW 30ø PE100 SDR11 PN 16,HDPE Fittings,STK,0
315MM ELBOW 30ø PE100 SDR11 PN 16,HDPE Fittings,STK,0
355MM ELBOW 30ø PE100 SDR11 PN 16,HDPE Fittings,STK,0
400MM ELBOW 30ø PE100 SDR11 PN 16,HDPE Fittings,STK,0
500MM ELBOW 30ø PE100 SDR11 PN 16,HDPE Fittings,STK,0
90MM ELBOW 30ø PE100 SDR11 PN 16,HDPE Fittings,STK,0
110MM ELBOW 45ø PE100 SDR17 PN 10,HDPE Fittings,STK,0
110MM ELBOW 45ø PE100 SDR11 PN 16,HDPE Fittings,STK,0
110MM ELBOW 45ø PE100 SDR9 PN 20,HDPE Fittings,STK,0
110MM ELBOW 45ø PE100 SDR7.4 PN 25,HDPE Fittings,STK,0
125M ELBOW 45ø PE100 SDR17 PN 10,HDPE Fittings,STK,0
125M ELBOW 45ø PE100 SDR11 PN 16,HDPE Fittings,STK,0
125M ELBOW 45ø PE100 SDR9 PN 20,HDPE Fittings,STK,0
140MM ELBOW 45ø PE100 SDR17 PN 10,HDPE Fittings,STK,0
140MM ELBOW 45ø PE100 SDR11 PN 16,HDPE Fittings,STK,0
160MM ELBOW 45ø PE100 SDR17 PN 10,HDPE Fittings,STK,0
160MM ELBOW 45ø PE100 SDR11 PN 16,HDPE Fittings,STK,0
180MM ELBOW 45ø PE100 SDR11 PN 16,HDPE Fittings,STK,0
32MM ELBOW 45ø PE100 SDR11 PN 16,HDPE Fittings,STK,0
200MM ELBOW 45ø PE100 SDR17 PN 10,HDPE Fittings,STK,0
200MM ELBOW 45ø PE100 SDR11 PN 16,HDPE Fittings,STK,0
225MM ELBOW 45ø PE100 SDR11 PN 16,HDPE Fittings,STK,0
32MM ELBOW 45ø PE100 SDR11 PN 16,HDPE Fittings,STK,0
250MM ELBOW 45ø PE100 SDR17 PN 10,HDPE Fittings,STK,0
250MM ELBOW 45ø PE100 SDR11 PN 16,HDPE Fittings,STK,0
280MM ELBOW 45ø PE100 SDR17 PN 10,HDPE Fittings,STK,0
280MM ELBOW 45ø PE100 SDR11 PN 16,HDPE Fittings,STK,0
315MM ELBOW 45ø PE100 SDR17 PN 10,HDPE Fittings,STK,0
315MM ELBOW 45ø PE100 SDR13.6 PN 12.5,HDPE Fittings,STK,0
315MM ELBOW 45ø PE100 SDR11 PN 16,HDPE Fittings,STK,0
315MM ELBOW 45ø PE100 SDR9  PN 20,HDPE Fittings,STK,0
315MM ELBOW 45ø PE100 SDR7.4  PN 25,HDPE Fittings,STK,0
32MM ELBOW 45ø PE100 SDR11 PN 16,HDPE Fittings,STK,0
355MM ELBOW 45ø PE100 SDR11 PN 16,HDPE Fittings,STK,0
40MM ELBOW 45ø PE100 SDR11 PN 16,HDPE Fittings,STK,0
400MM ELBOW 45ø PE100 SDR17 PN 10,HDPE Fittings,STK,0
400MM ELBOW 45ø PE100 SDR11 PN 16,HDPE Fittings,STK,0
450MM ELBOW 45ø PE100 SDR11 PN 16,HDPE Fittings,STK,0
450MM ELBOW 45ø PE100 SDR7.4 PN 25,HDPE Fittings,STK,0
50MM ELBOW 45ø PE100 SDR17 PN 10,HDPE Fittings,STK,0
50MM ELBOW 45ø PE100 SDR11 PN 16,HDPE Fittings,STK,0
500MM ELBOW 45ø PE100 SDR17 PN 10,HDPE Fittings,STK,0
500MM ELBOW 45ø PE100 SDR11 PN 16,HDPE Fittings,STK,0
63MM ELBOW 45ø PE100 SDR17 PN 10,HDPE Fittings,STK,0
63MM ELBOW 45ø PE100 SDR11 PN 16,HDPE Fittings,STK,0
630MM ELBOW 45ø PE100 SDR17 PN 10,HDPE Fittings,STK,0
75MM ELBOW 45ø PE100 SDR17 PN 10,HDPE Fittings,STK,0
75MM ELBOW 45ø PE100 SDR11 PN 16,HDPE Fittings,STK,0
90MM ELBOW 45ø PE100 SDR17 PN 10,HDPE Fittings,STK,0
90MM ELBOW 45ø PE100 SDR11 PN 16,HDPE Fittings,STK,0
110MM ELBOW 60ø PE100 SDR11 PN 16,HDPE Fittings,STK,0
125MM ELBOW 60ø PE100 SDR11 PN 16,HDPE Fittings,STK,0
140MM ELBOW 60ø PE100 SDR11 PN 16,HDPE Fittings,STK,0
160MM ELBOW 60ø PE100 SDR11 PN 16,HDPE Fittings,STK,0
180MM ELBOW 60ø PE100 SDR17 PN 10,HDPE Fittings,STK,0
180MM ELBOW 60ø PE100 SDR11 PN 16,HDPE Fittings,STK,0
200MM ELBOW 60ø PE100 SDR11 PN 16,HDPE Fittings,STK,0
225MM ELBOW 60ø PE100 SDR11 PN 16,HDPE Fittings,STK,0
250MM ELBOW 60ø PE100 SDR11 PN 16,HDPE Fittings,STK,0
280MM ELBOW 60ø PE100 SDR11 PN 16,HDPE Fittings,STK,0
315MM ELBOW 60ø PE100 SDR11 PN 16,HDPE Fittings,STK,0
355MM ELBOW 60ø PE100 SDR11 PN 16,HDPE Fittings,STK,0
400MM ELBOW 60ø PE100 SDR11 PN 16,HDPE Fittings,STK,0
90MM ELBOW 60ø PE100 SDR11 PN 16,HDPE Fittings,STK,0
110MM ELBOW 90ø PE100 SDR17 PN 10,HDPE Fittings,STK,0
110MM ELBOW 90ø PE100 SDR11 PN 16,HDPE Fittings,STK,0
125MM ELBOW 90ø PE100 SDR17 PN 10,HDPE Fittings,STK,0
125MM ELBOW 90ø PE100 SDR11 PN 16,HDPE Fittings,STK,0
140MM ELBOW 90ø PE100 SDR17 PN 10,HDPE Fittings,STK,0
140MM ELBOW 90ø PE100 SDR11 PN 16,HDPE Fittings,STK,0
160MM ELBOW 90ø PE100 SDR17 PN 10,HDPE Fittings,STK,0
160MM ELBOW 90ø PE100 SDR11 PN 16,HDPE Fittings,STK,0
180MM ELBOW 90ø PE100 SDR17 PN 10,HDPE Fittings,STK,0
180MM ELBOW 90ø PE100 SDR11 PN 16,HDPE Fittings,STK,0
20MM ELBOW 90ø PE100 SDR11 PN 16,HDPE Fittings,STK,0
200MM ELBOW 90ø PE100 SDR17 PN 10,HDPE Fittings,STK,0
200MM ELBOW 90ø PE100 SDR11 PN 16,HDPE Fittings,STK,0
225MM ELBOW 90ø PE100 SDR17 PN 10,HDPE Fittings,STK,0
225MM ELBOW 90ø PE100 SDR11 PN 16,HDPE Fittings,STK,0
25MM ELBOW 90ø PE100 SDR11 PN 16,HDPE Fittings,STK,0
250MM ELBOW 90ø PE100 SDR11 PN 16,HDPE Fittings,STK,0
280MM ELBOW 90ø PE100 SDR17 PN 10,HDPE Fittings,STK,0
280MM ELBOW 90ø PE100 SDR11 PN 16,HDPE Fittings,STK,0
315MM ELBOW 90ø PE100 SDR17 PN 10,HDPE Fittings,STK,0
315MM ELBOW 90ø PE100 SDR11 PN 16,HDPE Fittings,STK,0
32MM ELBOW 90ø PE100 SDR17 PN 10,HDPE Fittings,STK,0
32MM ELBOW 90ø PE100 SDR11 PN 16,HDPE Fittings,STK,0
355MM ELBOW 90ø PE100 SDR11 PN 16,HDPE Fittings,STK,0
40MM ELBOW 90ø PE100 SDR11 PN 16,HDPE Fittings,STK,0
400MM ELBOW 90ø PE100 SDR11 PN 16,HDPE Fittings,STK,0
450MM ELBOW 90ø PE100 SDR13.6 PN 12.5,HDPE Fittings,STK,0
450MM ELBOW 90ø PE100 SDR11 PN 16,HDPE Fittings,STK,0
450MM ELBOW 90ø PE100 SDR7.4 PN 25,HDPE Fittings,STK,0
50MM ELBOW 90ø PE100 SDR17 PN 10,HDPE Fittings,STK,0
50MM ELBOW 90ø PE100 SDR11 PN 16,HDPE Fittings,STK,0
560MM ELBOW 90ø PE100 SDR11 PN 16,HDPE Fittings,STK,0
63MM ELBOW 90ø PE100 SDR17 PN 10,HDPE Fittings,STK,0
63MM ELBOW 90ø PE100 SDR11 PN 16,HDPE Fittings,STK,0
630MM ELBOW 90ø PE100 SDR17 PN 10,HDPE Fittings,STK,0
630MM ELBOW 90ø PE100 SDR11 PN 16,HDPE Fittings,STK,0
75MM ELBOW 90ø PE100 SDR17 PN 10,HDPE Fittings,STK,0
75MM ELBOW 90ø PE100 SDR11 PN 16,HDPE Fittings,STK,0
90MM ELBOW 90ø PE100 SDR17 PN 10,HDPE Fittings,STK,0
90MM ELBOW 90ø PE100 SDR11 PN 16,HDPE Fittings,STK,0
90MM ELBOW 90ø PE100 SDR9 PN 20,HDPE Fittings,STK,0
110MM END CAP PE100 SDR11 PN 16,HDPE Fittings,STK,0
125MM END CAP PE100 SDR17 PN 10,HDPE Fittings,STK,0
125MM END CAP PE100 SDR11 PN 16,HDPE Fittings,STK,0
140MM END CAP PE100 SDR11 PN 16,HDPE Fittings,STK,0
160MM END CAP PE100 SDR11 PN 16,HDPE Fittings,STK,0
180MM END CAP PE100 SDR11 PN 16,HDPE Fittings,STK,0
20MM END CAP PE100 SDR11 PN 16,HDPE Fittings,STK,0
200MM END CAP PE100 SDR11 PN 16,HDPE Fittings,STK,0
225MM END CAP PE100 SDR11 PN 16,HDPE Fittings,STK,0
25MM END CAP PE100 SDR11 PN 16,HDPE Fittings,STK,0
250MM END CAP PE100 SDR11 PN 16,HDPE Fittings,STK,0
280MM END CAP PE100 SDR11 PN 16,HDPE Fittings,STK,0
315MM END CAP PE100 SDR11 PN 16,HDPE Fittings,STK,0
32MM END CAP PE100 SDR11 PN 16,HDPE Fittings,STK,0
40MM END CAP PE100 SDR11 PN 16,HDPE Fittings,STK,0
400MM END CAP PE100 SDR11 PN 16,HDPE Fittings,STK,0
50MM END CAP PE100 SDR11 PN 16,HDPE Fittings,STK,0
63MM END CAP PE100 SDR17 PN 10,HDPE Fittings,STK,0
63MM END CAP PE100 SDR11 PN 16,HDPE Fittings,STK,0
75MM END CAP PE100 SDR11 PN 16,HDPE Fittings,STK,0
90MM END CAP PE100 SDR17 PN 10,HDPE Fittings,STK,0
90MM END CAP PE100 SDR11 PN 16,HDPE Fittings,STK,0
110MM B/F END CAP PN 10,HDPE Fittings,STK,0
110MM B/F END CAP PN 16,HDPE Fittings,STK,0
140MM B/F END CAP PN 10,HDPE Fittings,STK,0
140MM B/F END CAP PN 16,HDPE Fittings,STK,0
160MM B/F END CAP PN 10,HDPE Fittings,STK,0
160MM B/F END CAP PN 16,HDPE Fittings,STK,0
180MM B/F END CAP PN 10,HDPE Fittings,STK,0
200MM B/F END CAP PN 10,HDPE Fittings,STK,0
225MM B/F END CAP PN 16,HDPE Fittings,STK,0
400MM B/F END CAP PN 16,HDPE Fittings,STK,0
630MM B/F END CAP PN 10,HDPE Fittings,STK,0
110MM EQUAL TEE 45ø PE100 SDR17 PN 10,HDPE Fittings,STK,0
110MM EQUAL TEE 45ø PE100 SDR11 PN 16,HDPE Fittings,STK,0
125MM EQUAL TEE 45ø PE100 SDR11 PN 16,HDPE Fittings,STK,0
160MM EQUAL TEE 45ø PE100 SDR17 PN 10,HDPE Fittings,STK,0
160MM EQUAL TEE 45ø PE100 SDR11 PN 16,HDPE Fittings,STK,0
160MM EQUAL TEE 45ø PE100 SDR21 PN 6,HDPE Fittings,STK,0
180MM EQUAL TEE 45ø PE100 SDR11 PN 16,HDPE Fittings,STK,0
200MM EQUAL TEE 45ø PE100 SDR11 PN 16,HDPE Fittings,STK,0
225MM EQUAL TEE 45ø PE100 SDR11 PN 16,HDPE Fittings,STK,0
250MM EQUAL TEE 45ø PE100 SDR11 PN 16,HDPE Fittings,STK,0
50MM EQUAL TEE 45ø PE100 SDR17 PN 10,HDPE Fittings,STK,0
50MM EQUAL TEE 45ø PE100 SDR11 PN 16,HDPE Fittings,STK,0
63MM EQUAL TEE 45ø PE100 SDR11 PN 16,HDPE Fittings,STK,0
75MM EQUAL TEE 45ø PE100 SDR17 PN 10,HDPE Fittings,STK,0
75MM EQUAL TEE 45ø PE100 SDR11 PN 16,HDPE Fittings,STK,0
90MM EQUAL TEE 45ø PE100 SDR11 PN 16,HDPE Fittings,STK,0
110MM EQUAL TEE 90ø PE100 SDR17 PN 10,HDPE Fittings,STK,0
110MM EQUAL TEE 90ø PE100 SDR11 PN 16,HDPE Fittings,STK,0
125MM EQUAL TEE 90ø PE100 SDR17 PN 10,HDPE Fittings,STK,0
125MM EQUAL TEE 90ø PE100 SDR11 PN 16,HDPE Fittings,STK,0
140MM EQUAL TEE 90ø PE100 SDR17 PN 10,HDPE Fittings,STK,0
140MM EQUAL TEE 90ø PE100 SDR11 PN 16,HDPE Fittings,STK,0
160MM EQUAL TEE 90ø PE100 SDR17 PN 10,HDPE Fittings,STK,0
160MM EQUAL TEE 90ø PE100 SDR11 PN 16,HDPE Fittings,STK,0
180MM EQUAL TEE 90ø PE100 SDR11 PN 16,HDPE Fittings,STK,0
20MM EQUAL TEE 90ø PE100 SDR11 PN 16,HDPE Fittings,STK,0
200MM EQUAL TEE 90ø PE100 SDR17 PN 10,HDPE Fittings,STK,0
200MM EQUAL TEE 90ø PE100 SDR11 PN 16,HDPE Fittings,STK,0
225MM EQUAL TEE 90ø PE100 SDR11 PN 16,HDPE Fittings,STK,0
25MM EQUAL TEE 90ø PE100 SDR11 PN 16,HDPE Fittings,STK,0
250MM EQUAL TEE 90ø PE100 SDR11 PN 16,HDPE Fittings,STK,0
280MM EQUAL TEE 90ø PE100 SDR11 PN 16,HDPE Fittings,STK,0
315MM EQUAL TEE 90ø PE100 SDR17 PN 10,HDPE Fittings,STK,0
315MM EQUAL TEE 90ø PE100 SDR13.6 PN 12.5,HDPE Fittings,STK,0
315MM EQUAL TEE 90ø PE100 SDR11 PN 16,HDPE Fittings,STK,0
315MM EQUAL TEE 90ø PE100 SDR9 PN 20,HDPE Fittings,STK,0
315MM EQUAL TEE 90ø PE100 SDR7.4 PN 25,HDPE Fittings,STK,0
32MM EQUAL TEE 90ø PE100 SDR11 PN 16,HDPE Fittings,STK,0
355MM EQUAL TEE 90ø PE100 SDR11 PN 16,HDPE Fittings,STK,0
40MM EQUAL TEE 90ø PE100 SDR11 PN 16,HDPE Fittings,STK,0
400MM EQUAL TEE 90ø PE100 SDR17 PN 10,HDPE Fittings,STK,0
400MM EQUAL TEE 90ø PE100 SDR11 PN 16,HDPE Fittings,STK,0
450MM EQUAL TEE 90ø PE100 SDR11 PN 16,HDPE Fittings,STK,0
50MM EQUAL TEE 90ø PE100 SDR17 PN 10,HDPE Fittings,STK,0
50MM EQUAL TEE 90ø PE100 SDR11 PN 16,HDPE Fittings,STK,0
500MM EQUAL TEE 90ø PE100 SDR11 PN 16,HDPE Fittings,STK,0
560MM EQUAL TEE 90ø PE100 SDR11 PN 16,HDPE Fittings,STK,0
63MM EQUAL TEE 90ø PE100 SDR17 PN 10,HDPE Fittings,STK,0
63MM EQUAL TEE 90ø PE100 SDR11 PN 16,HDPE Fittings,STK,0
630MM EQUAL TEE 90ø PE100 SDR17 PN 10,HDPE Fittings,STK,0
630MM EQUAL TEE 90ø PE100 SDR11 PN 16,HDPE Fittings,STK,0
75MM EQUAL TEE 90ø PE100 SDR17 PN 10,HDPE Fittings,STK,0
75MM EQUAL TEE 90ø PE100 SDR11 PN 16,HDPE Fittings,STK,0
90MM EQUAL TEE 90ø PE100 SDR17 PN 10,HDPE Fittings,STK,0
90MM EQUAL TEE 90ø PE100 SDR11 PN 16,HDPE Fittings,STK,0
110MM FABRICATED CROSS TEE 90 DEGREES PN 16,HDPE Fittings,STK,0
HDPE 200MM CROSS TEE 90 DEG SDR11 (PN16),HDPE Fittings,STK,0
HDPE 250MM CROSS TEE 90 DEG SDR11 (PN16),HDPE Fittings,STK,0
110MM FABRICATION ELBOW 11ø PE100 SDR11 PN 16,HDPE Fittings,STK,0
140MM FABRICATION ELBOW 11ø PE100 SDR11 PN 16,HDPE Fittings,STK,0
160MM FABRICATION ELBOW 11ø PE100 SDR11 PN 16,HDPE Fittings,STK,0
140MM FABRICATION ELBOW 22ø PE100 SDR11 PN 16,HDPE Fittings,STK,0
140MM FABRICATION ELBOW 22ø PE100 SDR9 PN 20,HDPE Fittings,STK,0
160MM FABRICATION ELBOW 22ø PE100 SDR17 PN 10,HDPE Fittings,STK,0
160MM FABRICATION ELBOW 22ø PE100 SDR11 PN 16,HDPE Fittings,STK,0
140MM FABRICATION ELBOW 45ø PE100 SDR11 PN 16,HDPE Fittings,STK,0
140MM FABRICATION ELBOW 45ø PE100 SDR9 PN 20,HDPE Fittings,STK,0
160MM FABRICATION ELBOW 45ø PE100 SDR11 PN 16,HDPE Fittings,STK,0
355MM FABRICATION ELBOW 45ø PE100 SDR11 PN 16,HDPE Fittings,STK,0
355MM FABRICATION ELBOW 45ø PE100 SDR13.6 PN 12.5,HDPE Fittings,STK,0
125MM FABRICATION ELBOW 90ø PE100 SDR17 PN 10,HDPE Fittings,STK,0
140MM FABRICATION ELBOW 90ø PE100 SDR17 PN 10,HDPE Fittings,STK,0
140MM FABRICATION ELBOW 90ø PE100 SDR11 PN 16,HDPE Fittings,STK,0
140MM FABRICATION ELBOW 90ø PE100 SDR9 PN 20,HDPE Fittings,STK,0
160MM FABRICATION ELBOW 90ø PE100 SDR13.6 PN 12.5,HDPE Fittings,STK,0
225MM FABRICATION ELBOW 90ø PE100 SDR17 PN 10,HDPE Fittings,STK,0
355MM FABRICATION ELBOW 90ø PE100 SDR13.6 PN 12.5,HDPE Fittings,STK,0
160MM FABRICAT CROSS TEE 90ø PE100 SDR13.6 PN 12.5,HDPE Fittings,STK,0
110MM FAB ELBOW 11.25  PE100 SDR11,HDPE Fittings,STK,0
200MM FAB ELBOW 11.25  PE100 SDR11,HDPE Fittings,STK,0
250MM FAB ELBOW 11.25  PE100 SDR11,HDPE Fittings,STK,0
400MM FAB ELBOW 11.25  PE100 SDR11,HDPE Fittings,STK,0
160MM FAB ELBOW 11 PE100 SDR11,HDPE Fittings,STK,0
160MM FAB ELBOW 11 PE100 SDR13.6,HDPE Fittings,STK,0
315MM FAB ELBOW 11.25 PE100 SDR11,HDPE Fittings,STK,0
315MM FAB ELBOW 11.25 PE100 SDR13.6,HDPE Fittings,STK,0
315MM FAB ELBOW 11.25 PE100 SDR17,HDPE Fittings,STK,0
315MM FAB ELBOW 11.25 PE100 SDR7.4,HDPE Fittings,STK,0
315MM FAB ELBOW 11.25 PE100 SDR9,HDPE Fittings,STK,0
355MM FAB ELBOW 11.25 PE100 SDR11,HDPE Fittings,STK,0
355MM FAB ELBOW 11.25 PE100 SDR17,HDPE Fittings,STK,0
630MM FAB ELBOW 11.25 PE100 SDR17,HDPE Fittings,STK,0
400MM FAB ELBOW 14 PE100 SDR11,HDPE Fittings,STK,0
400MM FAB ELBOW 20 PE100 SDR11,HDPE Fittings,STK,0
110MM FAB ELBOW 22.5 PE100 SDR11,HDPE Fittings,STK,0
160MM FAB ELBOW 22.5 PE100 SDR11,HDPE Fittings,STK,0
200MM FAB ELBOW 22.5 PE100 SDR11,HDPE Fittings,STK,0
200MM FAB ELBOW 22.5 PE100 SDR13.5,HDPE Fittings,STK,0
225MM FAB ELBOW 22.5 PE100 SDR11,HDPE Fittings,STK,0
250MM FAB ELBOW 22.5 PE100 SDR11,HDPE Fittings,STK,0
280MM FAB ELBOW 22.5 PE100 SDR11,HDPE Fittings,STK,0
315MM FAB ELBOW 22.5 PE100 SDR11,HDPE Fittings,STK,0
315MM FAB ELBOW 22.5 PE100 SDR13.6,HDPE Fittings,STK,0
315MM FAB ELBOW 22.5 PE100 SDR17,HDPE Fittings,STK,0
315MM FAB ELBOW 22.5 PE100 SDR7.4,HDPE Fittings,STK,0
315MM FAB ELBOW 22.5 PE100 SDR9,HDPE Fittings,STK,0
355MM FAB ELBOW 22.5 PE100 SDR11,HDPE Fittings,STK,0
400MM FAB ELBOW 22.5 PE100 SDR11,HDPE Fittings,STK,0
400MM FAB ELBOW 22.5 PE100 SDR7.4,HDPE Fittings,STK,0
400MM FAB ELBOW 22.5 PE100 SDR9,HDPE Fittings,STK,0
90MM FAB ELBOW 22.5 PE100 SDR11,HDPE Fittings,STK,0
110MM FAB ELBOW 30 PE100 SDR11,HDPE Fittings,STK,0
160MM FAB ELBOW 30 PE100 SDR11,HDPE Fittings,STK,0
200MM FAB ELBOW 30 PE100 SDR11,HDPE Fittings,STK,0
250MM FAB ELBOW 30 PE100 SDR11,HDPE Fittings,STK,0
630MM FAB ELBOW 30 PE100 SDR17,HDPE Fittings,STK,0
400MM FAB ELBOW 40 PE100 SDR11,HDPE Fittings,STK,0
110MM FAB ELBOW 45 PE100 SDR11,HDPE Fittings,STK,0
125MM FAB ELBOW 45 PE100 SDR11,HDPE Fittings,STK,0
160MM FAB ELBOW 45 PE100 SDR11,HDPE Fittings,STK,0
160MM FAB ELBOW 45 PE100 SDR11,HDPE Fittings,STK,0
160MM FAB ELBOW 45 PE100 SDR17,HDPE Fittings,STK,0
180MM FAB ELBOW 45 PE100 SDR11,HDPE Fittings,STK,0
200MM FAB ELBOW 45 PE100 SDR11,HDPE Fittings,STK,0
200MM FAB ELBOW 45 PE100 SDR13.6,HDPE Fittings,STK,0
200MM FAB ELBOW 45 PE100 SDR26,HDPE Fittings,STK,0
225MM FAB ELBOW 45 PE100 SDR11,HDPE Fittings,STK,0
250MM FAB ELBOW 45 PE100 SDR11,HDPE Fittings,STK,0
280MM FAB ELBOW 45 PE100 SDR17,HDPE Fittings,STK,0
315MM FAB ELBOW 45 PE100 SDR11,HDPE Fittings,STK,0
315MM FAB ELBOW 45 PE100 SDR13.6,HDPE Fittings,STK,0
315MM FAB ELBOW 45 PE100 SDR7.4,HDPE Fittings,STK,0
315MM FAB ELBOW 45 PE100 SDR9,HDPE Fittings,STK,0
400MM FAB ELBOW 45 PE100 SDR11,HDPE Fittings,STK,0
400MM FAB ELBOW 45 PE100 SDR17,HDPE Fittings,STK,0
75MM FAB ELBOW 45 PE100 SDR11,HDPE Fittings,STK,0
90MM FAB ELBOW 45 PE100 SDR11,HDPE Fittings,STK,0
90MM PN10 FAB ELBOW 45 PE100 SDR17,HDPE Fittings,STK,0
400MM FAB ELBOW 48 PE100 SDR11,HDPE Fittings,STK,0
400MM FAB ELBOW 50 PE100 SDR11,HDPE Fittings,STK,0
180MM FAB ELBOW 60 PE100 SDR17,HDPE Fittings,STK,0
110MM FAB ELBOW 90 PE100 SDR11,HDPE Fittings,STK,0
140MM FAB ELBOW 90 PE100 SDR17,HDPE Fittings,STK,0
160MM FAB ELBOW 90 PE100 SDR11,HDPE Fittings,STK,0
160MM FAB ELBOW 90 PE100 SDR11,HDPE Fittings,STK,0
180MM FAB ELBOW 90 PE100 SDR17,HDPE Fittings,STK,0
200MM FAB ELBOW 90 PE100 SDR11,HDPE Fittings,STK,0
200MM FAB ELBOW 90 PE100 SDR13,HDPE Fittings,STK,0
200MM FAB ELBOW 90 PE100 SDR17,HDPE Fittings,STK,0
225MM FAB ELBOW 90 PE100 SDR11,HDPE Fittings,STK,0
250MM FAB ELBOW 90 PE100 SDR11,HDPE Fittings,STK,0
280MM FAB ELBOW 90 PE100 SDR11,HDPE Fittings,STK,0
280MM FAB ELBOW 90 PE100 SDR17,HDPE Fittings,STK,0
355MM FAB ELBOW 90  PE100 SDR17,HDPE Fittings,STK,0
400MM FAB ELBOW 90 PE100 SDR11,HDPE Fittings,STK,0
400MM PN10 FAB ELBOW 90 PE100 SDR17,HDPE Fittings,STK,0
630MM FAB ELBOW 90  PE100 SDR17,HDPE Fittings,STK,0
90MM PN16 FAB ELBOW 90 PE100 SDR11,HDPE Fittings,STK,0
90MM PN10 FAB ELBOW 90 PE100 SDR17,HDPE Fittings,STK,0
160MM FABRICATION ELBOW 11ø PE100 SDR11 PN 16,HDPE Fittings,STK,0
200MM FABRICATION ELBOW 11ø PE100 SDR13.6 PN 12.5,HDPE Fittings,STK,0
225MM FABRICATION ELBOW 11ø PE100 SDR11 PN 16,HDPE Fittings,STK,0
200MM FABRICATION ELBOW 120ø PE100 SDR13.6 PN 12.5,HDPE Fittings,STK,0
160MM FABRICATION ELBOW 22ø PE100 SDR11 PN 16,HDPE Fittings,STK,0
225MM FABRICATION ELBOW 22ø PE100 SDR11 PN 16,HDPE Fittings,STK,0
200MM FABRICATION ELBOW 30ø PE100 SDR11 PN 16,HDPE Fittings,STK,0
225MM FABRICATION ELBOW 30ø PE100 SDR11 PN 16,HDPE Fittings,STK,0
160MM FABRICATION ELBOW 45ø PE100 SDR13.6 PN 12.5,HDPE Fittings,STK,0
315MM FABRICATION ELBOW 45ø PE100 SDR11 PN 16,HDPE Fittings,STK,0
200MM FABRICATION ELBOW 60ø PE100 SDR13.6 PN 12.5,HDPE Fittings,STK,0
HDPE FABRICATED ELBOW 90 DEG 180MM PN 16,HDPE Fittings,STK,0
200MM FABRICATION ELBOW 90ø PE100 SDR11 PN 16,HDPE Fittings,STK,0
315MM FABRICATION ELBOW 90ø PE100 SDR11 PN 16,HDPE Fittings,STK,0
160MM FABRICATED EQUAL TEE 90ø PE100 SDR11,HDPE Fittings,STK,0
180MM HDPE FABRICATED EQUAL TEE 90 DEG,HDPE Fittings,STK,0
200MM FABRICATED EQUAL TEE 90ø PE100 SDR11,HDPE Fittings,STK,0
225MM FABRICATED EQUAL TEE 90ø PE100 SDR11,HDPE Fittings,STK,0
280MM FABRICATED EQUAL TEE 90ø PE100 SDR11,HDPE Fittings,STK,0
355MM X 110MM FAB REDUCING TEE PE100 SDR11,HDPE Fittings,STK,0
355MM X 250MM FAB REDUCING TEE PE100 SDR11,HDPE Fittings,STK,0
355MM X 90MM FAB REDUCING TEE PE100 SDR11,HDPE Fittings,STK,0
110MM FAB Y TEE 45 PE100 SDR11,HDPE Fittings,STK,0
110MM FAB Y TEE 45 PE100 SDR13.6,HDPE Fittings,STK,0
160MM FAB Y TEE 45 PE100 SDR11,HDPE Fittings,STK,0
160MM FAB Y TEE 45 PE100 SDR13.6,HDPE Fittings,STK,0
200MM FAB Y TEE 45 PE100 SDR13.6,HDPE Fittings,STK,0
90MM FAB Y TEE 45 PE100 SDR11 PN16,HDPE Fittings,STK,0
HDPE BF 32MM X 1 INCH FEMALE TRANSITION,HDPE Fittings,STK,0
HDPE BF 40MM X 1.25 INCH FEMALE TRANSITION,HDPE Fittings,STK,0
HDPE BF 40MM X 1 1/2 INCH FEMALE TRANSITION,HDPE Fittings,STK,0
HDPE BF 50MM X 1.5 INCH FEMALE TRANSITION,HDPE Fittings,STK,0
HDPE BF 63MM X 2 INCH FEMALE TRANSITION,HDPE Fittings,STK,0
HDPE BF 75MM X 2 1/2 INCH FEMALE TRANSITION,HDPE Fittings,STK,0
315MM X 90MM MID REDUCING TEE PE100 SDR13.6 PN12.5,HDPE Fittings,STK,0
315MM X 90MM FLG REDUCING TEE PE100 SDR11 PN16,HDPE Fittings,STK,0
315MM X 90MM FLG REDUCING TEE PE100 SDR7.4 PN25,HDPE Fittings,STK,0
315MM X 110MM FLG REDUCINGTEE PE100 SDR13.6 PN12.5,HDPE Fittings,STK,0
315MM X 110MM FLG REDUCING TEE PE100 SDR 11 PN16,HDPE Fittings,STK,0
315MM X 110MM FLG REDUCING TEE PE100 SDR 9 PN20,HDPE Fittings,STK,0
315MM X 110MM FLG REDUCING TEE PE100 SDR7.4 PN25,HDPE Fittings,STK,0
63MMX32MM HDPE FLANGED REDUCER PE100 SDR11 PN 16,HDPE Fittings,STK,0
63MMX40MM HDPE FLANGED REDUCER PE100 SDR11 PN 16,HDPE Fittings,STK,0
63MMX50MM HDPE FLANGED REDUCER PE100 SDR11 PN 16,HDPE Fittings,STK,0
75MMX32MM HDPE FLANGED REDUCER PE100 SDR11 PN 16,HDPE Fittings,STK,0
75MMX40MM HDPE FLANGED REDUCER PE100 SDR11 PN 16,HDPE Fittings,STK,0
75MMX50MM HDPE FLANGED REDUCER PE100 SDR11 PN 16,HDPE Fittings,STK,0
75MMX63MM HDPE FLANGED REDUCER PE100 SDR11 PN 16,HDPE Fittings,STK,0
315MM X 90MM MIDFLANGE  RED TEE PE100 SDR17 PN10,HDPE Fittings,STK,0
315MM PULLED BEND 90ø PE100 SDR7.4 PN 25 - 3D,HDPE Fittings,STK,0
450MM PUDDLE FLANGE PE100 SDR10 PN 10 1METER,HDPE Fittings,STK,0
63MM PUDDLE FLANGE PE100 SDR11 PN 16 1METER,HDPE Fittings,STK,0
90MM PUDDLE FLANGE PE100 SDR11 PN 16 1METER,HDPE Fittings,STK,0
110MM X 32MM REDUCING TEE PE100 SDR11 PN16,HDPE Fittings,STK,0
110MM X 40MM REDUCING TEE PE100 SDR11 PN16,HDPE Fittings,STK,0
110MM X 50MM REDUCING TEE PE100 SDR11 PN16,HDPE Fittings,STK,0
110MM X 63MM REDUCING TEE PE100 SDR17 PN10,HDPE Fittings,STK,0
110MM X 63MM REDUCING TEE PE100 SDR11 PN16,HDPE Fittings,STK,0
110MM X 75MM REDUCING TEE PE100 SDR17 PN10,HDPE Fittings,STK,0
110MM X 75MM REDUCING TEE PE100 SDR11 PN16,HDPE Fittings,STK,0
110MM X 90MM REDUCING TEE PE100 SDR17 PN10,HDPE Fittings,STK,0
110MM X 90MM REDUCING TEE PE100 SDR11 PN16,HDPE Fittings,STK,0
125MM X 110MM REDUCING TEE PE100 SDR17 PN10,HDPE Fittings,STK,0
125MM X 110MM REDUCING TEE PE100 SDR11 PN16,HDPE Fittings,STK,0
125MM X 63MM REDUCING TEE PE100 SDR17 PN10,HDPE Fittings,STK,0
125MM X 63MM REDUCING TEE PE100 SDR11 PN16,HDPE Fittings,STK,0
125MM X 63MM REDUCING TEE PE100 SDR9 PN20,HDPE Fittings,STK,0
125MM X 90MM REDUCING TEE PE100 SDR11 PN16,HDPE Fittings,STK,0
125MM X 90MM REDUCING TEE PE100 SDR9 PN20,HDPE Fittings,STK,0
140MM X 110MM REDUCING TEE PE100 SDR17 PN10,HDPE Fittings,STK,0
140MM X 110MM REDUCING TEE PE100 SDR11 PN16,HDPE Fittings,STK,0
140MM X 125MM REDUCING TEE PE100 SDR17 PN10,HDPE Fittings,STK,0
140MM X 125MM REDUCING TEE PE100 SDR11 PN16,HDPE Fittings,STK,0
140MM X 63MM REDUCING TEE PE100 SDR17 PN10,HDPE Fittings,STK,0
140MM X 63MM REDUCING TEE PE100 SDR11 PN16,HDPE Fittings,STK,0
140MM X 75MM REDUCING TEE PE100 SDR11 PN16,HDPE Fittings,STK,0
140MM X 90MM REDUCING TEE PE100 SDR11 PN16,HDPE Fittings,STK,0
160MM X 110MM REDUCING TEE PE100 SDR17 PN10,HDPE Fittings,STK,0
160MM X 110MM REDUCING TEE PE100 SDR11 PN16,HDPE Fittings,STK,0
160MM X 125MM REDUCING TEE PE100 SDR17 PN10,HDPE Fittings,STK,0
160MM X 125MM REDUCING TEE PE100 SDR11 PN16,HDPE Fittings,STK,0
160MM X 140MM REDUCING TEE PE100 SDR11 PN16,HDPE Fittings,STK,0
160MM X 63MM REDUCING TEE PE100 SDR17 PN10,HDPE Fittings,STK,0
160MM X 63MM REDUCING TEE PE100 SDR11 PN16,HDPE Fittings,STK,0
160MM X 75MM REDUCING TEE PE100 SDR17 PN10,HDPE Fittings,STK,0
160MM X 75MM REDUCING TEE PE100 SDR11 PN16,HDPE Fittings,STK,0
160MM X 90MM REDUCING TEE PE100 SDR11 PN16,HDPE Fittings,STK,0
180MM X 110MM REDUCING TEE PE100 SDR11 PN16,HDPE Fittings,STK,0
180MM X 125MM REDUCING TEE PE100 SDR11 PN16,HDPE Fittings,STK,0
180MM X 160MM REDUCING TEE PE100 SDR11 PN16,HDPE Fittings,STK,0
180MM X 90MM REDUCING TEE PE100 SDR11 PN16,HDPE Fittings,STK,0
200MM X 110MM REDUCING TEE PE100 SDR11 PN16,HDPE Fittings,STK,0
200MM X 125MM REDUCING TEE PE100 SDR11 PN16,HDPE Fittings,STK,0
200MM X 160MM REDUCING TEE PE100 SDR11 PN16,HDPE Fittings,STK,0
200MM X 63MM REDUCING TEE PE100 SDR11 PN16,HDPE Fittings,STK,0
200MM X 90MM REDUCING TEE PE100 SDR11 PN16,HDPE Fittings,STK,0
225MM X 110MM HDPE REDUCING TEE PN10,HDPE Fittings,STK,0
225MM X 110MM REDUCING TEE PE100 SDR11 PN16,HDPE Fittings,STK,0
225MM X 125MM REDUCING TEE PE100 SDR11 PN16,HDPE Fittings,STK,0
225MM X 160MM REDUCING TEE PE100 SDR17 PN10,HDPE Fittings,STK,0
225MM X 160MM REDUCING TEE PE100 SDR11 PN16,HDPE Fittings,STK,0
225MM X 90MM REDUCING TEE PE100 SDR11 PN16,HDPE Fittings,STK,0
250MM X 125MM REDUCING TEE PE100 SDR11 PN16,HDPE Fittings,STK,0
250MM X 160MM REDUCING TEE PE100 SDR17 PN10,HDPE Fittings,STK,0
250MM X 160MM REDUCING TEE PE100 SDR11 PN16,HDPE Fittings,STK,0
250MM X 200MM REDUCING TEE PE100 SDR7.4 PN25,HDPE Fittings,STK,0
250MM X 90MM REDUCING TEE PE100 SDR11 PN16,HDPE Fittings,STK,0
250MM X 110MM REDUCING TEE PE100 SDR11 PN16,HDPE Fittings,STK,0
250MM X 200MM REDUCING TEE PE100 SDR11 PN16,HDPE Fittings,STK,0
250MM X 225MM REDUCING TEE PE100 SDR11 PN16,HDPE Fittings,STK,0
280MM X 110MM REDUCING TEE PE100 SDR17 PN10,HDPE Fittings,STK,0
280MM X 200MM REDUCING TEE PE100 SDR11 PN16,HDPE Fittings,STK,0
280MM X 225MM REDUCING TEE PE100 SDR11 PN16,HDPE Fittings,STK,0
280MM X 63MM REDUCING TEE PE100 SDR17 PN10,HDPE Fittings,STK,0
280MM X 110MM REDUCING TEE PE100 SDR11 PN16,HDPE Fittings,STK,0
280MM X 160MM REDUCING TEE PE100 SDR11 PN16,HDPE Fittings,STK,0
280MM X 250MM REDUCING TEE PE100 SDR11 PN16,HDPE Fittings,STK,0
315MM X 225MM REDUCING TEE PE100 SDR11 PN16,HDPE Fittings,STK,0
315MM X 250MM REDUCING TEE PE100 SDR11 PN16,HDPE Fittings,STK,0
110MM X 50MM REDUCING TEE PE100 SDR13.6 PN12.5,HDPE Fittings,STK,0
315MM X 110MM REDUCING TEE PE100 SDR17 PN10,HDPE Fittings,STK,0
315MM X 110MM REDUCING TEE PE100 SDR11 PN16,HDPE Fittings,STK,0
315MM X 110MM REDUCING TEE PE100 SDR7.4 PN25,HDPE Fittings,STK,0
315MM X 160MM REDUCING TEE PE100 SDR17 PN10,HDPE Fittings,STK,0
315MM X 160MM REDUCING TEE PE100 SDR11 PN16,HDPE Fittings,STK,0
315MM X 200MM REDUCING TEE PE100 SDR11 PN16,HDPE Fittings,STK,0
315MM X 90MM REDUCING TEE PE100 SDR17 PN10,HDPE Fittings,STK,0
315MM X 90MM REDUCING TEE PE100 SDR11 PN16,HDPE Fittings,STK,0
315MM X 90MM REDUCING TEE PE100 SDR9 PN20,HDPE Fittings,STK,0
315MM X 90MM REDUCING TEE PE100 SDR7.4 PN25,HDPE Fittings,STK,0
355MM X 110MM REDUCING TEE PE100 SDR17 PN10,HDPE Fittings,STK,0
355MM X 160MM REDUCING TEE PE100 SDR11 PN16,HDPE Fittings,STK,0
355MM X 63MM REDUCING TEE PE100 SDR17 PN10,HDPE Fittings,STK,0
355MM X 110MM REDUCING TEE PE100 SDR11 PN16,HDPE Fittings,STK,0
355MM X 250MM REDUCING TEE PE100 SDR17 PN10,HDPE Fittings,STK,0
355MM X 250MM REDUCING TEE PE100 SDR11 PN16,HDPE Fittings,STK,0
355MM X 90MM REDUCING TEE PE100 SDR11 PN16,HDPE Fittings,STK,0
400MM X 110MM REDUCING TEE PE100 SDR11 PN16,HDPE Fittings,STK,0
400MM X 160MM REDUCING TEE PE100 SDR11 PN16,HDPE Fittings,STK,0
400MM X 200MM REDUCING TEE PE100 SDR11 PN16,HDPE Fittings,STK,0
400MM X 225MM REDUCING TEE PE100 SDR11 PN16,HDPE Fittings,STK,0
400MM X 250MM REDUCING TEE PE100 SDR11 PN16,HDPE Fittings,STK,0
400MM X 280MM REDUCING TEE PE100 SDR11 PN16,HDPE Fittings,STK,0
400MM X 63MM REDUCING TEE PE100 SDR11 PN16,HDPE Fittings,STK,0
450MM X 225MM REDUCING TEE PE100 SDR11 PN16,HDPE Fittings,STK,0
450MM X 315MM REDUCING TEE PE100 SDR11 PN16,HDPE Fittings,STK,0
500MM X 200MM REDUCING TEE PE100 SDR11 PN16,HDPE Fittings,STK,0
500MM X 90MM REDUCING TEE PE100 SDR11 PN16,HDPE Fittings,STK,0
50MM X 25MM REDUCING TEE PE100 SDR11 PN16,HDPE Fittings,STK,0
50MM X 32MM REDUCING TEE PE100 SDR17 PN10,HDPE Fittings,STK,0
50MM X 32MM REDUCING TEE PE100 SDR11 PN16,HDPE Fittings,STK,0
50MM X 40MM REDUCING TEE PE100 SDR11 PN16,HDPE Fittings,STK,0
560MM X 225MM REDUCING TEE PE100 SDR11 PN16,HDPE Fittings,STK,0
560MM X 75MM REDUCING TEE PE100 SDR11 PN16,HDPE Fittings,STK,0
63MM X 32MM REDUCING TEE PE100 SDR11 PN16,HDPE Fittings,STK,0
63MM X 40MM REDUCING TEE PE100 SDR11 PN16,HDPE Fittings,STK,0
63MM X 50MM REDUCING TEE PE100 SDR11 PN16,HDPE Fittings,STK,0
75MM X 25MM REDUCING TEE PE100 SDR11 PN16,HDPE Fittings,STK,0
75MM X 40MM REDUCING TEE PE100 SDR11 PN16,HDPE Fittings,STK,0
75MM X 50MM REDUCING TEE PE100 SDR11 PN16,HDPE Fittings,STK,0
75MM X 63MM REDUCING TEE PE100 SDR11 PN16,HDPE Fittings,STK,0
90MM X 32MM REDUCING TEE PE100 SDR11 PN16,HDPE Fittings,STK,0
90MM X 50MM HDPE REDUCING TEE PN10,HDPE Fittings,STK,0
90MM X 50MM REDUCING TEE PE100 SDR11 PN16,HDPE Fittings,STK,0
90MM X 63MM REDUCING TEE PE100 SDR17 PN10,HDPE Fittings,STK,0
90MM X 63MM REDUCING TEE PE100 SDR11 PN16,HDPE Fittings,STK,0
90MM X 75MM REDUCING TEE PE100 SDR17 PN10,HDPE Fittings,STK,0
90MM X 75MM REDUCING TEE PE100 SDR11 PN16,HDPE Fittings,STK,0
110MMX50MM HDPE REDUCER PE100 SDR17 PN 10,HDPE Fittings,STK,0
110MMX50MM HDPE REDUCER PE100 SDR11 PN 16,HDPE Fittings,STK,0
110MMX63MM HDPE REDUCER PE100 SDR17 PN 10,HDPE Fittings,STK,0
110MMX63MM HDPE REDUCER PE100 SDR11 PN 16,HDPE Fittings,STK,0
110MMX75MM HDPE REDUCER PE100 SDR17 PN 10,HDPE Fittings,STK,0
110MMX75MM HDPE REDUCER PE100 SDR11 PN 16,HDPE Fittings,STK,0
110MMX90MM HDPE REDUCER PE100 SDR17 PN 10,HDPE Fittings,STK,0
110MMX90MM HDPE REDUCER PE100 SDR11 PN 16,HDPE Fittings,STK,0
125MMX110MM HDPE REDUCER PE100 SDR17 PN 10,HDPE Fittings,STK,0
125MMX110MM HDPE REDUCER PE100 SDR11 PN 16,HDPE Fittings,STK,0
125MMX63MM HDPE REDUCER PE100 SDR11 PN 16,HDPE Fittings,STK,0
125MMX75MM HDPE REDUCER PE100 SDR17 PN 10,HDPE Fittings,STK,0
125MMX75MM HDPE REDUCER PE100 SDR11 PN 16,HDPE Fittings,STK,0
125MMX90MM HDPE REDUCER PE100 SDR17 PN 10,HDPE Fittings,STK,0
125MMX90MM HDPE REDUCER PE100 SDR11 PN 16,HDPE Fittings,STK,0
140MMX110MM HDPE REDUCER PE100 SDR17 PN 10,HDPE Fittings,STK,0
140MMX110MM HDPE REDUCER PE100 SDR11 PN 16,HDPE Fittings,STK,0
140MMX125MM HDPE REDUCER PE100 SDR17 PN 10,HDPE Fittings,STK,0
140MMX125MM HDPE REDUCER PE100 SDR11 PN 16,HDPE Fittings,STK,0
140MMX63MM HDPE REDUCER PE100 SDR11 PN 16,HDPE Fittings,STK,0
140MMX75MM HDPE REDUCER PE100 SDR17 PN 10,HDPE Fittings,STK,0
140MMX75MM HDPE REDUCER PE100 SDR11 PN 16,HDPE Fittings,STK,0
140MMX90MM HDPE REDUCER PE100 SDR17 PN 10,HDPE Fittings,STK,0
140MMX90MM HDPE REDUCER PE100 SDR11 PN 16,HDPE Fittings,STK,0
160MMX110MM HDPE REDUCER PE100 SDR17 PN 10,HDPE Fittings,STK,0
160MMX110MM HDPE REDUCER PE100 SDR11 PN 16,HDPE Fittings,STK,0
160MMX125MM HDPE REDUCER PE100 SDR17 PN 10,HDPE Fittings,STK,0
160MMX125MM HDPE REDUCER PE100 SDR11 PN 16,HDPE Fittings,STK,0
160MMX140MM HDPE REDUCER PE100 SDR17 PN 10,HDPE Fittings,STK,0
160MMX140MM HDPE REDUCER PE100 SDR11 PN 16,HDPE Fittings,STK,0
160MMX63MM HDPE REDUCER PE100 SDR11 PN 16,HDPE Fittings,STK,0
160MMX90MM HDPE REDUCER PE100 SDR11 PN 16,HDPE Fittings,STK,0
180MMX110MM HDPE REDUCER PE100 SDR11 PN 16,HDPE Fittings,STK,0
180MMX125MM HDPE REDUCER PE100 SDR11 PN 16,HDPE Fittings,STK,0
180MMX140MM HDPE REDUCER PE100 SDR11 PN 16,HDPE Fittings,STK,0
180MMX160MM HDPE REDUCER PE100 SDR11 PN 16,HDPE Fittings,STK,0
200MMX110MM HDPE REDUCER PE100 SDR11 PN 16,HDPE Fittings,STK,0
200MMX140MM HDPE REDUCER PE100 SDR11 PN 16,HDPE Fittings,STK,0
200MMX160MM HDPE REDUCER PE100 SDR11 PN 16,HDPE Fittings,STK,0
200MMX180MM HDPE REDUCER PE100 SDR11 PN 16,HDPE Fittings,STK,0
225MMX110MM HDPE REDUCER PE100 SDR11 PN 16,HDPE Fittings,STK,0
225MMX160MM HDPE REDUCER PE100 SDR17 PN 10,HDPE Fittings,STK,0
225MMX160MM HDPE REDUCER PE100 SDR11 PN 16,HDPE Fittings,STK,0
225MMX180MM HDPE REDUCER PE100 SDR11 PN 16,HDPE Fittings,STK,0
225MMX200MM HDPE REDUCER PE100 SDR11 PN 16,HDPE Fittings,STK,0
250MMX125MM HDPE REDUCER PE100 SDR11 PN 16,HDPE Fittings,STK,0
250MMX160MM HDPE REDUCER PE100 SDR11 PN 16,HDPE Fittings,STK,0
250MMX180MM HDPE REDUCER PE100 SDR11 PN 16,HDPE Fittings,STK,0
250MMX200MM HDPE REDUCER PE100 SDR17 PN 10,HDPE Fittings,STK,0
250MMX200MM HDPE REDUCER PE100 SDR11 PN 16,HDPE Fittings,STK,0
250MMX225MM HDPE REDUCER PE100 SDR11 PN 16,HDPE Fittings,STK,0
25MMx20MM HDPE REDUCER PE100 SDR11 PN 16,HDPE Fittings,STK,0
280MMX180MM HDPE REDUCER PE100 SDR11 PN 16,HDPE Fittings,STK,0
280MMX200MM HDPE REDUCER PE100 SDR11 PN 16,HDPE Fittings,STK,0
280MMX225MM HDPE REDUCER PE100 SDR11 PN 16,HDPE Fittings,STK,0
280MMX250MM HDPE REDUCER PE100 SDR11 PN 16,HDPE Fittings,STK,0
315MMX160MM HDPE REDUCER PE100 SDR11 PN 16,HDPE Fittings,STK,0
315MMX200MM HDPE REDUCER PE100 SDR17 PN 10,HDPE Fittings,STK,0
315MMX225MM HDPE REDUCER PE100 SDR11 PN 16,HDPE Fittings,STK,0
315MMX250MM HDPE REDUCER PE100 SDR11 PN 16,HDPE Fittings,STK,0
315MMX280MM HDPE REDUCER PE100 SDR11 PN 16,HDPE Fittings,STK,0
32MMX20MM HDPE REDUCER PE100 SDR11 PN 16,HDPE Fittings,STK,0
32MMX25MM HDPE REDUCER PE100 SDR11 PN 16,HDPE Fittings,STK,0
355MMX250MM HDPE REDUCER PE100 SDR17 PN 10,HDPE Fittings,STK,0
355MMX250MM HDPE REDUCER PE100 SDR11 PN 16,HDPE Fittings,STK,0
355MMX315MM HDPE REDUCER PE100 SDR11 PN 16,HDPE Fittings,STK,0
400MMX160MM HDPE REDUCER PE100 SDR11 PN 16,HDPE Fittings,STK,0
400MMX200MM HDPE REDUCER PE100 SDR11 PN 16,HDPE Fittings,STK,0
400MMX250MM HDPE REDUCER PE100 SDR11 PN 16,HDPE Fittings,STK,0
400MMX355MM HDPE REDUCER PE100 SDR11 PN 16,HDPE Fittings,STK,0
40MMX20MM HDPE REDUCER PE100 SDR11 PN 16,HDPE Fittings,STK,0
40MMX25MM HDPE REDUCER PE100 SDR11 PN 16,HDPE Fittings,STK,0
40MMX32MM HDPE REDUCER PE100 SDR11 PN 16,HDPE Fittings,STK,0
450MMX200MM HDPE REDUCER PE100 SDR11 PN 16,HDPE Fittings,STK,0
450MMX315MM HDPE REDUCER PE100 SDR17 PN 10,HDPE Fittings,STK,0
500MMX160MM HDPE REDUCER PE100 SDR11 PN 16,HDPE Fittings,STK,0
500MMX400MM HDPE REDUCER PE100 SDR11 PN 16,HDPE Fittings,STK,0
500MMX450MM HDPE REDUCER PE100 SDR13.6 PN 12.5,HDPE Fittings,STK,0
500MMX450MM HDPE REDUCER PE100 SDR11 PN 16,HDPE Fittings,STK,0
50MMX20MM HDPE REDUCER PE100 SDR11 PN 16,HDPE Fittings,STK,0
50MMX25MM HDPE REDUCER PE100 SDR11 PN 16,HDPE Fittings,STK,0
50MMX32MM HDPE REDUCER PE100 SDR17 PN 10,HDPE Fittings,STK,0
50MMX32MM HDPE REDUCER PE100 SDR11 PN 16,HDPE Fittings,STK,0
50MMX40MM HDPE REDUCER PE100 SDR11 PN 16,HDPE Fittings,STK,0
560MMX500MM HDPE REDUCER PE100 SDR11 PN 16,HDPE Fittings,STK,0
630MMX250MM HDPE REDUCER PE100 SDR11 PN 16,HDPE Fittings,STK,0
630MMX400MM HDPE REDUCER PE100 SDR11 PN 16,HDPE Fittings,STK,0
63MMx25MM HDPE REDUCER PE100 SDR11 PN 16,HDPE Fittings,STK,0
63MMX32MM HDPE REDUCER PE100 SDR11 PN 16,HDPE Fittings,STK,0
63MMX40MM HDPE REDUCER PE100 SDR11 PN 16,HDPE Fittings,STK,0
63MMX50MM HDPE REDUCER PE100 SDR17 PN 10,HDPE Fittings,STK,0
63MMX50MM HDPE REDUCER PE100 SDR11 PN 16,HDPE Fittings,STK,0
75MMX32MM HDPE REDUCER PE100 SDR11 PN 16,HDPE Fittings,STK,0
75MMX40MM HDPE REDUCER PE100 SDR11 PN 16,HDPE Fittings,STK,0
75MMX50MM HDPE REDUCER PE100 SDR17 PN 10,HDPE Fittings,STK,0
75MMX50MM HDPE REDUCER PE100 SDR11 PN 16,HDPE Fittings,STK,0
75MMX63MM HDPE REDUCER PE100 SDR17 PN 10,HDPE Fittings,STK,0
75MMX63MM HDPE REDUCER PE100 SDR11 PN 16,HDPE Fittings,STK,0
90MMX50MM HDPE REDUCER PE100 SDR17 PN 10,HDPE Fittings,STK,0
90MMX50MM HDPE REDUCER PE100 SDR11 PN 16,HDPE Fittings,STK,0
90MMX63MM HDPE REDUCER PE100 SDR17 PN 10,HDPE Fittings,STK,0
90MMX63MM HDPE REDUCER PE100 SDR11 PN 16,HDPE Fittings,STK,0
90MMX75MM HDPE REDUCER PE100 SDR11 PN 16,HDPE Fittings,STK,0
450MMX315MM HDPE STEPPED REDUCER PE100 SDR17 PN 10,HDPE Fittings,STK,0
110MM HDPE STUB END PE100 SDR17 PN 10,HDPE Fittings,STK,0
110MM HDPE STUB END PE100 SDR11 PN 16,HDPE Fittings,STK,0
110MM HDPE STUB END PE100 SDR9 PN 20,HDPE Fittings,STK,0
110MM HDPE STUB END PE100 SDR7.4 PN 25,HDPE Fittings,STK,0
125MM HDPE STUB END PE100 SDR17 PN 10,HDPE Fittings,STK,0
125MM HDPE STUB END PE100 SDR11 PN 16,HDPE Fittings,STK,0
125MM HDPE STUB END PE100 SDR9 PN 20,HDPE Fittings,STK,0
140MM HDPE STUB END PE100 SDR17 PN 10,HDPE Fittings,STK,0
140MM HDPE STUB END PE100 SDR11 PN 16,HDPE Fittings,STK,0
160MM HDPE STUB END PE100 SDR17 PN 10,HDPE Fittings,STK,0
160MM HDPE STUB END PE100 SDR11 PN 16,HDPE Fittings,STK,0
180MM HDPE STUB END PE100 SDR17 PN 10,HDPE Fittings,STK,0
180MM HDPE STUB END PE100 SDR11 PN 16,HDPE Fittings,STK,0
20MM HDPE STUB END PE100 SDR11 PN 16,HDPE Fittings,STK,0
200MM HDPE STUB END PE100 SDR17 PN 10,HDPE Fittings,STK,0
200MM HDPE STUB END PE100 SDR11 PN 16,HDPE Fittings,STK,0
225MM HDPE STUB END PE100 SDR17 PN 10,HDPE Fittings,STK,0
225MM HDPE STUB END PE100 SDR11 PN 16,HDPE Fittings,STK,0
225MM HDPE STUB END PE100 SDR7.4 PN 25,HDPE Fittings,STK,0
25MM HDPE STUB END PE100 SDR11 PN 16,HDPE Fittings,STK,0
250MM HDPE STUB END PE100 SDR17 PN 10,HDPE Fittings,STK,0
250MM HDPE STUB END PE100 SDR11 PN 16,HDPE Fittings,STK,0
280MM HDPE STUB END PE100 SDR17 PN 10,HDPE Fittings,STK,0
280MM HDPE STUB END PE100 SDR13.6 PN 12.5,HDPE Fittings,STK,0
280MM HDPE STUB END PE100 SDR11 PN 16,HDPE Fittings,STK,0
315MM HDPE STUB END PE100 SDR17 PN 10,HDPE Fittings,STK,0
315MM HDPE STUB END PE100 SDR13.6 PN 12.5,HDPE Fittings,STK,0
315MM HDPE STUB END PE100 SDR11 PN 16,HDPE Fittings,STK,0
315MM HDPE STUB END PE100 SDR9 PN 20,HDPE Fittings,STK,0
315MM HDPE STUB END PE100 SDR7.4 PN 25,HDPE Fittings,STK,0
32MM HDPE STUB END PE100 SDR17 PN 10,HDPE Fittings,STK,0
32MM HDPE STUB END PE100 SDR11 PN 16,HDPE Fittings,STK,0
355MM HDPE STUB END PE100 SDR17 PN 10,HDPE Fittings,STK,0
355MM HDPE STUB END PE100 SDR11 PN 16,HDPE Fittings,STK,0
355MM HDPE STUB END PE100 SDR7.4 PN 25,HDPE Fittings,STK,0
40MM HDPE STUB END PE100 SDR17 PN 10,HDPE Fittings,STK,0
40MM HDPE STUB END PE100 SDR11 PN 16,HDPE Fittings,STK,0
400MM HDPE STUB END PE100 SDR17 PN 10,HDPE Fittings,STK,0
400MM HDPE STUB END PE100 SDR11 PN 16,HDPE Fittings,STK,0
400MM HDPE STUB END PE100 SDR7.4 PN 25,HDPE Fittings,STK,0
450MM HDPE STUB END PE100 SDR17  PN 10,HDPE Fittings,STK,0
450MM HDPE STUB END PE100 SDR13.6 PN 12.5,HDPE Fittings,STK,0
450MM HDPE STUB END PE100 SDR11 PN 16,HDPE Fittings,STK,0
450MM HDPE STUB END PE100 SDR7.4 PN 25,HDPE Fittings,STK,0
50MM HDPE STUB END PE100 SDR17 PN 10,HDPE Fittings,STK,0
50MM HDPE STUB END PE100 SDR11 PN 16,HDPE Fittings,STK,0
500MM HDPE STUB END PE100 SDR17 PN 10,HDPE Fittings,STK,0
500MM HDPE STUB END PE100 SDR11 PN 16,HDPE Fittings,STK,0
560MM HDPE STUB END PE100 SDR13.6 PN 12.5,HDPE Fittings,STK,0
560MM HDPE STUB END PE100 SDR11 PN 16,HDPE Fittings,STK,0
63MM HDPE STUB END PE100 SDR17 PN 10,HDPE Fittings,STK,0
63MM HDPE STUB END PE100 SDR11 PN 16,HDPE Fittings,STK,0
63MM HDPE STUB END PE100 SDR9 PN 20,HDPE Fittings,STK,0
630MM HDPE STUB END PE100 SDR11 PN 16,HDPE Fittings,STK,0
75MM HDPE STUB END PE100 SDR17 PN 10,HDPE Fittings,STK,0
75MM HDPE STUB END PE100 SDR11 PN 16,HDPE Fittings,STK,0
90MM HDPE STUB END PE100 SDR17 PN 10,HDPE Fittings,STK,0
90MM HDPE STUB END PE100 SDR11 PN 16,HDPE Fittings,STK,0
90MM HDPE STUB END PE100 SDR9 PN 20,HDPE Fittings,STK,0
90MM HDPE STUB END PE100 SDR7.4 PN 25,HDPE Fittings,STK,0
110 MM X 4 INCH BF MALE BRASS TRANSITION,HDPE Fittings,STK,0
32 MM X 1 INCH BF MALE BRASS TRANSITION,HDPE Fittings,STK,0
40 MM X 1.25 INCH BF MALE BRASS TRANSITION,HDPE Fittings,STK,0
50 MM X 1.5 INCH BF MALE BRASS TRANSITION,HDPE Fittings,STK,0
63 MM X 2 INCH BF MALE BRASS TRANSITION,HDPE Fittings,STK,0
280MM Y TEE 45ø PE100 SDR11 PN 6,HDPE Fittings,STK,0
110MM Y TEE 45ø PE100 SDR11 PN 16,HDPE Fittings,STK,0
160MM Y TEE 45ø PE100 SDR13.6 PN 12.5,HDPE Fittings,STK,0
160MM Y TEE 45ø PE100 SDR11 PN 16,HDPE Fittings,STK,0
20MM INLINE COMPRESSION BALL VALVE PN10,HDPE Fittings,STK,0
20MM INLINE COMPRESSION BALL VALVE PN16,HDPE Fittings,STK,0
25MM INLINE COMPRESSION BALL VALVE PN10,HDPE Fittings,STK,0
25MM INLINE COMPRESSION BALL VALVE PN16,HDPE Fittings,STK,0
32MM INLINE COMPRESSION BALL VALVE PN10,HDPE Fittings,STK,0
32MM INLINE COMPRESSION BALL VALVE PN16,HDPE Fittings,STK,0
40MM INLINE COMPRESSION BALL VALVE PN10,HDPE Fittings,STK,0
40MM INLINE COMPRESSION BALL VALVE PN16,HDPE Fittings,STK,0
50MM INLINE COMPRESSION BALL VALVE PN10,HDPE Fittings,STK,0
50MM INLINE COMPRESSION BALL VALVE PN16,HDPE Fittings,STK,0
63MM INLINE COMPRESSION BALL VALVE PN10,HDPE Fittings,STK,0
63MM INLINE COMPRESSION BALL VALVE PN16,HDPE Fittings,STK,0
"20MM X 1/2"" F/T INLINE COMPRESSION BALL VALVE PN16",HDPE Fittings,STK,0
"25MM X 3/4"" F/T INLINE COMPRESSION BALL VALVE PN16",HDPE Fittings,STK,0
"32MM X 1"" F/T INLINE COMPRESSION BALL VALVE PN16",HDPE Fittings,STK,0
"40MM X 1.25"" F/T INLINE COMPRESSION BALL VALVE",HDPE Fittings,STK,0
"50MM X 1.5"" F/T INLINE COMPRESSION BALL VALVE PN16",HDPE Fittings,STK,0
"63MM X 2"" F/T INLINE COMPRESSION BALL VALVE PN16",HDPE Fittings,STK,0
"1/2"" X 1/2"" ALL FEMALE THREADED BALL VALVE PN16",HDPE Fittings,STK,0
"3/4"" X 3/4"" ALL FEMALE THREADED BALL VALVE PN16",HDPE Fittings,STK,0
"1"" X 1"" ALL FEMALE THREADED BALL VALVE PN16",HDPE Fittings,STK,0
"1.25"" X 1.25"" ALL FEMALE THREADED BALL VALVE PN16",HDPE Fittings,STK,0
"1.5"" X 1.5"" ALL FEMALE THREADED BALL VALVE PN16",HDPE Fittings,STK,0
"2"" X 2"" ALL FEMALE THREADED BALL VALVE PN16",HDPE Fittings,STK,0
"3"" X 3"" ALL FEMALE THREADED BALL VALVE PN16",HDPE Fittings,STK,0
"20MM X 1/2"" M/T INLINE COMPRESSION BALL VALVE PN16",HDPE Fittings,STK,0
"25MM X 3/4"" M/T INLINE COMPRESSION BALL VALVE PN16",HDPE Fittings,STK,0
"32MM X 1"" M/T INLINE COMPRESSION BALL VALVE PN16",HDPE Fittings,STK,0
"40MM X 1.25"" M/T INLINE COMPRESSION BALL VALVE",HDPE Fittings,STK,0
"50MM X 1.5"" M/T INLINE COMPRESSION BALL VALVE PN16",HDPE Fittings,STK,0
"63MM X 2"" M/T INLINE COMPRESSION BALL VALVE PN16",HDPE Fittings,STK,0
"1/2"" ALL MALE - FEMALE THREADED BALL VALVE PN16",HDPE Fittings,STK,0
"3/4"" ALL MALE - FEMALE THREADED BALL VALVE PN16",HDPE Fittings,STK,0
"1"" X 1"" ALL MALE - FEMALE THREADED BALL VALVE PN16",HDPE Fittings,STK,0
"1.25"" X 1.25"" ALL MALE - FEMALE THREAD BALL VALVE",HDPE Fittings,STK,0
"1.5"" X 1.5"" ALL MALE - FEMALE THREAD BALL VALVE",HDPE Fittings,STK,0
"2"" X 2""  MALE - FEMALE THREADED BALL VALVE PN16",HDPE Fittings,STK,0
"1/2"" X 1/2"" ALL MALE THREADED BALL VALVE PN16",HDPE Fittings,STK,0
"3/4"" X 3/4"" ALL MALE THREADED BALL VALVE PN16",HDPE Fittings,STK,0
"1"" X 1"" ALL MALE THREADED BALL VALVE PN16",HDPE Fittings,STK,0
"1.25"" X 1.25"" ALL MALE THREADED BALL VALVE PN16",HDPE Fittings,STK,0
"1.5"" X 1.5"" ALL MALE THREADED BALL VALVE PN16",HDPE Fittings,STK,0
"2"" X 2"" ALL MALE THREADED BALL VALVE PN16",HDPE Fittings,STK,0
110MM HDPE COUPLER PN10,HDPE Fittings,STK,0
110MM HDPE COUPLER PN16,HDPE Fittings,STK,0
20MM HDPE COUPLER PN10,HDPE Fittings,STK,0
20MM HDPE COUPLER PN16,HDPE Fittings,STK,0
25MM HDPE COUPLER PN10,HDPE Fittings,STK,0
25MM HDPE COUPLER PN16,HDPE Fittings,STK,0
32MM HDPE COUPLER PN10,HDPE Fittings,STK,0
32MM HDPE COUPLER PN16,HDPE Fittings,STK,0
40MM HDPE COUPLER PN10,HDPE Fittings,STK,0
40MM HDPE COUPLER PN16,HDPE Fittings,STK,0
50MM HDPE COUPLER PN10,HDPE Fittings,STK,0
50MM HDPE COUPLER PN16,HDPE Fittings,STK,0
63MM HDPE COUPLER PN10,HDPE Fittings,STK,0
63MM HDPE COUPLER PN16,HDPE Fittings,STK,0
75MM HDPE COUPLER PN16,HDPE Fittings,STK,0
90MM HDPE COUPLER PN16,HDPE Fittings,STK,0
25MM HDPE ELBOW 45° PN16,HDPE Fittings,STK,0
32MM HDPE ELBOW 45° PN16,HDPE Fittings,STK,0
40MM HDPE ELBOW 45° PN16,HDPE Fittings,STK,0
50MM HDPE ELBOW 45° PN10,HDPE Fittings,STK,0
50MM HDPE ELBOW 45° PN16,HDPE Fittings,STK,0
63MM HDPE ELBOW 45° PN10,HDPE Fittings,STK,0
63MM HDPE ELBOW 45° PN16,HDPE Fittings,STK,0
90MM HDPE ELBOW 45° PN16,HDPE Fittings,STK,0
110MM HDPE ELBOW 90° PN10,HDPE Fittings,STK,0
110MM HDPE ELBOW 90° PN16,HDPE Fittings,STK,0
20MM HDPE ELBOW 90° PN10,HDPE Fittings,STK,0
20MM HDPE ELBOW 90° PN16,HDPE Fittings,STK,0
25MM HDPE ELBOW 90° PN10,HDPE Fittings,STK,0
25MM HDPE ELBOW 90° PN16,HDPE Fittings,STK,0
32MM HDPE ELBOW 90° PN10,HDPE Fittings,STK,0
32MM HDPE ELBOW 90° PN16,HDPE Fittings,STK,0
40MM HDPE ELBOW 90° PN10,HDPE Fittings,STK,0
40MM HDPE ELBOW 90° PN16,HDPE Fittings,STK,0
50MM HDPE ELBOW 90° PN10,HDPE Fittings,STK,0
50MM HDPE ELBOW 90° PN16,HDPE Fittings,STK,0
63MM HDPE ELBOW 90° PN10,HDPE Fittings,STK,0
63MM HDPE ELBOW 90° PN16,HDPE Fittings,STK,0
75MM HDPE ELBOW 90° PN10,HDPE Fittings,STK,0
75MM HDPE ELBOW 90° PN16,HDPE Fittings,STK,0
90MM HDPE ELBOW 90° PN10,HDPE Fittings,STK,0
90MM HDPE ELBOW 90° PN16,HDPE Fittings,STK,0
110MM HDPE END PLUG PN 10,HDPE Fittings,STK,0
110MM HDPE END PLUG PN 16,HDPE Fittings,STK,0
20MM HDPE END PLUG PN 10,HDPE Fittings,STK,0
20MM HDPE END PLUG PN 16,HDPE Fittings,STK,0
25MM HDPE END PLUG PN 10,HDPE Fittings,STK,0
25MM HDPE END PLUG PN 16,HDPE Fittings,STK,0
32MM HDPE END PLUG PN 10,HDPE Fittings,STK,0
32MM HDPE END PLUG PN 16,HDPE Fittings,STK,0
40MM HDPE END PLUG PN 10,HDPE Fittings,STK,0
40MM HDPE END PLUG PN 16,HDPE Fittings,STK,0
50MM HDPE END PLUG PN 10,HDPE Fittings,STK,0
50MM HDPE END PLUG PN 16,HDPE Fittings,STK,0
63MM HDPE END PLUG PN 10,HDPE Fittings,STK,0
63MM HDPE END PLUG PN 16,HDPE Fittings,STK,0
75MM HDPE END PLUG PN 10,HDPE Fittings,STK,0
75MM HDPE END PLUG PN 16,HDPE Fittings,STK,0
90MM HDPE END PLUG PN 10,HDPE Fittings,STK,0
90MM HDPE END PLUG PN 16,HDPE Fittings,STK,0
110MM HDPE EQUAL TEE 90° PN10,HDPE Fittings,STK,0
110MM HDPE EQUAL TEE 90° PN16,HDPE Fittings,STK,0
20MM HDPE EQUAL TEE 90° PN10,HDPE Fittings,STK,0
20MM HDPE EQUAL TEE 90° PN16,HDPE Fittings,STK,0
25MM HDPE EQUAL TEE 90° PN10,HDPE Fittings,STK,0
25MM HDPE EQUAL TEE 90° PN16,HDPE Fittings,STK,0
32MM HDPE EQUAL TEE 90° PN10,HDPE Fittings,STK,0
32MM HDPE EQUAL TEE 90° PN16,HDPE Fittings,STK,0
40MM HDPE EQUAL TEE 90° PN10,HDPE Fittings,STK,0
40MM HDPE EQUAL TEE 90° PN16,HDPE Fittings,STK,0
50MM HDPE EQUAL TEE 90° PN10,HDPE Fittings,STK,0
50MM HDPE EQUAL TEE 90° PN16,HDPE Fittings,STK,0
63MM HDPE EQUAL TEE 90° PN10,HDPE Fittings,STK,0
63MM HDPE EQUAL TEE 90° PN16,HDPE Fittings,STK,0
75MM HDPE EQUAL TEE 90° PN10,HDPE Fittings,STK,0
75MM HDPE EQUAL TEE 90° PN16,HDPE Fittings,STK,0
90MM HDPE EQUAL TEE 90° PN10,HDPE Fittings,STK,0
90MM HDPE EQUAL TEE 90° PN16,HDPE Fittings,STK,0
"20MM X 1/2"" HDPE FEMALE ADAPTOR PN10",HDPE Fittings,STK,0
"20MM X 1/2"" HDPE FEMALE ADAPTOR PN16",HDPE Fittings,STK,0
"25MM X 1/2"" HDPE FEMALE ADAPTOR PN10",HDPE Fittings,STK,0
"25MM X 1/2"" HDPE FEMALE ADAPTOR PN16",HDPE Fittings,STK,0
"25MM X 3/4"" HDPE FEMALE ADAPTOR PN10",HDPE Fittings,STK,0
"25MM X 3/4"" HDPE FEMALE ADAPTOR PN16",HDPE Fittings,STK,0
"32MM X 1/2"" HDPE FEMALE ADAPTOR PN10",HDPE Fittings,STK,0
"32MM X 1/2"" HDPE FEMALE ADAPTOR PN16",HDPE Fittings,STK,0
"32MM X 3/4"" HDPE FEMALE ADAPTOR PN10",HDPE Fittings,STK,0
"32MM X 3/4"" HDPE FEMALE ADAPTOR PN16",HDPE Fittings,STK,0
"32MM X 1"" HDPE FEMALE ADAPTOR PN10",HDPE Fittings,STK,0
"32MM X 1"" HDPE FEMALE ADAPTOR PN16",HDPE Fittings,STK,0
"40MM X 1-1/4"" HDPE FEMALE ADAPTOR PN10",HDPE Fittings,STK,0
"40MM X 1-1/4"" HDPE FEMALE ADAPTOR PN16",HDPE Fittings,STK,0
"40MM X 1"" HDPE FEMALE ADAPTOR PN10",HDPE Fittings,STK,0
"40MM X 1"" HDPE FEMALE ADAPTOR PN16",HDPE Fittings,STK,0
"50MM X 1-1/2"" HDPE FEMALE ADAPTOR PN10",HDPE Fittings,STK,0
"50MM X 1-1/2"" HDPE FEMALE ADAPTOR PN16",HDPE Fittings,STK,0
"63MM X 2"" HDPE FEMALE ADAPTOR PN10",HDPE Fittings,STK,0
"63MM X 2"" HDPE FEMALE ADAPTOR PN16",HDPE Fittings,STK,0
"75MM X 2-1/2"" HDPE FEMALE ADAPTOR PN10",HDPE Fittings,STK,0
"75MM X 2-1/2"" HDPE FEMALE ADAPTOR PN16",HDPE Fittings,STK,0
"90MM X 3"" HDPE FEMALE ADAPTOR PN10",HDPE Fittings,STK,0
"90MM X 3"" HDPE FEMALE ADAPTOR PN16",HDPE Fittings,STK,0
"110MM X 4"" HDPE TEE F/T 90° PN10",HDPE Fittings,STK,0
"110MM X 4"" HDPE TEE F/T 90° PN16",HDPE Fittings,STK,0
"25MM X 3/4"" HDPE TEE F/T 90° PN10",HDPE Fittings,STK,0
"25MM X 3/4"" HDPE TEE F/T 90° PN16",HDPE Fittings,STK,0
"32MM X 1"" HDPE TEE F/T 90° PN10",HDPE Fittings,STK,0
"32MM X 1"" HDPE TEE F/T 90° PN16",HDPE Fittings,STK,0
"40MM X 1-1/4"" HDPE TEE F/T 90° PN10",HDPE Fittings,STK,0
"40MM X 1-1/4"" HDPE TEE F/T 90° PN16",HDPE Fittings,STK,0
"40MM X 1"" HDPE TEE F/T 90° PN10",HDPE Fittings,STK,0
"40MM X 1"" HDPE TEE F/T 90° PN16",HDPE Fittings,STK,0
"50MM X 1-1/4"" HDPE TEE F/T 90° PN10",HDPE Fittings,STK,0
"50MM X 1-1/4"" HDPE TEE F/T 90° PN16",HDPE Fittings,STK,0
"50MM X 1-1/2"" HDPE TEE F/T 90° PN10",HDPE Fittings,STK,0
"50MM X 1-1/2"" HDPE TEE F/T 90° PN16",HDPE Fittings,STK,0
"63MM X 2"" HDPE TEE F/T 90° PN10",HDPE Fittings,STK,0
"63MM X 2"" HDPE TEE F/T 90° PN16",HDPE Fittings,STK,0
"75MM X 2-1/2"" HDPE TEE F/T 90° PN10",HDPE Fittings,STK,0
"75MM X 2-1/2"" HDPE TEE F/T 90° PN16",HDPE Fittings,STK,0
"75MM X 3"" HDPE TEE F/T 90° PN10",HDPE Fittings,STK,0
"75MM X 3"" HDPE TEE F/T 90° PN16",HDPE Fittings,STK,0
"90MM X 1.5"" HDPE TEE F/T 90° PN10",HDPE Fittings,STK,0
"90MM X 1.5"" HDPE TEE F/T 90° PN16",HDPE Fittings,STK,0
"90MM X 3"" HDPE TEE F/T 90° PN10",HDPE Fittings,STK,0
"90MM X 3"" HDPE TEE F/T 90° PN16",HDPE Fittings,STK,0
"110MM X 4"" HDPE FLANGED ADAPTER PN10",HDPE Fittings,STK,0
"110MM X 4"" HDPE FLANGED ADAPTER PN16",HDPE Fittings,STK,0
"50MM X 2"" HDPE FLANGED ADAPTER PN10",HDPE Fittings,STK,0
"50MM X 2"" HDPE FLANGED ADAPTER PN16",HDPE Fittings,STK,0
"40MM X 1-1/2"" HDPE FLANGED ADAPTER PN10",HDPE Fittings,STK,0
"40MM X 1-1/2"" HDPE FLANGED ADAPTER PN16",HDPE Fittings,STK,0
"50MM X 1-1/2"" HDPE FLANGED ADAPTER PN10",HDPE Fittings,STK,0
"50MM X 1-1/2"" HDPE FLANGED ADAPTER PN16",HDPE Fittings,STK,0
"50MM X 1"" HDPE FLANGED ADAPTER PN10",HDPE Fittings,STK,0
"50MM X 1"" HDPE FLANGED ADAPTER PN16",HDPE Fittings,STK,0
"63MM X 2"" HDPE FLANGED ADAPTER PN10",HDPE Fittings,STK,0
"63MM X 2"" HDPE FLANGED ADAPTER PN16",HDPE Fittings,STK,0
"75MM X 2-1/2"" HDPE FLANGED ADAPTER PN10",HDPE Fittings,STK,0
"75MM X 2-1/2"" HDPE FLANGED ADAPTER PN16",HDPE Fittings,STK,0
"90MM X 3"" HDPE FLANGED ADAPTER PN10",HDPE Fittings,STK,0
"90MM X 3"" HDPE FLANGED ADAPTER PN16",HDPE Fittings,STK,0
"110MM X 3"" HDPE ELBOW F/T 90° PN10",HDPE Fittings,STK,0
"110MM X 3"" HDPE ELBOW F/T  90° PN16",HDPE Fittings,STK,0
"110MM X 4"" HDPE ELBOW F/T 90° PN10",HDPE Fittings,STK,0
"110MM X 4"" HDPE ELBOW F/T 90° PN16",HDPE Fittings,STK,0
"20MM X 1/2"" HDPE ELBOW F/T 90° PN10",HDPE Fittings,STK,0
"20MM X 1/2"" HDPE ELBOW F/T 90° PN16",HDPE Fittings,STK,0
"25MM X 1/2"" HDPE ELBOW F/T 90° PN10",HDPE Fittings,STK,0
"25MM X 1/2"" HDPE ELBOW F/T 90° PN16",HDPE Fittings,STK,0
"25MM X 3/4"" HDPE ELBOW F/T 90° PN10",HDPE Fittings,STK,0
"25MM X 3/4"" HDPE ELBOW F/T 90° PN16",HDPE Fittings,STK,0
"32MM X 1/2"" HDPE ELBOW F/T 90° PN10",HDPE Fittings,STK,0
"32MM X 1/2"" HDPE ELBOW F/T 90° PN16",HDPE Fittings,STK,0
"32MM X 3/4"" HDPE ELBOW F/T 90° PN10",HDPE Fittings,STK,0
"32MM X 3/4"" HDPE ELBOW F/T 90° PN16",HDPE Fittings,STK,0
"32MM X 1"" HDPE ELBOW F/T 90° PN10",HDPE Fittings,STK,0
"32MM X 1"" HDPE ELBOW F/T 90° PN16",HDPE Fittings,STK,0
"40MM X 1-1/4"" HDPE ELBOW F/T 90° PN10",HDPE Fittings,STK,0
"40MM X 1-1/4"" HDPE ELBOW F/T 90° PN16",HDPE Fittings,STK,0
"50MM X 1-1/2"" HDPE ELBOW F/T 90° PN10",HDPE Fittings,STK,0
"50MM X 1-1/2"" HDPE ELBOW F/T 90° PN16",HDPE Fittings,STK,0
"63MM X 2"" HDPE ELBOW F/T 90° PN10",HDPE Fittings,STK,0
"63MM X 2"" HDPE ELBOW F/T 90° PN16",HDPE Fittings,STK,0
"75MM X 2-1/2"" HDPE ELBOW F/T 90° PN10",HDPE Fittings,STK,0
"75MM X 2-1/2"" HDPE ELBOW F/T 90° PN16",HDPE Fittings,STK,0
"90MM X 3"" HDPE ELBOW F/T 90° PN10",HDPE Fittings,STK,0
"90MM X 3"" HDPE ELBOW F/T 90° PN16",HDPE Fittings,STK,0
"110MM X 4"" HDPE FEMALE ADAPTOR PN10",HDPE Fittings,STK,0
"110MM X 4"" HDPE FEMALE ADAPTOR PN16",HDPE Fittings,STK,0
"32MM X 1"" HDPE FEMALE ADAPTOR PN10",HDPE Fittings,STK,0
"32MM X 1"" HDPE FEMALE ADAPTOR PN16",HDPE Fittings,STK,0
"63MM X 2"" HDPE FEMALE ADAPTOR PN10",HDPE Fittings,STK,0
"63MM X 2"" HDPE FEMALE ADAPTOR PN16",HDPE Fittings,STK,0
"90MM X 3"" HDPE FEMALE ADAPTOR PN10",HDPE Fittings,STK,0
"90MM X 3"" HDPE FEMALE ADAPTOR PN16",HDPE Fittings,STK,0
20MM X 1/2 IN LATERAL THRDED HDPE ELBOW 90° PN10,HDPE Fittings,STK,0
20MM X 1/2 IN LATERAL THRDED HDPE ELBOW 90° PN16,HDPE Fittings,STK,0
25MM X 1/2 IN LATERAL THREADED HDPE ELBOW 90° PN10,HDPE Fittings,STK,0
25MM X 1/2 IN LATERAL THREADED HDPE ELBOW 90° PN16,HDPE Fittings,STK,0
32MM X 1/2 IN LATERAL THRDED HDPE ELBOW 90° PN10,HDPE Fittings,STK,0
32MM X 1/2 IN LATERAL THRDED HDPE ELBOW 90° PN16,HDPE Fittings,STK,0
32MM X 1/2 IN LATERAL THRDED HDPE ELBOW 90° PN10,HDPE Fittings,STK,0
32MM X 1/2 IN LATERAL THRDED HDPE ELBOW 90° PN16,HDPE Fittings,STK,0
"110MM X 4"" HDPE ELBOW M/T 90° PN10",HDPE Fittings,STK,0
"110MM X 4"" HDPE ELBOW M/T 90° PN16",HDPE Fittings,STK,0
"32MM X 1"" HDPE ELBOW M/T 90° PN10",HDPE Fittings,STK,0
"32MM X 1"" HDPE ELBOW M/T 90° PN16",HDPE Fittings,STK,0
"63MM X 2"" HDPE ELBOW M/T 90° PN10",HDPE Fittings,STK,0
"63MM X 2"" HDPE ELBOW M/T 90° PN16",HDPE Fittings,STK,0
"90MM X 3"" HDPE ELBOW M/T 90° PN10",HDPE Fittings,STK,0
"90MM X 3"" HDPE ELBOW M/T 90° PN16",HDPE Fittings,STK,0
"110MM X 4"" HDPE TEE M/T 90° PN10",HDPE Fittings,STK,0
"110MM X 4"" HDPE TEE M/T 90° PN16",HDPE Fittings,STK,0
"20MM X 1/2"" HDPE TEE M/T 90° PN10",HDPE Fittings,STK,0
"20MM X 1/2"" HDPE TEE M/T 90° PN16",HDPE Fittings,STK,0
"25MM X 3/4"" HDPE TEE M/T 90° PN10",HDPE Fittings,STK,0
"25MM X 3/4"" HDPE TEE M/T 90° PN16",HDPE Fittings,STK,0
"32MM X 1"" HDPE TEE M/T 90° PN10",HDPE Fittings,STK,0
"32MM X 1"" HDPE TEE M/T 90° PN16",HDPE Fittings,STK,0
"40MM X 1-1/4"" HDPE TEE M/T 90° PN10",HDPE Fittings,STK,0
"40MM X 1-1/4"" HDPE TEE M/T 90° PN16",HDPE Fittings,STK,0
"50MM X 1-1/2"" HDPE TEE M/T 90° PN10",HDPE Fittings,STK,0
"50MM X 1-1/2"" HDPE TEE M/T 90° PN16",HDPE Fittings,STK,0
"63MM X 2"" HDPE TEE M/T 90° PN10",HDPE Fittings,STK,0
"63MM X 2"" HDPE TEE M/T 90° PN16",HDPE Fittings,STK,0
"75MM X 2-1/2"" HDPE TEE M/T 90° PN10",HDPE Fittings,STK,0
"75MM X 2-1/2"" HDPE TEE M/T 90° PN16",HDPE Fittings,STK,0
"90MM X 3"" HDPE TEE M/T 90° PN10",HDPE Fittings,STK,0
"90MM X 3"" HDPE TEE M/T 90° PN16",HDPE Fittings,STK,0
"110MM X 4"" HDPE MALE ADAPTOR PN10",HDPE Fittings,STK,0
"110MM X 4"" HDPE MALE ADAPTOR PN16",HDPE Fittings,STK,0
"20MM X 1/2"" HDPE MALE ADAPTOR PN10",HDPE Fittings,STK,0
"20MM X 1/2"" HDPE MALE ADAPTOR PN16",HDPE Fittings,STK,0
"32MM X 1/2"" HDPE MALE ADAPTOR PN16",HDPE Fittings,STK,0
"32MM X 3/4"" HDPE MALE ADAPTOR PN16",HDPE Fittings,STK,0
"32MM X 1"" HDPE MALE ADAPTOR PN10",HDPE Fittings,STK,0
"32MM X 1"" HDPE MALE ADAPTOR PN16",HDPE Fittings,STK,0
"50MM X 1-1/2"" HDPE MALE ADAPTOR PN10",HDPE Fittings,STK,0
"50MM X 1-1/2"" HDPE MALE ADAPTOR PN16",HDPE Fittings,STK,0
"50MM X 2"" HDPE MALE ADAPTOR PN10",HDPE Fittings,STK,0
"50MM X 2"" HDPE MALE ADAPTOR PN16",HDPE Fittings,STK,0
"63MM X 1.5"" HDPE MALE ADAPTOR PN16",HDPE Fittings,STK,0
"63MM X 2"" HDPE MALE ADAPTOR PN10",HDPE Fittings,STK,0
"63MM X 2"" HDPE MALE ADAPTOR PN16",HDPE Fittings,STK,0
"75MM X 2-1/2"" HDPE MALE ADAPTOR PN10",HDPE Fittings,STK,0
"75MM X 2-1/2"" HDPE MALE ADAPTOR PN16",HDPE Fittings,STK,0
"90MM X 2.5"" HDPE MALE ADAPTOR PN16",HDPE Fittings,STK,0
"90MM X 3"" HDPE MALE ADAPTOR PN10",HDPE Fittings,STK,0
"90MM X 3"" HDPE MALE ADAPTOR PN16",HDPE Fittings,STK,0
"25MM X 3/4"" HDPE MALE ADAPTOR PN10",HDPE Fittings,STK,0
"25MM X 3/4"" HDPE MALE ADAPTOR PN16",HDPE Fittings,STK,0
"40MM X 1-1/4"" HDPE MALE ADAPTOR PN10",HDPE Fittings,STK,0
"40MM X 1-1/4"" HDPE MALE ADAPTOR PN16",HDPE Fittings,STK,0
"110MM X 4"" HDPE ELBOW M/T 90° PN10",HDPE Fittings,STK,0
"110MM X 4"" HDPE ELBOW M/T 90° PN16",HDPE Fittings,STK,0
"20MM X 1/2"" HDPE ELBOW M/T 90° PN10",HDPE Fittings,STK,0
"20MM X 1/2"" HDPE ELBOW M/T 90° PN16",HDPE Fittings,STK,0
"25MM X 3/4"" HDPE ELBOW M/T 90° PN10",HDPE Fittings,STK,0
"25MM X 3/4"" HDPE ELBOW M/T 90° PN16",HDPE Fittings,STK,0
"32MM X 1"" HDPE ELBOW M/T 90° PN10",HDPE Fittings,STK,0
"32MM X 1"" HDPE ELBOW M/T 90° PN16",HDPE Fittings,STK,0
"40MM X 1-1/4"" HDPE ELBOW M/T 90° PN10",HDPE Fittings,STK,0
"40MM X 1-1/4"" HDPE ELBOW M/T 90° PN16",HDPE Fittings,STK,0
"50MM X 1-1/2"" HDPE ELBOW M/T 90° PN10",HDPE Fittings,STK,0
"50MM X 1-1/2"" HDPE ELBOW M/T  90° PN16",HDPE Fittings,STK,0
"63MM X 1-1/2"" HDPE ELBOW M/T 90° PN10",HDPE Fittings,STK,0
"63MM X 1-1/2"" HDPE ELBOW M/T 90° PN16",HDPE Fittings,STK,0
"63MM X 2"" HDPE ELBOW M/T 90° PN10",HDPE Fittings,STK,0
"63MM X 2"" HDPE ELBOW M/T 90° PN16",HDPE Fittings,STK,0
"75MM X 2-1/2"" HDPE ELBOW M/T 90° PN10",HDPE Fittings,STK,0
"75MM X 2-1/2"" HDPE ELBOW M/T  90° PN16",HDPE Fittings,STK,0
"90MM X 3"" HDPE ELBOW M/T 90° PN10",HDPE Fittings,STK,0
"90MM X 3"" HDPE ELBOW M/T 90° PN16",HDPE Fittings,STK,0
"HDPE COMPRESSION FITTING PEG 3/4"" X 0.75"" PN 10",HDPE Fittings,STK,0
"HDPE COMPRESSION FITTING PEG 3/4"" X 0.75"" PN 16",HDPE Fittings,STK,0
"HDPE COMPRESSION FITTING PEG EXTENSION 0.75"" PN 10",HDPE Fittings,STK,0
"HDPE COMPRESSION FITTING PEG EXTENSION 0.75"" PN 16",HDPE Fittings,STK,0
"HDPE COMPRESSION FITTING PEGTEE 32MM X 0.75"" PN 10",HDPE Fittings,STK,0
"HDPE COMPRESSION FITTING PEGTEE 32MM X 0.75"" PN 16",HDPE Fittings,STK,0
HDPE COMPRESSION REDUCING COUPLER 110X75 PN 16,HDPE Fittings,STK,0
HDPE COMPRESSION REDUCING COUPLER 110X90 PN 16,HDPE Fittings,STK,0
25MM X 20MM HDPE REDUCING COUPLER PN10,HDPE Fittings,STK,0
25MM X 20MM HDPE REDUCING COUPLER PN16,HDPE Fittings,STK,0
32MM X 20MM HDPE REDUCING COUPLER PN10,HDPE Fittings,STK,0
32MM X 20MM HDPE REDUCING COUPLER PN16,HDPE Fittings,STK,0
32MM X 25MM HDPE REDUCING COUPLER PN10,HDPE Fittings,STK,0
32MM X 25MM HDPE REDUCING COUPLER PN16,HDPE Fittings,STK,0
40MM X 25MM HDPE REDUCING COUPLER PN10,HDPE Fittings,STK,0
40MM X 25MM HDPE REDUCING COUPLER PN16,HDPE Fittings,STK,0
40MM X 32MM HDPE REDUCING COUPLER PN10,HDPE Fittings,STK,0
40MM X 32MM HDPE REDUCING COUPLER PN16,HDPE Fittings,STK,0
50MM X 25MM HDPE REDUCING COUPLER PN10,HDPE Fittings,STK,0
50MM X 25MM HDPE REDUCING COUPLER PN16,HDPE Fittings,STK,0
50MM X 32MM HDPE REDUCING COUPLER PN10,HDPE Fittings,STK,0
50MM X 32MM HDPE REDUCING COUPLER PN16,HDPE Fittings,STK,0
50MM X 40MM HDPE REDUCING COUPLER PN10,HDPE Fittings,STK,0
50MM X 40MM HDPE REDUCING COUPLER PN16,HDPE Fittings,STK,0
63MM X 25MM HDPE REDUCING COUPLER PN10,HDPE Fittings,STK,0
63MM X 25MM HDPE REDUCING COUPLER PN16,HDPE Fittings,STK,0
63MM X 32MM HDPE REDUCING COUPLER PN10,HDPE Fittings,STK,0
63MM X 32MM HDPE REDUCING COUPLER PN16,HDPE Fittings,STK,0
63MM X 40MM HDPE REDUCING COUPLER PN10,HDPE Fittings,STK,0
63MM X 40MM HDPE REDUCING COUPLER PN16,HDPE Fittings,STK,0
63MM X 50MM HDPE REDUCING COUPLER PN10,HDPE Fittings,STK,0
63MM X 50MM HDPE REDUCING COUPLER PN16,HDPE Fittings,STK,0
75MM X 50MM HDPE REDUCING COUPLER PN10,HDPE Fittings,STK,0
75MM X 50MM HDPE REDUCING COUPLER PN16,HDPE Fittings,STK,0
75MM X 63MM HDPE REDUCING COUPLER PN10,HDPE Fittings,STK,0
75MM X 63MM HDPE REDUCING COUPLER PN16,HDPE Fittings,STK,0
90MM X 50MM HDPE REDUCING COUPLER PN10,HDPE Fittings,STK,0
90MM X 50MM HDPE REDUCING COUPLER PN16,HDPE Fittings,STK,0
90MM X 63MM HDPE REDUCING COUPLER PN10,HDPE Fittings,STK,0
90MM X 63MM HDPE REDUCING COUPLER PN16,HDPE Fittings,STK,0
90MM X 75MM HDPE REDUCING COUPLER PN10,HDPE Fittings,STK,0
90MM X 75MM HDPE REDUCING COUPLER PN16,HDPE Fittings,STK,0
110MM X 32MM HDPE REDUCING COUPLER PN10,HDPE Fittings,STK,0
110MM X 32MM HDPE REDUCING COUPLER PN16,HDPE Fittings,STK,0
110MM X 75MM HDPE REDUCING COUPLER PN10,HDPE Fittings,STK,0
110MM X 75MM HDPE REDUCING COUPLER PN16,HDPE Fittings,STK,0
110MM X 90MM HDPE REDUCING COUPLER PN10,HDPE Fittings,STK,0
110MM X 90MM HDPE REDUCING COUPLER PN16,HDPE Fittings,STK,0
110MM X 32MM HDPE REDUCING TEE PN10,HDPE Fittings,STK,0
110MM X 32MM HDPE REDUCING TEE PN16,HDPE Fittings,STK,0
110MM X 75MM HDPE REDUCING TEE PN10,HDPE Fittings,STK,0
110MM X 75MM HDPE REDUCING TEE PN16,HDPE Fittings,STK,0
110MM X 90MM HDPE REDUCING TEE PN10,HDPE Fittings,STK,0
110MM X 90MM HDPE REDUCING TEE PN16,HDPE Fittings,STK,0
25MM X 20MM HDPE REDUCING TEE PN10,HDPE Fittings,STK,0
25MM X 20MM HDPE REDUCING TEE PN16,HDPE Fittings,STK,0
32MM X 20MM HDPE REDUCING TEE PN10,HDPE Fittings,STK,0
32MM X 20MM HDPE REDUCING TEE PN16,HDPE Fittings,STK,0
32MM X 25MM HDPE REDUCING TEE PN10,HDPE Fittings,STK,0
32MM X 25MM HDPE REDUCING TEE PN16,HDPE Fittings,STK,0
40MM X 25MM HDPE REDUCING TEE PN10,HDPE Fittings,STK,0
40MM X 25MM HDPE REDUCING TEE PN16,HDPE Fittings,STK,0
40MM X 32MM HDPE REDUCING TEE PN10,HDPE Fittings,STK,0
40MM X 32MM HDPE REDUCING TEE PN16,HDPE Fittings,STK,0
50MM X 25MM HDPE REDUCING TEE PN10,HDPE Fittings,STK,0
50MM X 25MM HDPE REDUCING TEE PN16,HDPE Fittings,STK,0
50MM X 32MM HDPE REDUCING TEE PN10,HDPE Fittings,STK,0
50MM X 32MM HDPE REDUCING TEE PN16,HDPE Fittings,STK,0
50MM X 40MM HDPE REDUCING TEE PN10,HDPE Fittings,STK,0
50MM X 40MM HDPE REDUCING TEE PN16,HDPE Fittings,STK,0
63MM X 25MM HDPE REDUCING TEE PN10,HDPE Fittings,STK,0
63MM X 25MM HDPE REDUCING TEE PN16,HDPE Fittings,STK,0
63MM X 32MM HDPE REDUCING TEE PN10,HDPE Fittings,STK,0
63MM X 32MM HDPE REDUCING TEE PN16,HDPE Fittings,STK,0
63MM X 40MM HDPE REDUCING TEE PN10,HDPE Fittings,STK,0
63MM X 40MM HDPE REDUCING TEE PN16,HDPE Fittings,STK,0
63MM X 50MM HDPE REDUCING TEE PN10,HDPE Fittings,STK,0
63MM X 50MM HDPE REDUCING TEE PN16,HDPE Fittings,STK,0
75MM X 32MM HDPE REDUCING TEE PN10,HDPE Fittings,STK,0
75MM X 32MM HDPE REDUCING TEE PN16,HDPE Fittings,STK,0
75MM X 40MM HDPE REDUCING TEE PN10,HDPE Fittings,STK,0
75MM X 40MM HDPE REDUCING TEE PN16,HDPE Fittings,STK,0
75MM X 50MM HDPE REDUCING TEE PN10,HDPE Fittings,STK,0
75MM X 50MM HDPE REDUCING TEE PN16,HDPE Fittings,STK,0
75MM X 63MM HDPE REDUCING TEE PN10,HDPE Fittings,STK,0
75MM X 63MM HDPE REDUCING TEE PN16,HDPE Fittings,STK,0
90MM X 63MM HDPE REDUCING TEE PN10,HDPE Fittings,STK,0
90MM X 63MM HDPE REDUCING TEE PN16,HDPE Fittings,STK,0
90MM X 75MM HDPE REDUCING TEE PN10,HDPE Fittings,STK,0
90MM X 75MM HDPE REDUCING TEE PN16,HDPE Fittings,STK,0
110MM HDPE REPAIR COUPLER PN16,HDPE Fittings,STK,0
25MM HDPE REPAIR COUPLER PN16,HDPE Fittings,STK,0
32MM HDPE REPAIR COUPLER PN16,HDPE Fittings,STK,0
40MM HDPE REPAIR COUPLER PN16,HDPE Fittings,STK,0
50MM HDPE REPAIR COUPLER PN16,HDPE Fittings,STK,0
63MM HDPE REPAIR COUPLER PN16,HDPE Fittings,STK,0
75MM HDPE REPAIR COUPLER PN16,HDPE Fittings,STK,0
90MM HDPE REPAIR COUPLER PN16,HDPE Fittings,STK,0
110MM X 20MM COMPRESSION OUTLET SADDLE CLAMP PN16,HDPE Fittings,STK,0
110MM X 25MM COMPRESSION OUTLET SADDLE CLAMP PN16,HDPE Fittings,STK,0
110MM X 32MM COMPRESSION OUTLET SADDLE CLAMP PN16,HDPE Fittings,STK,0
160MM X 20MM COMPRESSION OUTLET SADDLE CLAMP PN16,HDPE Fittings,STK,0
160MM X 25MM COMPRESSION OUTLET SADDLE CLAMP PN16,HDPE Fittings,STK,0
160MM X 32MM COMPRESSION OUTLET SADDLE CLAMP PN16,HDPE Fittings,STK,0
63MM X 32MM COMPRESSION OUTLET SADDLE CLAMP PN16,HDPE Fittings,STK,0
90MM X 32MM COMPRESSION OUTLET SADDLE CLAMP PN16,HDPE Fittings,STK,0
20/27MM X 25MM UNIVERSAL TRANSITION COUPLER PN16,HDPE Fittings,STK,0
27/34MM X 32MM UNIVERSAL TRANSITION COUPLER PN16,HDPE Fittings,STK,0
UNIDELTA COMPRESSION FITTINGS WRENCH 16MM - 63MM,HDPE Fittings,STK,0
UNIDELTA COMPRESSION FITTINGS WRENCH 63MM - 110MM,HDPE Fittings,STK,0
75MM X 1-1/2 INCH DOUBLE SADDLE CLAMP PN16,HDPE Fittings,STK,0
75MM X 2 INCH DOUBLE SADDLE CLAMP PN16,HDPE Fittings,STK,0
110MM E/F COUPLER PN 16,HDPE Fittings,STK,0
125MM E/F COUPLER  PN 16,HDPE Fittings,STK,0
140MM E/F COUPLER PN 16,HDPE Fittings,STK,0
160MM E/F COUPLER PN 16,HDPE Fittings,STK,0
180MM E/F COUPLER PN 16,HDPE Fittings,STK,0
20MM E/F COUPLER PN 16,HDPE Fittings,STK,0
200MM E/F COUPLER PN 16,HDPE Fittings,STK,0
225MM E/F COUPLER PN 10,HDPE Fittings,STK,0
225MM E/F COUPLER PN 16,HDPE Fittings,STK,0
25MM E/F COUPLER  PN 16,HDPE Fittings,STK,0
250MM E/F COUPLER PN 10,HDPE Fittings,STK,0
250MM E/F COUPLER PN 16,HDPE Fittings,STK,0
280MM E/F COUPLER PN 10,HDPE Fittings,STK,0
280MM E/F COUPLER PN 16,HDPE Fittings,STK,0
315MM E/F COUPLER PN 10,HDPE Fittings,STK,0
315MM E/F COUPLER PN 16,HDPE Fittings,STK,0
315MM E/F COUPLER PN 20,HDPE Fittings,STK,0
32MM E/F COUPLER   PN 16,HDPE Fittings,STK,0
355MM E/F COUPLER PN 10,HDPE Fittings,STK,0
355MM E/F COUPLER PN 16,HDPE Fittings,STK,0
40MM E/F COUPLER  PN 16,HDPE Fittings,STK,0
400MM E/F COUPLER PN 10,HDPE Fittings,STK,0
400MM E/F COUPLER PN 16,HDPE Fittings,STK,0
400MM E/F COUPLER PN 20,HDPE Fittings,STK,0
50MM E/F COUPLER PN 16,HDPE Fittings,STK,0
500MM E/F COUPLER PN 10,HDPE Fittings,STK,0
500MM E/F COUPLER PN 16,HDPE Fittings,STK,0
63MM E/F COUPLER PN 16,HDPE Fittings,STK,0
630MM E/F COUPLER PN 16,HDPE Fittings,STK,0
75MM E/F COUPLER  PN 16,HDPE Fittings,STK,0
90MM E/F COUPLER  PN 16,HDPE Fittings,STK,0
110MM  E/F ELBOW 45ø PN 16,HDPE Fittings,STK,0
125MM  E/F ELBOW 45ø  PN 16,HDPE Fittings,STK,0
160MM  E/F ELBOW 45ø  PN 16,HDPE Fittings,STK,0
180MM  E/F ELBOW 45ø  PN 16,HDPE Fittings,STK,0
32MM  E/F ELBOW 45ø  PN 16,HDPE Fittings,STK,0
40MM  E/F ELBOW 45ø  PN 16,HDPE Fittings,STK,0
50MM  E/F ELBOW 45ø  PN 16,HDPE Fittings,STK,0
63MM  E/F ELBOW 45ø  PN 16,HDPE Fittings,STK,0
75MM  E/F ELBOW 45ø  PN 16,HDPE Fittings,STK,0
90MM  E/F ELBOW 45ø  PN 16,HDPE Fittings,STK,0
110MM E/F ELBOW 90ø  PN 16,HDPE Fittings,STK,0
125MM E/F ELBOW 90ø  PN 16,HDPE Fittings,STK,0
160MM E/F ELBOW 90ø  PN 16,HDPE Fittings,STK,0
180MM E/F ELBOW 90ø  PN 16,HDPE Fittings,STK,0
25MM E/F ELBOW 90ø  PN 16,HDPE Fittings,STK,0
32MM E/F ELBOW 90ø  PN 16,HDPE Fittings,STK,0
40MM E/F ELBOW 90ø  PN 16,HDPE Fittings,STK,0
50MM E/F ELBOW 90ø  PN 16,HDPE Fittings,STK,0
63MM E/F ELBOW 90ø  PN 16,HDPE Fittings,STK,0
75MM E/F ELBOW 90ø  PN 16,HDPE Fittings,STK,0
90MM E/F ELBOW 90ø  PN 16,HDPE Fittings,STK,0
110MM E/F END CAP PN 16,HDPE Fittings,STK,0
125MM E/F END CAP PN 16,HDPE Fittings,STK,0
160MM E/F END CAP PN 16,HDPE Fittings,STK,0
180MM E/F END CAP PN 16,HDPE Fittings,STK,0
20MM E/F END CAP  PN 16,HDPE Fittings,STK,0
200MM E/F END CAP PN 16,HDPE Fittings,STK,0
225MM E/F END CAP PN 16,HDPE Fittings,STK,0
25MM E/F END CAP  PN 16,HDPE Fittings,STK,0
32MM E/F END CAP  PN 16,HDPE Fittings,STK,0
40MM E/F END CAP  PN 16,HDPE Fittings,STK,0
50MM E/F END CAP  PN 16,HDPE Fittings,STK,0
63MM E/F END CAP  PN 16,HDPE Fittings,STK,0
90MM E/F END CAP  PN 16,HDPE Fittings,STK,0
110MMX63MM E/F REDUCER COUPLER PN 16,HDPE Fittings,STK,0
110MMX90MM E/F REDUCER COUPLER PN 16,HDPE Fittings,STK,0
125MMX63MM E/F REDUCER COUPLER PN 16,HDPE Fittings,STK,0
125MMX90MM E/F REDUCER COUPLER PN 16,HDPE Fittings,STK,0
160MMX110MM E/F REDUCER COUPLER PN 16,HDPE Fittings,STK,0
180MMX125MM E/F REDUCER COUPLER PN 16,HDPE Fittings,STK,0
200MMX160MM E/F REDUCER COUPLER PN 16,HDPE Fittings,STK,0
225MMX160MM E/F REDUCER COUPLER PN 16,HDPE Fittings,STK,0
250MMX180MM E/F REDUCER COUPLER PN 16,HDPE Fittings,STK,0
25MMX20MM E/F REDUCER COUPLER PN 16,HDPE Fittings,STK,0
315MMX250MM E/F REDUCER COUPLER PN 16,HDPE Fittings,STK,0
32MMX20MM E/F REDUCER COUPLER PN 16,HDPE Fittings,STK,0
32MMX25MM E/F REDUCER COUPLER PN 16,HDPE Fittings,STK,0
40MMX32MM E/F REDUCER COUPLER PN 16,HDPE Fittings,STK,0
50MMX32MM E/F REDUCER COUPLER PN 16,HDPE Fittings,STK,0
63MMX32MM E/F REDUCER COUPLER PN 16,HDPE Fittings,STK,0
63MMX40MM E/F REDUCER COUPLER PN 16,HDPE Fittings,STK,0
63MMX50MM E/F REDUCER COUPLER PN 16,HDPE Fittings,STK,0
90MMX63MM E/F REDUCER COUPLER PN 16,HDPE Fittings,STK,0
90MMX75MM E/F REDUCER COUPLER PN 16,HDPE Fittings,STK,0
355MMX315MM HDPE EF REDUCER PE100 SDR17 PN 10,HDPE Fittings,STK,0
110MM E/F TEE PN 16,HDPE Fittings,STK,0
125MM E/F TEE PN 16,HDPE Fittings,STK,0
160MM E/F TEE PN 16,HDPE Fittings,STK,0
180MM E/F TEE PN 16,HDPE Fittings,STK,0
20MM E/F TEE  PN 16,HDPE Fittings,STK,0
200MM E/F TEE  PN 16,HDPE Fittings,STK,0
25MM E/F TEE  PN 16,HDPE Fittings,STK,0
32MM E/F TEE  PN 16,HDPE Fittings,STK,0
40MM E/F TEE  PN 16,HDPE Fittings,STK,0
50MM E/F TEE  PN 16,HDPE Fittings,STK,0
63MM E/F TEE  PN 16,HDPE Fittings,STK,0
75MM E/F TEE  PN 16,HDPE Fittings,STK,0
90MM E/F TEE  PN 16,HDPE Fittings,STK,0
315MM X 50MM E/F TOP SADDLE PN 16,HDPE Fittings,STK,0
450MM X 50MM E/F TOP SADDLE PN 16,HDPE Fittings,STK,0
500MM X 160MM E/F TOP SADDLE PN 16,HDPE Fittings,STK,0
500MM X 250MM E/F TOP SADDLE PN 16,HDPE Fittings,STK,0
500MM X 50MM E/F TOP SADDLE PN 16,HDPE Fittings,STK,0
560MM X 110MM E/F TOP SADDLE PN 16,HDPE Fittings,STK,0
630MM X 200MM E/F TOP SADDLE PN 16,HDPE Fittings,STK,0
630MM X 250MM E/F TOP SADDLE PN 16,HDPE Fittings,STK,0
630MM X 90MM E/F TOP SADDLE PN 16,HDPE Fittings,STK,0
32MM X 1 INCH ELECTROFUSION MALE BRASS TRANSITION,HDPE Fittings,STK,0
63 MM X 2 INCH ELECTROFUSION MALE BRASS TRANSITION,HDPE Fittings,STK,0
90 MM X 3 INCH ELECTROFUSION MALE BRASS TRANSITION,HDPE Fittings,STK,0
110MM X 32MM E/F UNDERCLAMP BRANCH SADDLE PN 16,HDPE Fittings,STK,0
110MM X 63MM E/F UNDERCLAMP BRANCH SADDLE PN 16,HDPE Fittings,STK,0
125MM X 32MM E/F UNDERCLAMP BRANCH SADDLE PN 16,HDPE Fittings,STK,0
125MM X 63MM E/F UNDERCLAMP BRANCH SADDLE PN 16,HDPE Fittings,STK,0
140MM X 32MM E/F UNDERCLAMP BRANCH SADDLE PN 16,HDPE Fittings,STK,0
140MM X 63MM E/F UNDERCLAMP BRANCH SADDLE PN 16,HDPE Fittings,STK,0
160MM X 32MM E/F UNDERCLAMP BRANCH SADDLE PN 16,HDPE Fittings,STK,0
160MM X 63MM E/F UNDERCLAMP BRANCH SADDLE PN 16,HDPE Fittings,STK,0
160MM X 90MM E/F UNDERCLAMP BRANCH SADDLE PN 16,HDPE Fittings,STK,0
180MM X 32MM E/F UNDERCLAMP BRANCH SADDLE PN 16,HDPE Fittings,STK,0
180MM X 63MM E/F UNDERCLAMP BRANCH SADDLE PN 16,HDPE Fittings,STK,0
180MM X 90MM E/F UNDERCLAMP BRANCH SADDLE PN 16,HDPE Fittings,STK,0
200MM X 32MM E/F UNDERCLAMP BRANCH SADDLE PN 16,HDPE Fittings,STK,0
200MM X 63MM E/F UNDERCLAMP BRANCH SADDLE PN 16,HDPE Fittings,STK,0
225MM X 32MM E/F UNDERCLAMP BRANCH SADDLE PN 16,HDPE Fittings,STK,0
225MM X 63MM E/F UNDERCLAMP BRANCH SADDLE PN 16,HDPE Fittings,STK,0
250MM X 32MM E/F UNDERCLAMP BRANCH SADDLE PN 16,HDPE Fittings,STK,0
250MM X 63MM E/F UNDERCLAMP BRANCH SADDLE PN 16,HDPE Fittings,STK,0
63MM X 32MM E/F UNDERCLAMP BRANCH SADDLE PN 16,HDPE Fittings,STK,0
75MM X 32MM E/F UNDERCLAMP BRANCH SADDLE PN 16,HDPE Fittings,STK,0
90MM X 32MM E/F UNDERCLAMP BRANCH SADDLE PN 16,HDPE Fittings,STK,0
90MM X 63MM E/F UNDERCLAMP BRANCH SADDLE PN 16,HDPE Fittings,STK,0
200MM X 90MM E/F UNDERCLAMP SADDLE PN 10,HDPE Fittings,STK,0
225MM X 90MM E/F UNDERCLAMP SADDLE PN 10,HDPE Fittings,STK,0
250MM X 90MM E/F UNDERCLAMP SADDLE PN 10,HDPE Fittings,STK,0
110MM X 20MM E/F UNDERCLAMP TAPPING TEE PN 16,HDPE Fittings,STK,0
110MM X 25MM E/F UNDERCLAMP TAPPING TEE PN 16,HDPE Fittings,STK,0
110MM X 32MM E/F UNDERCLAMP TAPPING TEE PN 16,HDPE Fittings,STK,0
110MM X 63MM E/F UNDERCLAMP TAPPING TEE PN 16,HDPE Fittings,STK,0
125MM X 32MM E/F UNDERCLAMP TAPPING TEE PN 16,HDPE Fittings,STK,0
125MM X 63MM E/F UNDERCLAMP TAPPING TEE PN 16,HDPE Fittings,STK,0
140MM X 32MM E/F UNDERCLAMP TAPPING TEE PN 16,HDPE Fittings,STK,0
140MM X 63MM E/F UNDERCLAMP TAPPING TEE PN 16,HDPE Fittings,STK,0
160MM X 20MM E/F UNDERCLAMP TAPPING TEE PN 16,HDPE Fittings,STK,0
160MM X 25MM E/F UNDERCLAMP TAPPING TEE PN 16,HDPE Fittings,STK,0
160MM X 32MM E/F UNDERCLAMP TAPPING TEE PN 16,HDPE Fittings,STK,0
160MM X 63MM E/F UNDERCLAMP TAPPING TEE PN 16,HDPE Fittings,STK,0
180MM X 32MM E/F UNDERCLAMP TAPPING TEE PN 16,HDPE Fittings,STK,0
180MM X 63MM E/F UNDERCLAMP TAPPING TEE PN 16,HDPE Fittings,STK,0
200MM X 32MM E/F UNDERCLAMP TAPPING TEE PN 16,HDPE Fittings,STK,0
200MM X 63MM E/F UNDERCLAMP TAPPING TEE PN 16,HDPE Fittings,STK,0
225MM X 32MM E/F UNDERCLAMP TAPPING TEE PN 16,HDPE Fittings,STK,0
225MM X 63MM E/F UNDERCLAMP TAPPING TEE PN 16,HDPE Fittings,STK,0
250MM X 32MM E/F UNDERCLAMP TAPPING TEE PN 16,HDPE Fittings,STK,0
250MM X 63MM E/F UNDERCLAMP TAPPING TEE PN 16,HDPE Fittings,STK,0
40MM X 20MM E/F UNDERCLAMP TAPPING TEE PN 16,HDPE Fittings,STK,0
40MM X 25MM E/F UNDERCLAMP TAPPING TEE PN 16,HDPE Fittings,STK,0
40MM X 32MM E/F UNDERCLAMP TAPPING TEE PN 16,HDPE Fittings,STK,0
50MM X 20MM E/F UNDERCLAMP TAPPING TEE PN 16,HDPE Fittings,STK,0
50MM X 25MM E/F UNDERCLAMP TAPPING TEE PN 16,HDPE Fittings,STK,0
50MM X 32MM E/F UNDERCLAMP TAPPING TEE PN 16,HDPE Fittings,STK,0
63MM X 20MM E/F UNDERCLAMP TAPPING TEE PN 16,HDPE Fittings,STK,0
63MM X 25MM E/F UNDERCLAMP TAPPING TEE PN 16,HDPE Fittings,STK,0
63MM X 32MM E/F UNDERCLAMP TAPPING TEE PN 16,HDPE Fittings,STK,0
75MM X 20MM E/F UNDERCLAMP TAPPING TEE PN 16,HDPE Fittings,STK,0
75MM X 25MM E/F UNDERCLAMP TAPPING TEE PN 16,HDPE Fittings,STK,0
75MM X 32MM E/F UNDERCLAMP TAPPING TEE PN 16,HDPE Fittings,STK,0
90MM X 20MM E/F UNDERCLAMP TAPPING TEE PN 16,HDPE Fittings,STK,0
90MM X 25MM E/F UNDERCLAMP TAPPING TEE PN 16,HDPE Fittings,STK,0
90MM X 32MM E/F UNDERCLAMP TAPPING TEE PN 16,HDPE Fittings,STK,0
90MM X 63MM E/F UNDERCLAMP TAPPING TEE PN 16,HDPE Fittings,STK,0
90MM X 63MM E/F UNDERCLAMP TAPPING TEE PN 16,HDPE Fittings,STK,0
32MM LOCAL INLINE COMPRESSION BALL VALVE PN16,HDPE Fittings,STK,0
63MM LOCAL INLINE COMPRESSION BALL VALVE PN16,HDPE Fittings,STK,0
25MM HDPE END PLUG PN 16 LOCAL COMPRESSION TYPE,HDPE Fittings,STK,0
75MM HDPE END PLUG PN 16 LOCAL COMPRESSION TYPE,HDPE Fittings,STK,0
"20MM X 1/2"" HDPE LOCAL FEMALE ADAPTOR PN16",HDPE Fittings,STK,0
"25MM X 3/4"" LOCAL HDPE TEE F/T 90° PN16",HDPE Fittings,STK,0
"63MM X 2"" HDPE LOCAL FLANGED ADAPTER PN16",HDPE Fittings,STK,0
"75MM X 2-1/2"" LOCAL HDPE FLANGED ADAPTER PN16",HDPE Fittings,STK,0
"90MM X 3"" LOCAL HDPE FLANGED ADAPTER PN16",HDPE Fittings,STK,0
"25MM X 1/2"" LOCAL HDPE ELBOW F/T 90° PN16",HDPE Fittings,STK,0
"20MM X 1/2"" HDPE LOCAL MALE ADAPTOR PN16",HDPE Fittings,STK,0
63MM X 25MM LOCAL HDPE REDUCING COUPLER PN16,HDPE Fittings,STK,0
75MM X 63MM LOCAL HDPE REDUCING COUPLER PN16,HDPE Fittings,STK,0
90MM X 75MM LOCAL HDPE REDUCING COUPLER PN16,HDPE Fittings,STK,0
40MM X 20MM LOCAL HDPE REDUCING TEE PN16,HDPE Fittings,STK,0
50MM X 32MM LOCAL HDPE REDUCING TEE PN16,HDPE Fittings,STK,0
63MM X 32MM LOCAL HDPE REDUCING TEE PN16,HDPE Fittings,STK,0
63MM X 40MM LOCAL HDPE REDUCING TEE PN16,HDPE Fittings,STK,0
63MM X 50MM LOCAL HDPE REDUCING TEE PN16,HDPE Fittings,STK,0
75MM X 63MM LOCAL HDPE REDUCING TEE PN16,HDPE Fittings,STK,0
50MM X 0.75MM LOCAL COMPRESSION SADDLE CLAMP PN16,HDPE Fittings,STK,0
50MM X 1.25MM LOCAL COMPRESSION SADDLE CLAMP PN16,HDPE Fittings,STK,0
63MM X 1.5MM LOCAL COMPRESSION SADDLE CLAMP PN16,HDPE Fittings,STK,0
90MM X 32MM LOCAL COMPRESS OUTLET SADLE CLAMP PN16,HDPE Fittings,STK,0
"110MM HDPE COUPLER PN16
110MM HDPE COUPLER PN16 L",HDPE Fittings,STK,0
20MM HDPE COUPLER PN10,HDPE Fittings,STK,0
20MM HDPE COUPLER PN16,HDPE Fittings,STK,0
25MM HDPE COUPLER PN10 LOCAL COMPRESSION TYPE,HDPE Fittings,STK,0
25MM HDPE COUPLER PN16 LOCAL COMPRESSION TYPE,HDPE Fittings,STK,0
32MM HDPE COUPLER PN10 LOCAL COMPRESSION TYPE,HDPE Fittings,STK,0
32MM HDPE COUPLER PN16 LOCAL COMPRESSION TYPE,HDPE Fittings,STK,0
40MM HDPE COUPLER PN16 LOCAL COMPRESSION TYPE,HDPE Fittings,STK,0
50MM HDPE COUPLER PN16 LOCAL COMPRESSION TYPE,HDPE Fittings,STK,0
63MM HDPE COUPLER PN16 LOCAL COMPRESSION TYPE,HDPE Fittings,STK,0
LOCAL 75MM HDPE COUPLER PN16,HDPE Fittings,STK,0
90MM HDPE COUPLER PN16 LOCAL COMPRESSION TYPE,HDPE Fittings,STK,0
125MM HDPE ELBOW90 DEGREE PN16 LOCAL COMPRESSION T,HDPE Fittings,STK,0
32MM HDPE ELBOW90 DEGREE PN16 LOCAL COMPRESSION TY,HDPE Fittings,STK,0
LOCAL 40MM HDPE ELBOW 90° PN16,HDPE Fittings,STK,0
50MM HDPE ELBOW90 DEGREE PN16 LOCAL COMPRESSION TY,HDPE Fittings,STK,0
63MM HDPE ELBOW90 DEGREE PN16 LOCAL COMPRESSION TY,HDPE Fittings,STK,0
LOCAL COMPRESSION 75MM HDPE ELBOW 90° PN16,HDPE Fittings,STK,0
90MM HDPE ELBOW90 DEGREE PN16 LOCAL COMPRESSION T,HDPE Fittings,STK,0
32MM HDPE END PLUG PN 16 LOCAL COMPRESSION TYPE,HDPE Fittings,STK,0
40MM HDPE END PLUG PN 16 LOCAL COMPRESSION TYPE,HDPE Fittings,STK,0
50MM HDPE END PLUG PN 16 LOCAL COMPRESSION TYPE,HDPE Fittings,STK,0
63MM HDPE END PLUG PN 16 LOCAL COMPRESSION TYPE,HDPE Fittings,STK,0
110MM HDPE EQUAL TEE PN16 LOCAL COMPRESSION TYPE,HDPE Fittings,STK,0
125MM HDPE EQUAL TEE PN16 LOCAL COMPRESSION TYPE,HDPE Fittings,STK,0
20MM HDPE EQUAL TEE PN10 LOCAL COMPRESSION TYPE,HDPE Fittings,STK,0
25MM HDPE EQUAL TEE PN16 LOCAL COMPRESSION TYPE,HDPE Fittings,STK,0
32MM HDPE EQUAL TEE PN10 LOCAL COMPRESSION TYPE,HDPE Fittings,STK,0
32MM HDPE EQUAL TEE PN16 LOCAL COMPRESSION TYPE,HDPE Fittings,STK,0
40MM HDPE EQUAL TEE PN16 LOCAL COMPRESSION TYPE,HDPE Fittings,STK,0
50MM HDPE EQUAL TEE PN16 LOCAL COMPRESSION TYPE,HDPE Fittings,STK,0
63MM HDPE EQUAL TEE PN16 LOCAL COMPRESSION TYPE,HDPE Fittings,STK,0
90MM HDPE EQUAL TEE PN16 LOCAL COMPRESSION TYPE,HDPE Fittings,STK,0
"20MM X 1/2"" HDPE FEMALE ADAPTOR PN16 LOCAL COMPRES",HDPE Fittings,STK,0
"20MM X 3/4"" HDPE FEMALE ADAPTOR PN16 LOCAL COMPRES",HDPE Fittings,STK,0
"32MM X 1"" HDPE FEMALE ADAPTOR PN16 LOCAL COMPRESSI",HDPE Fittings,STK,0
"40MM X 11/4"" HDPE FEMALE ADAPTOR PN16 LOCAL COMPRE",HDPE Fittings,STK,0
"50MM X 1.5"" HDPE FEMALE ADAPTOR PN16 LOCAL COMPRES",HDPE Fittings,STK,0
"63MM X 2"" HDPE FEMALE ADAPTOR PN16 LOCAL COMPRESS",HDPE Fittings,STK,0
"LOCAL 110MM X 4"" HDPE MALE ADAPTOR PN16",HDPE Fittings,STK,0
"20MM X 1/2"" HDPE MALE ADAPTOR PN16 LOCAL COMPRESSI",HDPE Fittings,STK,0
"20MM X 3/4"" HDPE MALE ADAPTOR PN16 LOCAL COMPRESSI",HDPE Fittings,STK,0
"32MM X 1"" HDPE MALE ADAPTOR PN16 LOCAL COMPRESSION",HDPE Fittings,STK,0
"40MM X 11/4"" HDPE MALE ADAPTOR PN16 LOCAL COMPRESS",HDPE Fittings,STK,0
"50MM X 1-1/2"" HDPE LOCAL MALE ADAPTOR PN16 COMPRES",HDPE Fittings,STK,0
"63MM X 1.5"" HDPE MALE ADAPTOR PN16 LOCAL COMP",HDPE Fittings,STK,0
"64MM X 2"" HDPE LOCAL MALE ADAPTOR PN16 COMPRESSION",HDPE Fittings,STK,0
"LOCAL 75MM X 2-1/2"" HDPE MALE ADAPTOR PN16",HDPE Fittings,STK,0
"LOCAL 90MM X 3"" HDPE MALE ADAPTOR PN16",HDPE Fittings,STK,0
"LOCAL 63MM X 2"" MALE ELBOW 90 DEG",HDPE Fittings,STK,0
"3/4"" HDPE QUICK COUPLER  KEY PN16 LOCAL COMPRESSIO",HDPE Fittings,STK,0
"3/4"" HDPE QUICK COUPLER VALVE & KEY PN16 LOCAL COM",HDPE Fittings,STK,0
"3/4"" HDPE QUICK COUPLER  VALVE PN16 LOCAL COMPRESS",HDPE Fittings,STK,0
LOCAL COMPRESSION REDUCING COUPLER 110X75 PN 16,HDPE Fittings,STK,0
110MMX90MM HDPE REDUCING COUPLER PN16 LOCAL COMPRE,HDPE Fittings,STK,0
LOCALLOCAL 40MM X 32MM HDPE REDUCING COUPLER PN16,HDPE Fittings,STK,0
50MMX40MM HDPE REDUCING COUPLER PN16 LOCAL COMPRES,HDPE Fittings,STK,0
63MMX40MM HDPE REDUCING COUPLER PN16 LOCAL COMPRES,HDPE Fittings,STK,0
63MMX50MM HDPE REDUCING COUPLER PN16 LOCAL COMPRES,HDPE Fittings,STK,0
LOCAL 75MM X 50MM HDPE REDUCING COUPLER PN16,HDPE Fittings,STK,0
90MMX63MM HDPE REDUCING COUPLER PN16 LOCAL COMPRES,HDPE Fittings,STK,0
125MMX110MM HDPE REDUCING TEE PN16 LOCAL COMPRESSI,HDPE Fittings,STK,0
LOCAL 32MM X 25MM HDPE REDUCING TEE PN16,HDPE Fittings,STK,0
LOCAL 40MM X 25MM COMP HDPE REDUCING TEE PN16,HDPE Fittings,STK,0
LOCAL 63MM X 25MM HDPE REDUCING TEE PN16,HDPE Fittings,STK,0
"110MM X 1/2"" LOCAL SADDLE CLAMP PN16",HDPE Fittings,STK,0
"110MM X 3/4"" LOCAL SADDLE CLAMP PN10",HDPE Fittings,STK,0
"110MM X 1 1/2"" LOCAL SADDLE CLAMP PN10",HDPE Fittings,STK,0
"200MM X 1"" LOCAL SADDLE CLAMP PN10",HDPE Fittings,STK,0
"200MM X 2"" LOCAL SADDLE CLAMP PN10",HDPE Fittings,STK,0
"32MM X 1/2"" LOCAL SADDLE CLAMP PN16",HDPE Fittings,STK,0
"32MM X 3/4"" LOCAL SADDLE CLAMP PN16",HDPE Fittings,STK,0
"32MM X 1"" LOCAL SADDLE CLAMP PN10",HDPE Fittings,STK,0
"40MM X 1/2"" LOCAL SADDLE CLAMP PN10",HDPE Fittings,STK,0
"50MM X 1"" LOCAL SADDLE CLAMP PN10",HDPE Fittings,STK,0
LOCAL 50MM X 1 INCH SADDLE CLAMP PN16,HDPE Fittings,STK,0
"63MM X 1/2"" LOCAL SADDLE CLAMP PN16",HDPE Fittings,STK,0
"63MM X 3/4"" LOCAL SADDLE CLAMP PN16",HDPE Fittings,STK,0
"63MM X 1"" LOCAL SADDLE CLAMP PN16",HDPE Fittings,STK,0
"75MM X 0.5"" LOCAL SADDLE CLAMP PN16",HDPE Fittings,STK,0
"75MM X 0.75"" LOCAL SADDLE CLAMP PN16",HDPE Fittings,STK,0
"75MM X 1.5"" LOCAL SADDLE CLAMP PN10",HDPE Fittings,STK,0
LOCAL 75MM X 2 INCH SADDLE CLAMP PN16,HDPE Fittings,STK,0
"90MM X 1.25"" LOCAL SADDLE CLAMP PN16",HDPE Fittings,STK,0
32MM HDPE BALL VALVE PN16,HDPE Fittings,STK,0
63MM HDPE BALL VALVE PN16,HDPE Fittings,STK,0
110MM HDPE COUPLER PN16,HDPE Fittings,STK,0
125MM HDPE COUPLER PN10,HDPE Fittings,STK,0
125MM HDPE COUPLER PN16,HDPE Fittings,STK,0
20MM HDPE COUPLER PN10,HDPE Fittings,STK,0
20MM HDPE COUPLER PN16,HDPE Fittings,STK,0
25MM HDPE COUPLER PN10,HDPE Fittings,STK,0
25MM HDPE COUPLER PN16,HDPE Fittings,STK,0
32MM HDPE COUPLER PN10,HDPE Fittings,STK,0
32MM HDPE COUPLER PN16,HDPE Fittings,STK,0
40MM HDPE COUPLER PN16,HDPE Fittings,STK,0
50MM HDPE COUPLER PN16,HDPE Fittings,STK,0
63MM HDPE COUPLER PN16,HDPE Fittings,STK,0
75MM HDPE COUPLER PN16,HDPE Fittings,STK,0
90MM HDPE COUPLER PN16,HDPE Fittings,STK,0
110MM HDPE ELBOW90 DEGREE PN16,HDPE Fittings,STK,0
125MM HDPE ELBOW90 DEGREE PN10,HDPE Fittings,STK,0
125MM HDPE ELBOW90 DEGREE PN16,HDPE Fittings,STK,0
25MM HDPE ELBOW90 DEGREE PN16,HDPE Fittings,STK,0
32MM HDPE ELBOW90 DEGREE PN16,HDPE Fittings,STK,0
40MM HDPE ELBOW90 DEGREE PN16,HDPE Fittings,STK,0
50MM HDPE ELBOW90 DEGREE PN16,HDPE Fittings,STK,0
63MM HDPE ELBOW90 DEGREE PN16,HDPE Fittings,STK,0
75MM HDPE ELBOW90 DEGREE PN16,HDPE Fittings,STK,0
90MM HDPE ELBOW90 DEGREE PN16,HDPE Fittings,STK,0
32MM HDPE END PLUG PN 16,HDPE Fittings,STK,0
40MM HDPE END PLUG PN 16,HDPE Fittings,STK,0
50MM HDPE END PLUG PN 16,HDPE Fittings,STK,0
63MM HDPE END PLUG PN 16,HDPE Fittings,STK,0
110MM HDPE EQUAL TEE  PN16,HDPE Fittings,STK,0
125MM HDPE EQUAL TEE  PN10,HDPE Fittings,STK,0
125MM HDPE EQUAL TEE  PN16,HDPE Fittings,STK,0
20MM HDPE EQUAL TEE  PN10,HDPE Fittings,STK,0
25MM HDPE EQUAL TEE  PN10,HDPE Fittings,STK,0
25MM HDPE EQUAL TEE  PN16,HDPE Fittings,STK,0
32MM HDPE EQUAL TEE  PN10,HDPE Fittings,STK,0
32MM HDPE EQUAL TEE  PN16,HDPE Fittings,STK,0
40MM HDPE EQUAL TEE  PN16,HDPE Fittings,STK,0
50MM HDPE EQUAL TEE  PN16,HDPE Fittings,STK,0
63MM HDPE EQUAL TEE  PN16,HDPE Fittings,STK,0
90MM HDPE EQUAL TEE  PN16,HDPE Fittings,STK,0
63MM FLANGE ADAPTOR PN16,HDPE Fittings,STK,0
"20MM X 1/2"" HDPE FEMALE ADAPTOR PN16",HDPE Fittings,STK,0
"25MM X 3/4"" HDPE FEMALE ADAPTOR PN16",HDPE Fittings,STK,0
"32MM X 1"" HDPE FEMALE ADAPTOR PN16",HDPE Fittings,STK,0
"40MM X 11/4"" HDPE FEMALE ADAPTOR PN16",HDPE Fittings,STK,0
"50MM X 1.5"" HDPE FEMALE ADAPTOR PN16",HDPE Fittings,STK,0
"63MM X 2"" HDPE FEMALE ADAPTOR PN16",HDPE Fittings,STK,0
"20MM X 1/2"" HDPE MALE ADAPTOR PN16",HDPE Fittings,STK,0
"25MM X 3/4"" HDPE MALE ADAPTOR PN16",HDPE Fittings,STK,0
"32MM X 1"" HDPE MALE ADAPTOR PN16",HDPE Fittings,STK,0
"40MM X 11/4"" HDPE MALE ADAPTOR PN16",HDPE Fittings,STK,0
"50MM X 1-1/2"" HDPE MALE ADAPTOR PN16",HDPE Fittings,STK,0
"63MM X 2"" HDPE MALE ADAPTOR PN16",HDPE Fittings,STK,0
"90MM X 3"" HDPE MALE ADAPTOR PN16",HDPE Fittings,STK,0
"3/4"" HDPE QUICK COUPLER  KEY PN 6",HDPE Fittings,STK,0
"3/4"" HDPE QUICK COUPLER  KEY PN16",HDPE Fittings,STK,0
"3/4"" HDPE QUICK COUPLER VALVE & KEY PN 6",HDPE Fittings,STK,0
"3/4"" HDPE QUICK COUPLER VALVE & KEY PN16",HDPE Fittings,STK,0
"3/4"" HDPE QUICK COUPLER  VALVE PN 6",HDPE Fittings,STK,0
"3/4"" HDPE QUICK COUPLER  VALVE PN16",HDPE Fittings,STK,0
110MMX75MM HDPE REDUCING COUPLER PN16,HDPE Fittings,STK,0
110MMX90MM HDPE REDUCING COUPLER PN16,HDPE Fittings,STK,0
40MMX32MM HDPE REDUCING COUPLER PN16,HDPE Fittings,STK,0
50MMX40MM HDPE REDUCING COUPLER PN16,HDPE Fittings,STK,0
63MMX25MM HDPE REDUCING COUPLER PN16,HDPE Fittings,STK,0
63MMX40MM HDPE REDUCING COUPLER PN16,HDPE Fittings,STK,0
63MMX50MM HDPE REDUCING COUPLER PN16,HDPE Fittings,STK,0
75MMX50MM HDPE REDUCING COUPLER PN16,HDPE Fittings,STK,0
75MMX63MM HDPE REDUCING COUPLER PN16,HDPE Fittings,STK,0
90MMX63MM HDPE REDUCING COUPLER PN16,HDPE Fittings,STK,0
90MMX75MM HDPE REDUCING COUPLER PN16,HDPE Fittings,STK,0
125MMX110MM HDPE REDUCING TEE PN10,HDPE Fittings,STK,0
125MMX110MM HDPE REDUCING TEE PN16,HDPE Fittings,STK,0
50MMX32MM HDPE REDUCING TEE PN16,HDPE Fittings,STK,0
63MMX32MM HDPE REDUCING TEE PN16,HDPE Fittings,STK,0
63MMX50MM HDPE REDUCING TEE PN16,HDPE Fittings,STK,0
90MMX63MM HDPE REDUCING TEE PN16,HDPE Fittings,STK,0
"110MM X 1.5""  SADDLE CLAMP PN16",HDPE Fittings,STK,0
"110MM X 1""  SADDLE CLAMP PN16",HDPE Fittings,STK,0
"32MM X 1/2""  SADDLE CLAMP PN16",HDPE Fittings,STK,0
"32MM X 3/4""  SADDLE CLAMP PN16",HDPE Fittings,STK,0
"40MM X 1/2""  SADDLE CLAMP PN10",HDPE Fittings,STK,0
"40MM X 3/4""  SADDLE CLAMP PN16",HDPE Fittings,STK,0
"50MM X 3/4""  SADDLE CLAMP PN16",HDPE Fittings,STK,0
"50MM X 1""  SADDLE CLAMP PN16",HDPE Fittings,STK,0
"63MM X 1/2""  SADDLE CLAMP PN16",HDPE Fittings,STK,0
"63MM X 3/4""  SADDLE CLAMP PN16",HDPE Fittings,STK,0
"63MM X 1""  SADDLE CLAMP PN16",HDPE Fittings,STK,0
"75MM X 1.5""  SADDLE CLAMP PN16",HDPE Fittings,STK,0
"90MM X 1.5""  SADDLE CLAMP PN16",HDPE Fittings,STK,0
POELSAN COMPRESSION WALL MOUNT FEMALEELBOW 25X3/4,HDPE Fittings,STK,0
POELSAN COMPRESSION WALL MOUNT FEMALEELBOW 32X1ICH,HDPE Fittings,STK,0
POELSAN COMPRESSION WALL MOUNT FEMALEELBOW 25X3/4,HDPE Fittings,STK,0
POELSAN COMPRESSION WALL MOUNT FEMALEELBOW 32X1ICH,HDPE Fittings,STK,0
POELSAN COMPRESSION FITTINGS WRENCH 125MM,HDPE Fittings,STK,0
POELSAN COMPRESSION FITTINGS WRENCH 32MM - 63MM,HDPE Fittings,STK,0
POELSAN COMPRESSION FITTINGS WRENCH 63MM - 110MM,HDPE Fittings,STK,0
110MM X 1/2 INCH SADDLE CLAMP PN10,HDPE Fittings,STK,0
110MM X 1/2 INCH SADDLE CLAMP PN16,HDPE Fittings,STK,0
110MM X 3/4 INCH SADDLE CLAMP PN10,HDPE Fittings,STK,0
110MM X 3/4 INCH SADDLE CLAMP PN16,HDPE Fittings,STK,0
110MM X 1-1/4 INCH SADDLE CLAMP PN10,HDPE Fittings,STK,0
110MM X 1-1/4 INCH SADDLE CLAMP PN16,HDPE Fittings,STK,0
110MM X 1-1/2 INCH SADDLE CLAMP PN10,HDPE Fittings,STK,0
110MM X 1-1/2 INCH SADDLE CLAMP PN16,HDPE Fittings,STK,0
110MM X 1 INCH SADDLE CLAMP PN10,HDPE Fittings,STK,0
110MM X 1 INCH SADDLE CLAMP PN16,HDPE Fittings,STK,0
110MM X 2 INCH SADDLE CLAMP PN10,HDPE Fittings,STK,0
110MM X 2 INCH SADDLE CLAMP PN16,HDPE Fittings,STK,0
110MM X 3 INCH SADDLE CLAMP PN16,HDPE Fittings,STK,0
125MM X 1/2 INCH SADDLE CLAMP PN10,HDPE Fittings,STK,0
125MM X 3/4 INCH SADDLE CLAMP PN10,HDPE Fittings,STK,0
125MM X 1-1/4 INCH SADDLE CLAMP PN10,HDPE Fittings,STK,0
125MM X 1-1/2 INCH SADDLE CLAMP PN10,HDPE Fittings,STK,0
125MM X 1 INCH SADDLE CLAMP PN10,HDPE Fittings,STK,0
125MM X 2 INCH SADDLE CLAMP PN10,HDPE Fittings,STK,0
160MM X 3/4 INCH SADDLE CLAMP PN10,HDPE Fittings,STK,0
160MM X 1-1/4 INCH SADDLE CLAMP PN10,HDPE Fittings,STK,0
160MM X 1-1/2 INCH SADDLE CLAMP PN10,HDPE Fittings,STK,0
160MM X 1-1/2 INCH SADDLE CLAMP PN16,HDPE Fittings,STK,0
160MM X 1 INCH SADDLE CLAMP PN10,HDPE Fittings,STK,0
160MM X 2-1/2 INCH SADDLE CLAMP PN10,HDPE Fittings,STK,0
160MM X 2 INCH SADDLE CLAMP PN10,HDPE Fittings,STK,0
160MM X 3 INCH SADDLE CLAMP PN10,HDPE Fittings,STK,0
160MM X 4 INCH SADDLE CLAMP PN10,HDPE Fittings,STK,0
200MM X 3/4 INCH SADDLE CLAMP PN10,HDPE Fittings,STK,0
200MM X 1-1/4 INCH SADDLE CLAMP PN10,HDPE Fittings,STK,0
200MM X 1-1/2 INCH SADDLE CLAMP PN10,HDPE Fittings,STK,0
200MM X 1 INCH SADDLE CLAMP PN10,HDPE Fittings,STK,0
200MM X 2-1/2 INCH SADDLE CLAMP PN10,HDPE Fittings,STK,0
200MM X 2 INCH SADDLE CLAMP PN10,HDPE Fittings,STK,0
200MM X 3 INCH SADDLE CLAMP PN10,HDPE Fittings,STK,0
200MM X 4 INCH SADDLE CLAMP PN10,HDPE Fittings,STK,0
225MM X 1 1/2 INCH SADDLE CLAMP PN10,HDPE Fittings,STK,0
225MM X 2 INCH SADDLE CLAMP PN10,HDPE Fittings,STK,0
225MM X 4 INCH SADDLE CLAMP PN10,HDPE Fittings,STK,0
250MM X 2 INCH SADDLE CLAMP PN10,HDPE Fittings,STK,0
25MM X 1/2 INCH SADDLE CLAMP PN10,HDPE Fittings,STK,0
25MM X 1/2 INCH SADDLE CLAMP PN16,HDPE Fittings,STK,0
25MM X 3/4 INCH SADDLE CLAMP PN10,HDPE Fittings,STK,0
25MM X 3/4 INCH SADDLE CLAMP PN16,HDPE Fittings,STK,0
315MM X 2 INCH SADDLE CLAMP PN10,HDPE Fittings,STK,0
315MM X 3 INCH SADDLE CLAMP PN10,HDPE Fittings,STK,0
315MM X 4 INCH SADDLE CLAMP PN10,HDPE Fittings,STK,0
32MM X 1/2 INCH SADDLE CLAMP PN10,HDPE Fittings,STK,0
32MM X 1/2 INCH SADDLE CLAMP PN16,HDPE Fittings,STK,0
32MM X 3/4 INCH SADDLE CLAMP PN10,HDPE Fittings,STK,0
32MM X 3/4 INCH SADDLE CLAMP PN16,HDPE Fittings,STK,0
32MM X 1 INCH SADDLE CLAMP PN10,HDPE Fittings,STK,0
32MM X 1 INCH SADDLE CLAMP PN16,HDPE Fittings,STK,0
40MM X 1/2 INCH SADDLE CLAMP PN10,HDPE Fittings,STK,0
40MM X 3/4 INCH SADDLE CLAMP PN10,HDPE Fittings,STK,0
40MM X 3/4 INCH SADDLE CLAMP PN16,HDPE Fittings,STK,0
40MM X 1/2 INCH SADDLE CLAMP PN16,HDPE Fittings,STK,0
40MM X 1 INCH SADDLE CLAMP PN10,HDPE Fittings,STK,0
40MM X 1 INCH SADDLE CLAMP PN16,HDPE Fittings,STK,0
50MM X 1/2 INCH SADDLE CLAMP PN10,HDPE Fittings,STK,0
50MM X 1/2 INCH SADDLE CLAMP PN16,HDPE Fittings,STK,0
50MM X 3/4 INCH SADDLE CLAMP PN10,HDPE Fittings,STK,0
50MM X 3/4 INCH SADDLE CLAMP PN16,HDPE Fittings,STK,0
50MM X 1-1/4 INCH SADDLE CLAMP PN10,HDPE Fittings,STK,0
50MM X 1-1/4 INCH SADDLE CLAMP PN16,HDPE Fittings,STK,0
50MM X 1 INCH SADDLE CLAMP PN10,HDPE Fittings,STK,0
50MM X 1 INCH SADDLE CLAMP PN16,HDPE Fittings,STK,0
63MM X 1/2 INCH SADDLE CLAMP PN10,HDPE Fittings,STK,0
63MM X 1/2 INCH SADDLE CLAMP PN16,HDPE Fittings,STK,0
63MM X 3/4 INCH SADDLE CLAMP PN10,HDPE Fittings,STK,0
63MM X 3/4 INCH SADDLE CLAMP PN16,HDPE Fittings,STK,0
63MM X 1-1/4 INCH SADDLE CLAMP PN10,HDPE Fittings,STK,0
63MM X 1-1/4 INCH SADDLE CLAMP PN16,HDPE Fittings,STK,0
63MM X 1-1/2 INCH SADDLE CLAMP PN10,HDPE Fittings,STK,0
63MM X 1-1/2 INCH SADDLE CLAMP PN16,HDPE Fittings,STK,0
63MM X 1 INCH SADDLE CLAMP PN10,HDPE Fittings,STK,0
63MM X 1 INCH SADDLE CLAMP PN16,HDPE Fittings,STK,0
75MM X 1/2 INCH SADDLE CLAMP PN10,HDPE Fittings,STK,0
75MM X 1/2 INCH SADDLE CLAMP PN16,HDPE Fittings,STK,0
75MM X 3/4 INCH SADDLE CLAMP PN10,HDPE Fittings,STK,0
75MM X 3/4 INCH SADDLE CLAMP PN16,HDPE Fittings,STK,0
75MM X 1-1/4 INCH SADDLE CLAMP PN10,HDPE Fittings,STK,0
75MM X 1-1/4 INCH SADDLE CLAMP PN16,HDPE Fittings,STK,0
75MM X 1-1/2 INCH SADDLE CLAMP PN10,HDPE Fittings,STK,0
75MM X 1-1/2 INCH SADDLE CLAMP PN16,HDPE Fittings,STK,0
75MM X 1 INCH SADDLE CLAMP PN10,HDPE Fittings,STK,0
75MM X 1 INCH SADDLE CLAMP PN16,HDPE Fittings,STK,0
75MM X 2 INCH SADDLE CLAMP PN10,HDPE Fittings,STK,0
75MM X 2 INCH SADDLE CLAMP PN16,HDPE Fittings,STK,0
90MM X 1/2 INCH SADDLE CLAMP PN10,HDPE Fittings,STK,0
90MM X 1/2 INCH SADDLE CLAMP PN16,HDPE Fittings,STK,0
90MM X 3/4 INCH SADDLE CLAMP PN10,HDPE Fittings,STK,0
90MM X 3/4 INCH SADDLE CLAMP PN16,HDPE Fittings,STK,0
90MM X 1-1/4 INCH SADDLE CLAMP PN10,HDPE Fittings,STK,0
90MM X 1-1/4 INCH SADDLE CLAMP PN16,HDPE Fittings,STK,0
90MM X 1-1/2 INCH SADDLE CLAMP PN10,HDPE Fittings,STK,0
90MM X 1-1/2 INCH SADDLE CLAMP PN16,HDPE Fittings,STK,0
90MM X 1 INCH SADDLE CLAMP PN10,HDPE Fittings,STK,0
90MM X 1 INCH SADDLE CLAMP PN16,HDPE Fittings,STK,0
90MM X 2 INCH SADDLE CLAMP PN10,HDPE Fittings,STK,0
90MM X 2 INCH SADDLE CLAMP PN16,HDPE Fittings,STK,0
OIT TEST ALUMINIMUM PAN,HDPE pipe,STK,0
OIT TEST COIL HEATER,HDPE pipe,STK,0
OIT TEST TEMPRATUIRE E TYPE SENSOR,HDPE pipe,STK,0
HYDROSTATIC PRESSURE TEST ENDCAP 160MM,HDPE pipe,STK,0
HYDROSTATIC PRESSURE TEST ENDCAP 20MM TO 110MM,HDPE pipe,STK,0
HYDROSTATIC PRESSURE TEST ENDCAP 200MM,HDPE pipe,STK,0
HYDROSTATIC PRESSURE TEST ENDCAP 225MM,HDPE pipe,STK,0
HYDROSTATIC PRESSURE TEST ENDCAP 250MM,HDPE pipe,STK,0
HYDROSTATIC PRESSURE TEST ENDCAP 315MM,HDPE pipe,STK,0
HYDROSTATIC PRESSURE TEST ENDCAP 500MM,HDPE pipe,STK,0
HYDROSTATIC PRESSURE TEST ENDCAP 630MM,HDPE pipe,STK,0
ENVIRONMENTAL STRESS RESISTANCE TESTER,HDPE pipe,STK,0
CBC TESTER GAS FLOW METER FOR HYDROGEN GAS,HDPE pipe,STK,0
CBC TESTER GLASS TUBE,HDPE pipe,STK,0
CBC TESTER U GLASS TUBE,HDPE pipe,STK,0
HYDROSTATIC PRESSURE TEST 8STATION,HDPE pipe,STK,0
DWC IMPACT TESTER 100MM TO 600MM,DWC Pipe,STK,0
OIT TEST MICROPROCESSOR PCB BOARD,HDPE pipe,STK,0
HYDROSTATIC PRESSURE  CONTROLLER 0 TO 100 BAR,HDPE pipe,STK,0
CBC TESTER PROCILINE BOAT,HDPE pipe,STK,0
THERMOCOUPLE WIRE PT100 SENSOR 1METER LONG,HDPE pipe,STK,0
THERMOCOUPLE PT100 SENSOR 3METER LONG,HDPE pipe,STK,0
OIT TEST RTD SENSOR,HDPE pipe,STK,0
OIT TEST TEMPRATUIRE INDICATOR,HDPE pipe,STK,0
14/10MM MULTIDUCT 4WAY TELEFLEX - 1000M,Telecom Ducts,STK,0
14/10MM MULTIDUCT 4WAY TELEFLEX - 2000M,Telecom Ducts,STK,0
12/10MM MULTIDUCT 7WAY TELEFLEX - 1000M,Telecom Ducts,STK,0
14/10MM MULTIDUCT 7WAY TELEFLEX - 1000M,Telecom Ducts,STK,0
HDPE PE100 EXTRUSION GRADE REGRIND,Raw Materials,STK,0
32MM X 3/4 INCH PIMPTAS SADDLE CLAMP PN16,HDPE Fittings,STK,0
50MM X 1 INCH PIMPTAS SADDLE CLAMP PN16,HDPE Fittings,STK,0
63MM X 1/2 INCH PIMPTAS SADDLE CLAMP PN16,HDPE Fittings,STK,0
90MM X 3/4 INCH PIMPTAS SADDLE CLAMP PN16,HDPE Fittings,STK,0
90MM X 1 1/2 INCH PIMPTAS SADDLE CLAMP PN16,HDPE Fittings,STK,0
HDPE EXTRUSION ROD 4MM,HDPE pipe,STK,0
HDPE/SCRAP,Raw Materials,STK,0
DWC DN100 SANIFLEX SN4 - 6M,DWC Pipe,STK,0
DWC DN100 SANIFLEX SN8 - 6M,DWC Pipe,STK,0
DWC DN150 SANIFLEX SN4 - 6M,DWC Pipe,STK,0
DWC DN150 SANIFLEX SN8 - 6M,DWC Pipe,STK,0
DWC 200MM SANIFLEX SN4 - 6M,DWC Pipe,STK,0
DWC 200MM SANIFLEX SN8 - 6M,DWC Pipe,STK,0
DWC DN250 SANIFLEX SN4 - 6M,DWC Pipe,STK,0
DWC DN250 SANIFLEX SN8 - 6M,DWC Pipe,STK,0
DWC DN300 SANIFLEX SN4 - 6M,DWC Pipe,STK,0
DWC DN300 SANIFLEX TROUGH PIPE SN4 - 6M NO SOCKET,DWC Pipe,STK,0
DWC DN300 SANIFLEX SN8 - 6M,DWC Pipe,STK,0
DWC DN400 SANIFLEX SN4 - 6M,DWC Pipe,STK,0
DWC DN400 SANIFLEX SN8 - 6M,DWC Pipe,STK,0
DWC DN500 SANIFLEX SN4 - 6M,DWC Pipe,STK,0
DWC DN500 SANIFLEX SN8 - 6M,DWC Pipe,STK,0
DWC DN600 SANIFLEX SN4 - 6M,DWC Pipe,STK,0
DWC DN600 SANIFLEX SN8 - 6M,DWC Pipe,STK,0
DWC DN800 SANIFLEX SN8 - 6M,DWC Pipe,STK,0
DWC DN100 SANIFLEX SINGLE SOCKET 45 DEGREE BEND,DWC Fittings,STK,0
DWC DN100 SANIFLEX DOUBLE SOCKET 90 DEGREE BEND,DWC Fittings,STK,0
DWC DN100 SANIFLEX SINGLE SOCKET 90 DEGREE BEND,DWC Fittings,STK,0
DWC DN100 DOUBLE SOCKET COUPLER,DWC Fittings,STK,0
DWC DN100 SANIFLEX PLAIN END END CAP,DWC Fittings,STK,0
DWC DN100 SANIFLEX SOCKETED END CAP,DWC Fittings,STK,0
DWC DN100 SANIFLEX SINGLE SOCKET TEE,DWC Fittings,STK,0
DWC DN100 SANIFLEX DOUBLE SOCKET TEE,DWC Fittings,STK,0
DWC DN100 SANIFLEX DOUBLE SOCKET Y,DWC Fittings,STK,0
DWC DN150 SANIFLEX SINGLE SOCKET 11.5 DEGREE BEND,DWC Fittings,STK,0
DWC DN150 SANIFLEX DOUBLE SOCKET 45 DEGREE BEND,DWC Fittings,STK,0
DWC DN150 SANIFLEX SINGLE SOCKET 45 DEGREE BEND,DWC Fittings,STK,0
DWC DN150 SANIFLEX DOUBLE SOCKET 90 DEGREE BEND,DWC Fittings,STK,0
DWC DN150 SANIFLEX SINGLE SOCKET 90 DEGREE BEND,DWC Fittings,STK,0
DWC DN150 DOUBLE SOCKET COUPLER,DWC Fittings,STK,0
DWC DN150 SANIFLEX PLAIN END END CAP,DWC Fittings,STK,0
DWC DN150 SANIFLEX SOCKETED END CAP,DWC Fittings,STK,0
DWC DN150 SANIFLEX DOUBLE SOCKET TEE,DWC Fittings,STK,0
DWC DN150 SANIFLEX SINGLE SOCKET TEE,DWC Fittings,STK,0
DWC DN150 SANIFLEX TRIPPLE SOCKET TEE,DWC Fittings,STK,0
DWC DN150 SANIFLEX DOUBLE SOCKET 45 DEGREE Y TEE,DWC Fittings,STK,0
DWC DN150 X DN100 SANIFLEX DOUBLE SOCKET Y,DWC Fittings,STK,0
DWC DN200 SANIFLEX SINGLE SOCKET 11.5 DEGREE BEND,DWC Fittings,STK,0
DWC DN200 SANIFLEX DOUBLE SOCKET 45 DEGREE BEND,DWC Fittings,STK,0
DWC DN200 SANIFLEX SINGLE SOCKET 45 DEGREE BEND,DWC Fittings,STK,0
DWC DN200 SANIFLEX DOUBLE SOCKET 90 DEGREE BEND,DWC Fittings,STK,0
DWC DN200 SANIFLEX SINGLE SOCKET 90 DEGREE BEND,DWC Fittings,STK,0
DWC DN200 DOUBLE SOCKET COUPLER,DWC Fittings,STK,0
DWC DN200 SANIFLEX PLAIN END END CAP,DWC Fittings,STK,0
DWC DN200 SANIFLEX SOCKETED END CAP,DWC Fittings,STK,0
DWC DN200 SANIFLEX DOUBLE SOCKET TEE,DWC Fittings,STK,0
DWC DN200 SANIFLEX SINGLE SOCKET TEE,DWC Fittings,STK,0
DWC DN200 SANIFLEX TRIPPLE SOCKET TEE,DWC Fittings,STK,0
DWC DN200 SANIFLEX DOUBLE SOCKET 45 DEGREE Y TEE,DWC Fittings,STK,0
DWC DN200 SANIFLEX DOUBLE SOCKET Y,DWC Fittings,STK,0
DWC DN200 SANIFLEX SINGLE SOCKET Y,DWC Fittings,STK,0
DWC DN200 SANIFLEX TRIPLE SOCKET Y,DWC Fittings,STK,0
DWC DN200 X DN100 SANIFLEX DOUBLE SOCKET Y,DWC Fittings,STK,0
DWC DN200 X DN100 SANIFLEX TRIPLE SOCKET Y,DWC Fittings,STK,0
DWC DN200 X DN150 SANIFLEX DOUBLE SOCKET Y,DWC Fittings,STK,0
DWC DN200 X DN150 SANIFLEX TRIPLE SOCKET Y,DWC Fittings,STK,0
DWC DN250 SANIFLEX DOUBLE SOCKET 45 DEGREE BEND,DWC Fittings,STK,0
DWC DN250 SANIFLEX SINGLE SOCKET 45 DEGREE MANHOLE,DWC Fittings,STK,0
DWC DN250 SANIFLEX DOUBLE SOCKET 90 DEGREE BEND,DWC Fittings,STK,0
DWC DN250 SANIFLEX SINGLE SOCKET 90 DEGREE BEND,DWC Fittings,STK,0
DWC DN250 DOUBLE SOCKET COUPLER,DWC Fittings,STK,0
DWC DN250 SANIFLEX SOCKETED END CAP,DWC Fittings,STK,0
DWC DN250 SANIFLEX DOUBLE SOCKET TEE,DWC Fittings,STK,0
DWC DN250 SANIFLEX SINGLE SOCKET TEE,DWC Fittings,STK,0
DWC DN250 SANIFLEX TRIPPLE SOCKET TEE,DWC Fittings,STK,0
DWC DN250 SANIFLEX SINGLE SOCKET Y TEE,DWC Fittings,STK,0
DWC DN250 SANIFLEX TRIPPLE SOCKET Y TEE,DWC Fittings,STK,0
DWC DN250 SANIFLEX DOUBLE SOCKET Y,DWC Fittings,STK,0
DWC DN250 X DN100 SANIFLEX DOUBLE SOCKET TEE,DWC Fittings,STK,0
DWC DN250 X DN100 SANIFLEX DOUBLE SOCKET Y,DWC Fittings,STK,0
DWC DN250 X DN150 SANIFLEX DOUBLE SOCKET Y,DWC Fittings,STK,0
DWC DN250 X DN200 SANIFLEX ALL SOCKET RED CROS,DWC Fittings,STK,0
DWC DN250 X DN200 SANIFLEX TRIPPLE SOCKET RED TEE,DWC Fittings,STK,0
DWC DN300 SANIFLEX DOUBLE SOCKET 45 DEGREE BEND,DWC Fittings,STK,0
DWC DN300 SANIFLEX SINGLE SOCKET 45 DEGREE BEND,DWC Fittings,STK,0
DWC DN300 SANIFLEX DOUBLE SOCKET 90 DEGREE BEND,DWC Fittings,STK,0
DWC DN300 SANIFLEX SINGLE SOCKET 90 DEGREE BEND,DWC Fittings,STK,0
DWC DN300 DOUBLE SOCKET COUPLER,DWC Fittings,STK,0
DWC DN300 SANIFLEX PLAIN END END CAP,DWC Fittings,STK,0
DWC DN300 SANIFLEX SOCKETED END CAP,DWC Fittings,STK,0
DWC DN300 SANIFLEX DOUBLE SOCKET TEE,DWC Fittings,STK,0
DWC DN300 SANIFLEX SINGLE SOCKET TEE,DWC Fittings,STK,0
DWC DN300 SANIFLEX TRIPLE SOCKET TEE,DWC Fittings,STK,0
DWC DN300 SANIFLEX DOUBLE SOCKET Y TEE,DWC Fittings,STK,0
DWC DN300 SANIFLEX SINGLE SOCKET Y TEE,DWC Fittings,STK,0
DWC DN300 SANIFLEX TRIPPLE SOCKET Y TEE,DWC Fittings,STK,0
DWC DN300 X DN150 SANIFLEX DOUBLE SOCKET Y,DWC Fittings,STK,0
DWC DN300 X DN200 SANIFLEX DOUBLE SOCKET Y,DWC Fittings,STK,0
DWC DN300 X DN200 SANIFLEX TRIPLE SOCKET Y,DWC Fittings,STK,0
DWC DN400 SANIFLEX SINGLE SOCKET 45 DEGREE BEND,DWC Fittings,STK,0
DWC DN400 SANIFLEX SINGLE SOCKET 90 DEGREE BEND,DWC Fittings,STK,0
DWC DN400 DOUBLE SOCKET COUPLER,DWC Fittings,STK,0
DWC DN400 SANIFLEX PLAIN END END CAP,DWC Fittings,STK,0
DWC DN400 SANIFLEX SOCKETED END CAP,DWC Fittings,STK,0
DWC DN400 SANIFLEX SINGLE SOCKET Y TEE,DWC Fittings,STK,0
DWC DN400 SANIFLEX DOUBLE SOCKET 90 DEG TEE,DWC Fittings,STK,0
DWC DN400 SANIFLEX SINGLE SOCKET 90 DEG TEE,DWC Fittings,STK,0
DWC DN400 X DN200 SANIFLEX DOUBLE SOCKET Y,DWC Fittings,STK,0
DWC DN500 SANIFLEX DOUBLE SOCKET 45 DEGREE BEND,DWC Fittings,STK,0
DWC DN500 SANIFLEX SINGLE SOCKET 90 DEGREE BEND,DWC Fittings,STK,0
DWC DN500 SANIFLEX SOCKETED END CAP,DWC Fittings,STK,0
DWC DN500 SANIFLEX SINGLE SOCKET INSPECTION CHAMBR,DWC Fittings,STK,0
DWC DN500 SANIFLEX SINGLE SOCKET 90 DEG TEE,DWC Fittings,STK,0
DWC DN600 SANIFLEX SINGLE SOCKET 45 DEGREE BEND,DWC Fittings,STK,0
DWC DN600 SANIFLEX SOCKETED END CAP,DWC Fittings,STK,0
DWC DN600 SANIFLEX SINGLE SOCKET INSPECTION CHAMBR,DWC Fittings,STK,0
DWC DN600 SANIFLEX VALVE CHAMBR WITH 160MM PIPE,DWC Fittings,STK,0
DN100 HDPE CORRUGATED COUPLER SN8,DWC Fittings,STK,0
DN150 HDPE CORRUGATED COUPLER SN8,DWC Fittings,STK,0
DN200 HDPE CORRUGATED COUPLER SN8,DWC Fittings,STK,0
DN250 HDPE CORRUGATED COUPLER SN8,DWC Fittings,STK,0
DN300 HDPE CORRUGATED COUPLER SN4,DWC Fittings,STK,0
DN300 HDPE CORRUGATED COUPLER SN8,DWC Fittings,STK,0
DN400 HDPE CORRUGATED COUPLER SN8,DWC Fittings,STK,0
DN600 HDPE CORRUGATED COUPLER SN4,DWC Fittings,STK,0
DN100 HDPE CORRUGATED COUPLER SN8,DWC Fittings,STK,0
DN100 HDPE CORRUGATED  90 DEG ELBOW SN8,DWC Fittings,STK,0
DN150 HDPE CORRUGATED  90 DEG ELBOW SN8,DWC Fittings,STK,0
DN200 HDPE CORRUGATED  90 DEG ELBOW SN8,DWC Fittings,STK,0
DN100 HDPE CORRUGATED EQUAL WYE TEE SN8,DWC Fittings,STK,0
DN150 HDPE CORRUGATED EQUAL WYE TEE SN8,DWC Fittings,STK,0
DN200 HDPE CORRUGATED EQUAL WYE TEE SN8,DWC Fittings,STK,0
DN100 HDPE CORRUGATED EQUAL WYE TEE SN8,DWC Fittings,STK,0
DN150 HDPE CORRUGATED EQUAL WYE TEE SN8,DWC Fittings,STK,0
DN200 HDPE CORRUGATED EQUAL WYE TEE SN8,DWC Fittings,STK,0
200 X 100  HDPE CORRUGATED REDUCED WYE TEE SN8,DWC Fittings,STK,0
DN100 CORRUGATED FITTINGS GASKET,DWC Fittings,STK,0
DN150 CORRUGATED FITTINGS GASKET,DWC Fittings,STK,0
DN200 CORRUGATED FITTINGS GASKET,DWC Fittings,STK,0
SILICONE LUBRICANT 1LITRE CONTAINER,DWC Fittings,STK,0
110MM TELEFLEX PN10 - 1M,Telecom Ducts,STK,0
110MM TELEFLEX PN10 - 50M,Telecom Ducts,STK,0
110MM TELEFLEX PN8 - 1M,Telecom Ducts,STK,0
110MM TELEFLEX PN8 - 50M,Telecom Ducts,STK,0
110/95 TELEFLEX - 1M,Telecom Ducts,STK,0
160MM TELEFLEX PN8 - 1M,Telecom Ducts,STK,0
20MM TELEFLEX PN16 - 1M,Telecom Ducts,STK,0
20MM TELEFLEX PN16 - 100M,Telecom Ducts,STK,0
25MM TELEFLEX PN10 - 1M,Telecom Ducts,STK,0
25MM TELEFLEX PN12.5 - 1M,Telecom Ducts,STK,0
32MM TELEFLEX PN10 - 1M,Telecom Ducts,STK,0
32MM TELEFLEX PN10 - 100M,Telecom Ducts,STK,0
32MM TELEFLEX PN10 - 500M,Telecom Ducts,STK,0
32MM TELEFLEX PN12.5 - 1M,Telecom Ducts,STK,0
32MM TELEFLEX PN12.5 - 100M,Telecom Ducts,STK,0
32MM TELEFLEX PN12.5 - 500M,Telecom Ducts,STK,0
32MM TELEFLEX PN16 - 100M,Telecom Ducts,STK,0
32MM TELEFLEX PN16 - 500M,Telecom Ducts,STK,0
32MM TELEFLEX PN16 ATR - 500M,Telecom Ducts,STK,0
32MM TELEFLEX PN16 SIL - 500M,Telecom Ducts,STK,0
32MM TELEFLEX PN6 - 1M,Telecom Ducts,STK,0
32MM TELEFLEX PN8 - 1M,Telecom Ducts,STK,0
32MM TELEFLEX PN8 - 100M,Telecom Ducts,STK,0
32MM TELEFLEX PN8 - 500M,Telecom Ducts,STK,0
40MM TELEFLEX PN10 - 1M,Telecom Ducts,STK,0
40MM TELEFLEX PN10 - 100M,Telecom Ducts,STK,0
40MM TELEFLEX PN10 - 500M,Telecom Ducts,STK,0
40MM TELEFLEX PN12.5 - 1 METER,Telecom Ducts,STK,0
40MM TELEFLEX PN12.5 - 1000M,Telecom Ducts,STK,0
40MM TELEFLEX PN12.5 - 500M,Telecom Ducts,STK,0
40/33 TELEFLEX  - 1M,Telecom Ducts,STK,0
40/33 TELEFLEX  - 500M,Telecom Ducts,STK,0
40MM TELEFLEX PN6 - 1M,Telecom Ducts,STK,0
40MM TELEFLEX PN8 - 1M,Telecom Ducts,STK,0
50MM TELEFLEX PN10 - 1M,Telecom Ducts,STK,0
50MM TELEFLEX PN10 - 500M,Telecom Ducts,STK,0
50MM TELEFLEX PN12.5 - 1M,Telecom Ducts,STK,0
50MM TELEFLEX PN16 - 1M,Telecom Ducts,STK,0
50MM TELEFLEX PN16 - 300M,Telecom Ducts,STK,0
50MM TELEFLEX PN6 - 1M,Telecom Ducts,STK,0
50MM TELEFLEX PN6 - 100M,Telecom Ducts,STK,0
63MM TELEFLEX PN6 - 100M,Telecom Ducts,STK,0
63MM TELEFLEX PN8 - 1M,Telecom Ducts,STK,0
90MM TELEFLEX PN8 - 1M,Telecom Ducts,STK,0
TELEFLEX CABLEMARKER 20MM -1MTR LONG,Telecom Ducts,STK,0
TELEFLEX CABLEMARKER 32MM -4MTR LONG,Telecom Ducts,STK,0
TELEFLEX CABLEMARKER 25MM PN 12.5,Telecom Ducts,STK,0
PP PUSH FIT SOCKETED BEND 110MM 45 DEGREES GREY,PP Fittings,STK,0
PP PUSH FIT SOCKETED BEND 110MM 87.5 DEGREES GREY,PP Fittings,STK,0
PP PUSH FIT SOCKETED BEND 125MM 45 DEGREES GREY,PP Fittings,STK,0
PP PUSH FIT SOCKETED BEND 160MM 45 DEGREES GREY,PP Fittings,STK,0
PP PUSH FIT SOCKETED BEND 160MM 87.5 DEGREES GREY,PP Fittings,STK,0
PP PUSH FIT SOCKETED BEND 32MM 87.5 DEGREES GREY,PP Fittings,STK,0
PP PUSH FIT SOCKETED BEND 40MM 45 DEGREES GREY,PP Fittings,STK,0
PP PUSH FIT SOCKETED BEND 40MM 87.5 DEGREES GREY,PP Fittings,STK,0
PP PUSH FIT SOCKETED BEND 50MM 45 DEGREES GREY,PP Fittings,STK,0
PP PUSH FIT SOCKETED BEND 50MM 87.5 DEGREES GREY,PP Fittings,STK,0
PP PUSH FIT SOCKETED BEND 75MM 45 DEGREES GREY,PP Fittings,STK,0
PP PUSH FIT SOCKETED BEND 75MM 87.5 DEGREES GREY,PP Fittings,STK,0
PP DOUBLE BRANCH 110/110/110 45 DEG GREY,PP Fittings,STK,0
PP DOUBLE BRANCH 50/110/50 45 DEG GREY,PP Fittings,STK,0
PP PUSH FIT SOCKETED TEE 110MM 45 DEGREES GREY,PP Fittings,STK,0
PP PUSH FIT SOCKETED TEE 110MM 87.5 DEGREES GREY,PP Fittings,STK,0
PP PUSH FIT SOCKETED TEE 110/50 45 DEGREES GREY,PP Fittings,STK,0
PP PUSH FIT SOCKETED TEE 110/50 87.5 DEGREES GREY,PP Fittings,STK,0
PP PUSH FIT SOCKETED TEE 110/75 45 DEGREES GREY,PP Fittings,STK,0
PP PUSH FIT SOCKETED TEE 110/75 87.5 DEGREES GREY,PP Fittings,STK,0
PP PUSH FIT SOCKETED TEE 125/110 45 DEGREES GREY,PP Fittings,STK,0
PP PUSH FIT SOCKETED TEE 125MM 45 DEGREES GREY,PP Fittings,STK,0
PP PUSH FIT SOCKETED TEE 160/110 45 DEGREES GREY,PP Fittings,STK,0
PP PUSH FIT SOCKETED TEE 160MM 45 DEGREES GREY,PP Fittings,STK,0
PP PUSH FIT SOCKETED TEE 160MM 87.5 DEGREES GREY,PP Fittings,STK,0
PP PUSH FIT SOCKETED TEE 40MM 45 DEGREES GREY,PP Fittings,STK,0
PP PUSH FIT SOCKETED TEE 40MM 87.5 DEGREES GREY,PP Fittings,STK,0
PP PUSH FIT SOCKETED TEE 50/40 45 DEGREES GREY,PP Fittings,STK,0
PP PUSH FIT SOCKETED TEE 50/40 87.5 DEGREES GREY,PP Fittings,STK,0
PP PUSH FIT SOCKETED TEE 50MM 45 DEGREES GREY,PP Fittings,STK,0
PP PUSH FIT SOCKETED TEE 50MM 87.5 DEGREES GREY,PP Fittings,STK,0
PP PUSH FIT SOCKETED TEE 75/50 45 DEGREES GREY,PP Fittings,STK,0
PP PUSH FIT SOCKETED TEE 75/50 87.5 DEGREES GREY,PP Fittings,STK,0
PP PUSH FIT SOCKETED TEE 75MM 45 DEGREES GREY,PP Fittings,STK,0
PP PUSH FIT SOCKETED TEE 75MM 87.5 DEGREES GREY,PP Fittings,STK,0
PP PIPE 110MM SDR41 4M LENGTH,PP Pipes,STK,0
PP PIPE 125MM SDR41 3M LENGTH,PP Pipes,STK,0
PP PIPE 125MM SDR41 4M LENGTH,PP Pipes,STK,0
PP PIPE 160MM SDR41 4M LENGTH,PP Pipes,STK,0
PP PIPE 32MM SDR41 4M LENGTH,PP Pipes,STK,0
PP PIPE 40MM SDR41 4M LENGTH,PP Pipes,STK,0
PP PIPE 50MM SDR41 4M LENGTH,PP Pipes,STK,0
PP PIPE 75MM SDR41 4M LENGTH,PP Pipes,STK,0
PP ENDCAP 110MM GREY,PP Fittings,STK,0
PP ENDCAP 125MM GREY,PP Fittings,STK,0
PP ENDCAP 160MM GREY,PP Fittings,STK,0
PP ENDCAP 40MM GREY,PP Fittings,STK,0
PP ENDCAP 50MM GREY,PP Fittings,STK,0
PP ENDCAP 75MM GREY,PP Fittings,STK,0
PP DOUBLE SOCKET COUPLER 110MM GREY,PP Fittings,STK,0
PP DOUBLE SOCKET COUPLER 125MM GREY,PP Fittings,STK,0
PP DOUBLE SOCKET COUPLER 32MM GREY,PP Fittings,STK,0
PP DOUBLE SOCKET COUPLER 40MM GREY,PP Fittings,STK,0
PP DOUBLE SOCKET COUPLER 50MM GREY,PP Fittings,STK,0
PP DOUBLE SOCKET COUPLER 75MM GREY,PP Fittings,STK,0
PP EXCENTRIC REDUCER 110/50 GREY,PP Fittings,STK,0
PP EXCENTRIC REDUCER 110/75 GREY,PP Fittings,STK,0
PP EXCENTRIC REDUCER 125/110 GREY,PP Fittings,STK,0
PP EXCENTRIC REDUCER 160/110 GREY,PP Fittings,STK,0
PP EXCENTRIC REDUCER 160/125 GREY,PP Fittings,STK,0
PP EXCENTRIC REDUCER 50/32 GREY,PP Fittings,STK,0
PP EXCENTRIC REDUCER 50/40 GREY,PP Fittings,STK,0
PP EXCENTRIC REDUCER 75/50 GREY,PP Fittings,STK,0
INSPECTION PIPE 50MM GREY,PP Fittings,STK,0
INSPECTION PIPE 75MM GREY,PP Fittings,STK,0
FLOOR WASTE GULLY 50MM GREY,PP Fittings,STK,0
IRRIGATION FITTING 16MM DOUBLENUT CONNECTOR,IRRIGATION FITTINGS,STK,0
IRRIGATION FITTING DRIPPERS 8 LITERS PER HOUR,IRRIGATION FITTINGS,STK,0
IRRIGATION FITTING 90 DEGREE ELBOW 16MM,IRRIGATION FITTINGS,STK,0
IRRIGATION FITTING EQUAL TEE 16MM,IRRIGATION FITTINGS,STK,0
IRRIGATION FITTING FEMALE REDUCER 3/4INCH X 16MM,IRRIGATION FITTINGS,STK,0
IRRIGATION FITTING 16MM GROMMET RUBBER,IRRIGATION FITTINGS,STK,0
IRRIGATION FITTING MINI VALVE 16MM,IRRIGATION FITTINGS,STK,0
IRRIGATION FITTING 16MM QUICK CONNECTOR,IRRIGATION FITTINGS,STK,0
20MM HDPE IRRIGATION PIPE 100MTR PN6,HDPE pipe,STK,0
20MM HDPE IRRIGATION PIPE 100MTR PN8,HDPE pipe,STK,0
25MM HDPE IRRIGATION PIPE 100MTR PN6,HDPE pipe,STK,0
25MM HDPE IRRIGATION PIPE 100MTR PN8,HDPE pipe,STK,0
32MM HDPE IRRIGATION PIPE 100MTR PN6,HDPE pipe,STK,0
32MM HDPE IRRIGATION PIPE 100MTR PN8,HDPE pipe,STK,0
40MM HDPE IRRIGATION PIPE 100MTR PN6,HDPE pipe,STK,0
40MM HDPE IRRIGATION PIPE 100MTR PN8,HDPE pipe,STK,0
50MM HDPE IRRIGATION PIPE 100MTR PN6,HDPE pipe,STK,0
50MM HDPE IRRIGATION PIPE 100MTR PN8,HDPE pipe,STK,0
DOUBLE SOCKET COUPLER 160MM,PP Fittings,STK,0
LLPDE TANK 10000 LITERS WITH CAP,Tanks,STK,0
LLPDE TANK 1000 LITERS WITH CAP,Tanks,STK,0
LLPDE TANK 1500 LITERS WITH CAP,Tanks,STK,0
LLPDE TANK 2000 LITERS WITH CAP,Tanks,STK,0
LLPDE TANK 2300 LITERS WITH CAP,Tanks,STK,0
LLPDE TANK 2500 LITERS WITH CAP,Tanks,STK,0
LLPDE TANK 3000 LITERS WITH CAP,Tanks,STK,0
LLPDE TANK 5000 LITERS WITH CAP,Tanks,STK,0
LLPDE TANK 500 LITERS WITH CAP,Tanks,STK,0
LUBRICANT CLEAR SILICONE LUBRICANT 280ML CONTAINER,DWC Fittings,STK,0
MANUAL BUTT FUSION MACHINE - 160,Joints,STK,0
MANUAL BUTT FUSION MACHINE - 63,Joints,STK,0
AQUAFUSION BUTT FUSION MACHINE - SEMIAUTOMATIC 250,Joints,STK,0
HURNER BUTT FUSION MACHINE - SEMIAUTOMATIC 160,Joints,STK,0
HURNER BUTT FUSION MACHINE - SEMIAUTOMATIC 200,Joints,STK,0
HURNER BUTT FUSION MACHINE - SEMIAUTOMATIC 250,Joints,STK,0
HURNER BUTT FUSION MACHINE - SEMIAUTOMATIC 315,Joints,STK,0
HURNER BUTT FUSION MACHINE - SEMIAUTOMATIC 355,Joints,STK,0
HURNER BUTT FUSION MACHINE - SEMIAUTOMATIC 500,Joints,STK,0
HURNER BUTT FUSION MACHINE - SEMIAUTOMATIC 630,Joints,STK,0
HURNER ELECTROFUSION MACHINE - HST300 PRINT+,Joints,STK,0
GENERATOR - 10KVA,Joints,STK,0
MANUAL HAND EXTRUDER,Joints,STK,0
HURNER LABEL TAG PRINTER,Joints,STK,0
HURNER SHEAR CUTTER 0-35MM,Joints,STK,0
SHEAR CUTTER 0-40MM,Joints,STK,0
HURNER SHEAR CUTTER 0-63MM,Joints,STK,0
HURNER BEAD REMOVER 75-400MM,Joints,STK,0
HURNER BEAD REMOVER BLADE 75-400MM,Joints,STK,0
HURNER PIPE SUPPORT ROLLER 315MM,Joints,STK,0
HURNER SCRAPER FOR PIPE ENDS 110-500MM,Joints,STK,0
HURNER SCRAPER FOR PIPE ENDS 32-160MM,Joints,STK,0
HURNER SCRAPER BLADE,Joints,STK,0
PULL UP BANNERS,Valves,STK,0
MARKETING BROCHURES,Valves,STK,0
CONFERENCE CHARGES,Valves,STK,0
MILD STEEL WELD ON ELBOW 2 INCH,Fittings Accesories,STK,0
MILD STEEL WELD ON ELBOW 21/2 INCH,Fittings Accesories,STK,0
MILD STEEL WELD ON ELBOW 3 INCH,Fittings Accesories,STK,0
MILD STEEL THREADED SOCKET 3 INCH,Fittings Accesories,STK,0
MILD STEEL WELD ON TEE 3 INCH,Fittings Accesories,STK,0
BADGER ULTRASONIC BEACON SOFTWARE,Meters,STK,0
"DN 50 MM (2"") M2000 ELECTROMAGNETIC METER",Meters,STK,0
"DN 80 MM (3"") M2000 ELECTROMAGNETIC METER",Meters,STK,0
"DN 100 MM (4"") M5000 ELECTROMAGNETIC METER",Meters,STK,0
"DN 150 MM (6"") M5000 ELECTROMAGNETIC METER",Meters,STK,0
"DN 200 MM (8"") M5000 ELECTROMAGNETIC METER",Meters,STK,0
"DN 250 MM (10"") M5000 ELECTROMAGNETIC METER",Meters,STK,0
"DN 300 MM (12"") M5000 ELECTROMAGNETIC METER",Meters,STK,0
"DN 350 MM (14"") M5000 ELECTROMAGNETIC METER",Meters,STK,0
"DN 400 MM (16"") M5000 ELECTROMAGNETIC METER",Meters,STK,0
"DN 400 MM (16"") M5000 ELECTROMAGNETIC METER REMOTE",Meters,STK,0
"DN 450 MM (18"") M5000 ELECTROMAGNETIC METER",Meters,STK,0
"DN 50 MM (2"") M5000 ELECTROMAGNETIC METER",Meters,STK,0
"DN 500 MM (20"") M5000 ELECTROMAGNETIC METER",Meters,STK,0
"DN 600 MM (24"") M5000 ELECTROMAGNETIC METER",Meters,STK,0
"DN 80 MM (3"") M5000 ELECTROMAGNETIC METER",Meters,STK,0
BADGER ULTRASONIC ORION ENDOINT,Meters,STK,0
BADGER ULTRASONIC CLAMP ON METER TFX 5000 65-300MM,Meters,STK,0
MOBILE ANTENNA 900MHZ ANTENNA,Meters,STK,0
FIXED ANTENNA 5.4BD OMNI DIRECTION 868MHZ,Meters,STK,0
FIXED ANTENNA 5DBI YAGI SY906 DIRECTION 868MHZ 5MT,Meters,STK,0
DN 100 MM ELECTROMAGNETIC PROMAG,Meters,STK,0
DN 1000 MM ELECTROMAGNETIC PROMAG,Meters,STK,0
DN 1200 MM ELECTROMAGNETIC PROMAG,Meters,STK,0
DN 125 MM ELECTROMAGNETIC PROMAG,Meters,STK,0
DN 1400 MM ELECTROMAGNETIC PROMAG,Meters,STK,0
DN 150 MM ELECTROMAGNETIC PROMAG,Meters,STK,0
DN 200 MM ELECTROMAGNETIC PROMAG,Meters,STK,0
DN 250 MM ELECTROMAGNETIC PROMAG,Meters,STK,0
DN 300 MM ELECTROMAGNETIC PROMAG,Meters,STK,0
DN 350 MM ELECTROMAGNETIC PROMAG,Meters,STK,0
DN 400 MM ELECTROMAGNETIC PROMAG,Meters,STK,0
DN 50 MM ELECTROMAGNETIC PROMAG,Meters,STK,0
DN 500 MM ELECTROMAGNETIC PROMAG,Meters,STK,0
DN 600 MM ELECTROMAGNETIC PROMAG,Meters,STK,0
DN 65 MM ELECTROMAGNETIC PROMAG,Meters,STK,0
DN 700 MM ELECTROMAGNETIC PROMAG,Meters,STK,0
DN 80 MM ELECTROMAGNETIC PROMAG,Meters,STK,0
DN 800 MM ELECTROMAGNETIC PROMAG,Meters,STK,0
DN 900 MM ELECTROMAGNETIC PROMAG,Meters,STK,0
DIEHL IZAR ACTIVATION FEES OR ONE DAY FEES,Meters,STK,0
DIEHL IZAR ANNUAL FEES,Meters,STK,0
DIEHL EXTERNAL WIRED PULSE EMITTER MODULE OMS,Meters,STK,0
DIEHL DRIVE BY CATERPILLAR S41 HANDHELD DEVICE,Meters,STK,0
DIEHL RDC MOTION 868MHZ PACKAGE,Meters,STK,0
DIEHL DRIVE BY BLUETOOTH RECEIVER,Meters,STK,0
DIEHL DRIVE BY INSTALLATION KIT FOR RECEIVER,Meters,STK,0
DIEHL DRIVE BY SAMSUNG X4S HANDHELD DEVICE,Meters,STK,0
DIEHL DRIVE BY USB MAIN CHARGER,Meters,STK,0
DIEHL DRIVE BY USB MAIN CHARGER CABLE,Meters,STK,0
DIEHL IZAR MOBILE,Meters,STK,0
DIEHL IZAR @NET2 SOFTWARE,Meters,STK,0
DIEHL OPTO HEAD BLUETOOTH DEVICE,Meters,STK,0
DIEHL IZAR PLUS PORTAL DEMO,Meters,STK,0
DIEHL IZAR PULSE G3 EMITTER MODULAR LORAWAN WIRED,Meters,STK,0
DIEHL IZAR PULSE I4 EMITTER MODULAR 5 WIRED,Meters,STK,0
DIEHL IZAR PULSE I EMITTER MODULAR RADIO OMS,Meters,STK,0
DIEHL RADIO MODULE G3 LORA RADIO OMS,Meters,STK,0
DIEHL RADIO MODULE G4 434 HZ RADIO OMS,Meters,STK,0
DIEHL RADIO MODULE G4 EMITTER 868 HZ RADIO OMS,Meters,STK,0
DIEHL IZAR 230V POWERPACK FOR IZAR RDC BATTERY,Meters,STK,0
DIEHL IZAR RADIO CONCENTRATOR BAT 868 MHZ,Meters,STK,0
DIEHL IZAR RDC PREMIUM 2 868 MHZ,Meters,STK,0
DIEHL IZAR RADIO EXTERN L-BUS NB-IOT,Meters,STK,0
"DN 15 MM (1/2"") MULTI JET CORONA R80 BRASS",Meters,STK,0
"DN 20 MM (3/4"") MULTI JET CORONA R80 BRASS",Meters,STK,0
DN15 NON RETURN VALVE - DIEHL,Meters,STK,0
DN20 NON RETURN VALVE - DIEHL,Meters,STK,0
WATER METER PLASTIC SEAL,Meters,STK,0
RUBBER GASKET FOR DN15 WATER METER,Meters,STK,0
"DN 100 MM (4"") SINGLE JET AQUILA R315 BRASS",Meters,STK,0
"DN 50 MM (2"") SINGLE JET AQUILA R315 BRASS",Meters,STK,0
"DN 65 MM (2.5"") SINGLE JET AQUILA R315 BRASS",Meters,STK,0
"DN 80 MM (3"") SINGLE JET AQUILA R315 BRASS",Meters,STK,0
"DN 100 MM (4"") SINGLE JET AQUILA R630 BRASS",Meters,STK,0
"DN 80 MM (3"") SINGLE JET AQUILA R630 BRASS",Meters,STK,0
"DN 15 MM (1/2"") SINGLE JET AQUILA R200 COMP",Meters,STK,0
"DN 20 MM (3/4"") SINGLE JET AQUILA R200 COMP",Meters,STK,0
"DN 25 MM (1"") SINGLE JET AQUARIUS R80 BRASS 25/260",Meters,STK,0
"DN 15 MM (1/2"") SINGLE JET ARIES R125 BRASS",Meters,STK,0
"DN 15MM (1/2"") SINGLE JET ARIES R100 COMPOSITE",Meters,STK,0
"DN 15MM (1/2"") SINGLE JET ARIES R125 COMPOSITE",Meters,STK,0
"DN 15 MM (1/2"") SINGLE JET AURIGA R125 BRASS",Meters,STK,0
"DN 20 MM (3/4"") SINGLE JET AURIGA R125 BRASS",Meters,STK,0
"DN 25 MM (1"") SINGLE JET AURIGA R125 BRASS",Meters,STK,0
"DN 32 MM (1"" 1/4) SINGLE JET AURIGA R125 BRASS",Meters,STK,0
"DN 15 MM (1/2"") SINGLE JET AURIGA R160 BRASS",Meters,STK,0
"DN 20 MM (3/4"") SINGLE JET AURIGA R160 BRASS",Meters,STK,0
"DN 25 MM (1"") SINGLE JET AURIGA R160 BRASS",Meters,STK,0
"DN 32 MM (1.25"") SINGLE JET AURIGA R160 BRASS",Meters,STK,0
"DN 40 MM (1.5"") SINGLE JET AURIGA R160 BRASS",Meters,STK,0
"DN 15 MM (1/2"") SINGLE JET AURIGA R200 BRASS",Meters,STK,0
"DN 20 MM (3/4"") SINGLE JET AURIGA R200 BRASS",Meters,STK,0
"DN 15 MM (1/2"") SINGLE JET AURIGA R160 COMPOSITE",Meters,STK,0
"DN 100 MM (4"") STRAINER",Meters,STK,0
"DN 125 MM (5"") STRAINER",Meters,STK,0
"DN 150 MM (6"") STRAINER",Meters,STK,0
"DN 200 MM (8"") STRAINER",Meters,STK,0
"DN 250 MM (10"") STRAINER",Meters,STK,0
DN 300 MM (12'') STRAINER,Meters,STK,0
"DN 400 MM (16"") STRAINER",Meters,STK,0
"DN 50 MM (2"") STRAINER",Meters,STK,0
DN 500 MM (20'') STRAINER,Meters,STK,0
"DN 65 MM (2"" 1/2) STRAINER",Meters,STK,0
"DN 80 MM (3"") STRAINER",Meters,STK,0
"DN 100 MM (4"") ULTRASONIC HYDRUS",Meters,STK,0
"DN 15 MM (1/2"") ULTRASONIC HYDRUS",Meters,STK,0
"DN 150 MM (6"") ULTRASONIC HYDRUS",Meters,STK,0
"DN 20 MM (3/4"") ULTRASONIC HYDRUS",Meters,STK,0
"DN 200 MM (8"") ULTRASONIC HYDRUS",Meters,STK,0
"DN 25 MM (1"") ULTRASONIC HYDRUS",Meters,STK,0
"DN 32 MM (1"" 1/4) ULTRASONIC HYDRUS",Meters,STK,0
"DN 40 MM (1"" 1/2) ULTRASONIC HYDRUS",Meters,STK,0
"DN 50 MM (2"") ULTRASONIC HYDRUS",Meters,STK,0
"DN 80 MM (3"") ULTRASONIC HYDRUS",Meters,STK,0
"DN 15 MM (1/2"") VOLUMETRIC ALTAIR R160 COMP",Meters,STK,0
"DN 15 MM (1/2"") VOLUMETRIC ALTAIR R160 COMP",Meters,STK,0
"DN 15 MM (1/2"") VOLUMETRIC ALTAIR R160 COMP NRV",Meters,STK,0
"DN 15 MM (1/2"") VOLUMETRIC ALTAIR R160 COMP RM",Meters,STK,0
"DN 20 MM (3/4"") VOLUMETRIC ALTAIR R160 COMP",Meters,STK,0
"DN 20 MM (1"") VOLUMETRIC ALTAIR R160 COMP NRV",Meters,STK,0
"DN 20 MM (1"") VOLUMETRIC ALTAIR R160 COMP RM",Meters,STK,0
"DN 15 MM (1/2"") VOLUMETRIC ALTAIR R315 COMP",Meters,STK,0
"DN 20 MM (3/4"") VOLUMETRIC ALTAIR R315 COMP",Meters,STK,0
"DN 25 MM (1"") VOLUMETRIC ALTAIR R315 COMP",Meters,STK,0
"DN 32 MM (1 1/4"") VOLUMETRIC ALTAIR R315 COMP",Meters,STK,0
"DN 40 MM (1 1/2"") VOLUMETRIC ALTAIR R315 COMP",Meters,STK,0
"DN 15 MM (1/2"") VOLUMETRIC ALTAIR R160 BRASS",Meters,STK,0
"DN 20 MM (3/4"") VOLUMETRIC ALTAIR R160 BRASS",Meters,STK,0
"DN 25 MM (1"") VOLUMETRIC ALTAIR R160 BRASS",Meters,STK,0
"DN 32 MM (1"" 1/4) VOLUMETRIC ALTAIR R160 BRASS",Meters,STK,0
"DN 40 MM (1"" 1/2) VOLUMETRIC ALTAIR R160 BRASS",Meters,STK,0
"DN 20 MM (3/4"") VOLUMETRIC ALTAIR R315 BRASS",Meters,STK,0
"DN 25 MM (1"") VOLUMETRIC ALTAIR R315 BRASS",Meters,STK,0
"DN 32 MM (1 1/4"") VOLUMETRIC ALTAIR R315 BRASS",Meters,STK,0
"DN 40 MM (1 1/2"") VOLUMETRIC ALTAIR R315 BRASS",Meters,STK,0
"DN 100 MM (4"") WOLTMANN BULK WESAN",Meters,STK,0
"DN 100 MM (4"") WOLTMANN BULK WESAN PN40",Meters,STK,0
"DN 125 MM (5"") WOLTMANN BULK WESAN",Meters,STK,0
"DN 150 MM (6"") WOLTMANN BULK WESAN",Meters,STK,0
"DN 200 MM (8"") WOLTMANN BULK WESAN",Meters,STK,0
"DN 200 MM (8"") WOLTMANN BULK WESAN PN40",Meters,STK,0
"DN 250 MM (10"") WOLTMANN BULK WESAN",Meters,STK,0
DN 300 MM (12'') WOLTMANN BULK WESAN,Meters,STK,0
"DN 400 MM (16"") WOLTMANN BULK WESAN",Meters,STK,0
"DN 50 MM (2"") WOLTMANN BULK WESAN",Meters,STK,0
DN 500 MM (20'') WOLTMANN BULK WESAN,Meters,STK,0
"DN 65 MM (2"" 1/2) WOLTMANN BULK WESAN",Meters,STK,0
"DN 80 MM (3"") WOLTMANN BULK WESAN",Meters,STK,0
IP68 SILL JUNCTION BOX REMOTE VERSION,Meters,STK,0
10 METER CABLE FOR M5000 ELECTROMAGANETIC METER,Meters,STK,0
"DN 15 MM (1/2"") MULTI JET HEBEI R160 BRASS",Meters,STK,0
"DN 15 MM (1/2"") MULTI JET HEBEI R160 COMPOSITE",Meters,STK,0
"DN 15 MM (1/2"") VOLUMETRIC  HEBEI R160 COMPOSITE",Meters,STK,0
ITRON EXTERNAL WIRED PULSE EMITTER MODULE,Meters,STK,0
KENT WATER METER 80MM FLANGED,Meters,STK,0
ANOLOG PRESSURE GAUGE  SIZE 3/4INCH WITH PLOTTER,Meters,STK,0
METER CALIBRATION BENCH FROM 15MM TO 40MM,Meters,STK,0
DIGTAL PRESSURE DATA LOGGER SIZE 3/4INCH 25BAR PRE,Meters,STK,0
DIGITAL INSERTION FLOW METER SIZE 2 METER DIA,Meters,STK,0
DIGITAL ADVANCED LEAK NOISE CORRELATOR,Meters,STK,0
DIGITAL NON METALIC PIPE LOCATOR,Meters,STK,0
"DN 100 MM (4"") STRAINER",Meters,STK,0
"DN 150 MM (6"") STRAINER",Meters,STK,0
"DN 200 MM (8"") STRAINER LOCAL",Meters,STK,0
"DN 32 MM (1"") STRAINER",Meters,STK,0
"DN 40 MM (1.1/4"") STRAINER",Meters,STK,0
"DN 50 MM (1.5"") STRAINER",Meters,STK,0
"DN 80 MM (3"") STRAINER",Meters,STK,0
WATER METER BRASS CONNECTORS (LINERS),Meters,STK,0
DN 15 WATER METER PLASTIC LINERS AND NRV,Meters,STK,0
DN 15 WATER METER PLASTIC CONNECTORS (LINERS),Meters,STK,0
DN 20 WATER METER PLASTIC CONNECTORS (LINERS),Meters,STK,0
"DN 50 MM (2"") BULK METER",Meters,STK,0
"DN 80 MM (3"") BULK METER",Meters,STK,0
"DN 15 MM (1/2"") MULTI JET MECH R160 BRASS",Meters,STK,0
"DN 15 MM (1/2"") MULTI JET MECH R160 COMPOSITE",Meters,STK,0
"DN 20 MM (3/4"") MULTI JET MECH R100 BRASS",Meters,STK,0
"DN 15 MM (1/2"") MECH PREPAID METER",Meters,STK,0
"DN 15 MM (1/2"") MECH PREPAID METER",Meters,STK,0
"DN 13 MM (1/2"") SINLGE JET MECH COMPOSITE",Meters,STK,0
DN 20 MM (13/4) SINLGE JET MECH BRASS,Meters,STK,0
"DN 15 MM (1/2"") VOLUMETRIC MECH R160 COMP",Meters,STK,0
"DN 15 MM (1/2"") MULTI JET KEYLINE R200 COMP",Meters,STK,0
"DN 15 MM (1/2"") SINGLE JET KEYLINE R160 COMP",Meters,STK,0
"DN 15 MM (1/2"") SINGLE JET KEYLINE R200 COMP",Meters,STK,0
METER SEALING GUN,Meters,STK,0
METER SEALING WIRE,Meters,STK,0
"DN 15 MM (1/2"") MULTI JET SHENDGA R160 BRASS",Meters,STK,0
"DN 15 MM (1/2"") MULTI JET SHENDGA R160 COMPOSITE",Meters,STK,0
"DN 15 MM (1/2"") VOLUMETRIC  R160 BRASS",Meters,STK,0
"DN 15 MM (1/2"") VOLUMETRIC  R160 COMPOSITE",Meters,STK,0
METER BOX FOR DN15 AND DN20 WATER METERS,Meters,STK,0
METER BOX FOR DN25 AND DN32 WATER METERS,Meters,STK,0
METER BOX FOR DN40 AND DN50 WATER METERS,Meters,STK,0
"DN15 MM (1/2"") MULTIJET R100 IC PREPAID BRASS",Meters,STK,0
"DN15 MM (1/2"") MULTIJET R100 STS PREPAID BRASS",Meters,STK,0
"DN15 MM (1/2"") MULTIJET R100 STS PREPAID COMPOSITE",Meters,STK,0
IC CARD FOR PREPAID METERS SH,Meters,STK,0
IC CARD READER FOR PREPAID METERS SH,Meters,STK,0
"DN 80 MM (3"") WESDOM BULK WATER METER",Meters,STK,0
"DN 25 MM (1"") SINGLE JET WESDOM R160 COMP",Meters,STK,0
"DN 40 MM (11/4"") SINGLE JET WESDOM R160 COMP",Meters,STK,0
"DAYLIFF  PETROL PUMP DC50E 2"" 7.0HP ECONO",Pumps,STK,0
DAYLIFF  PETROL PUMP DC80P 3' 7.0HP,Pumps,STK,0
PP EXTRUSION REGRIND,Raw Materials,STK,0
PP/SCRAP,Raw Materials,STK,0
20MM AQUAFLO PPH IPS PN20 - 5M,PPR Pipes,STK,0
25MM AQUAFLO PPH IPS PN20 - 5M,PPR Pipes,STK,0
25MM AQUAFLO PPH IPS PN20 - 6M,PPR Pipes,STK,0
20MM PPH ELBOW,PPR Fittings,STK,0
25MM (3/4) PPH ELBOW,PPR Fittings,STK,0
PPH ELBOW 25MM FEMALE THREAD,PPR Fittings,STK,0
20MM PPH NIPPLE,PPR Fittings,STK,0
25MM (3/4) PPH NIPPLE,PPR Fittings,STK,0
PPH NIPPLE 20MM FEMALE THREAD,PPR Fittings,STK,0
PPH NIPPLE 25MM FEMALE THREAD,PPR Fittings,STK,0
PPH REDUCING BUSH 25MM X 20M FEMALE THREADED,PPR Fittings,STK,0
PPH REDUCING BUSH 32MM X 25M FEMALE THREADED,PPR Fittings,STK,0
PPH SOCKET 20MM,PPR Fittings,STK,0
PPH SOCKET 25MM,PPR Fittings,STK,0
PPH STOP CORK 20MM MALE THREAD,PPR Fittings,STK,0
PPH STOP CORK 25MM MALE THREAD,PPR Fittings,STK,0
PPH TEE 25MM FEMALE THREAD,PPR Fittings,STK,0
PPH TEE 32MM FEMALE THREAD,PPR Fittings,STK,0
PPH TEE 50MM FEMALE THREAD,PPR Fittings,STK,0
20MM PPH UNION,PPR Fittings,STK,0
25MM PPH UNION,PPR Fittings,STK,0
110MM AQUAFLO PN16 - 4M,PPR Pipes,STK,0
110MM AQUAFLO PN16 - 50M,PPR Pipes,STK,0
110MM AQUAFLO PN20 - 4M,PPR Pipes,STK,0
110MM AQUAFLO PN20 - 50M,PPR Pipes,STK,0
20MM AQUAFLO PN16 - 100M,PPR Pipes,STK,0
20MM AQUAFLO PN16 - 4M,PPR Pipes,STK,0
20MM AQUAFLO PN16 - 4M PRM,PPR Pipes,STK,0
20MM AQUAFLO PN20 - 100M,PPR Pipes,STK,0
20MM AQUAFLO PN20 - 100M PRM,PPR Pipes,STK,0
20MM AQUAFLO PN20 - 4M,PPR Pipes,STK,0
20MM AQUAFLO PN20 - 4M PRM,PPR Pipes,STK,0
20MM AQUAFLO PN20 - 4M,PPR Pipes,STK,0
25MM AQUAFLO PN16 - 100M,PPR Pipes,STK,0
25MM AQUAFLO PN16 - 150M,PPR Pipes,STK,0
25MM AQUAFLO PN16 - 4M,PPR Pipes,STK,0
25MM AQUAFLO PN16 - 4M PRM,PPR Pipes,STK,0
25MM AQUAFLO PN20 - 100M,PPR Pipes,STK,0
25MM AQUAFLO PN20 - 100M  PRM,PPR Pipes,STK,0
25MM AQUAFLO PN20 - 4M,PPR Pipes,STK,0
25MM AQUAFLO PN20 - 4M PRM,PPR Pipes,STK,0
25MM AQUAFLO PN20 - 4M,PPR Pipes,STK,0
32MM AQUAFLO PN16 - 100M,PPR Pipes,STK,0
32MM AQUAFLO PN16 - 4M,PPR Pipes,STK,0
32MM AQUAFLO PN20 - 100M,PPR Pipes,STK,0
32MM AQUAFLO PN20 - 4M,PPR Pipes,STK,0
32MM AQUAFLO PN20 - 4M,PPR Pipes,STK,0
40MM AQUAFLO PN16 - 100M,PPR Pipes,STK,0
40MM AQUAFLO PN16 - 4M,PPR Pipes,STK,0
40MM AQUAFLO PN16 - 50M,PPR Pipes,STK,0
40MM AQUAFLO PN20 - 100M,PPR Pipes,STK,0
40MM AQUAFLO PN20 - 4M,PPR Pipes,STK,0
40MM AQUAFLO PN20 - 50M,PPR Pipes,STK,0
40MM AQUAFLO PN20 - 6M,PPR Pipes,STK,0
50MM AQUAFLO PN16 - 100M,PPR Pipes,STK,0
50MM AQUAFLO PN16 - 4M,PPR Pipes,STK,0
50MM AQUAFLO PN16 - 50M,PPR Pipes,STK,0
50MM AQUAFLO PN20 - 100M,PPR Pipes,STK,0
50MM AQUAFLO PN20 - 4M,PPR Pipes,STK,0
50MM AQUAFLO PN20 - 50M,PPR Pipes,STK,0
63MM AQUAFLO PN16 - 100M,PPR Pipes,STK,0
63MM AQUAFLO PN16 - 4M,PPR Pipes,STK,0
63MM AQUAFLO PN16 - 50M,PPR Pipes,STK,0
63MM AQUAFLO PN20 - 100M,PPR Pipes,STK,0
63MM AQUAFLO PN20 - 4M,PPR Pipes,STK,0
63MM AQUAFLO PN20 - 50M,PPR Pipes,STK,0
75MM AQUAFLO PN16 - 100M,PPR Pipes,STK,0
75MM AQUAFLO PN16 - 4M,PPR Pipes,STK,0
75MM AQUAFLO PN16 - 50M,PPR Pipes,STK,0
75MM AQUAFLO PN20 - 100M,PPR Pipes,STK,0
75MM AQUAFLO PN20 - 4M,PPR Pipes,STK,0
75MM AQUAFLO PN20 - 50M,PPR Pipes,STK,0
90MM AQUAFLO PN16 - 100M,PPR Pipes,STK,0
90MM AQUAFLO PN16 - 4M,PPR Pipes,STK,0
90MM AQUAFLO PN16 - 50M,PPR Pipes,STK,0
90MM AQUAFLO PN20 - 100M,PPR Pipes,STK,0
90MM AQUAFLO PN20 - 4M,PPR Pipes,STK,0
20MM AQUAFLO 2 LAYER PN16 - 5M,PPR Pipes,STK,0
20MM AQUAFLO 2 LAYER PN16 - 6M,PPR Pipes,STK,0
20MM AQUAFLO 2 LAYER PN20 - 4M,PPR Pipes,STK,0
25MM AQUAFLO 2 LAYER PN16 - 4M,PPR Pipes,STK,0
25MM AQUAFLO 2 LAYER PN16 - 5M,PPR Pipes,STK,0
25MM AQUAFLO 2 LAYER PN16 - 6M,PPR Pipes,STK,0
25MM AQUAFLO 2 LAYER PN20 - 4M,PPR Pipes,STK,0
32MM AQUAFLO 2 LAYER PN16 - 5M,PPR Pipes,STK,0
32MM AQUAFLO 2 LAYER PN16 - 6M,PPR Pipes,STK,0
32MM AQUAFLO 2 LAYER PN20 - 4M,PPR Pipes,STK,0
40MM AQUAFLO 2 LAYER PN16 - 4M,PPR Pipes,STK,0
40MM AQUAFLO 2 LAYER PN20 - 4M,PPR Pipes,STK,0
50MM AQUAFLO 2 LAYER PN20 - 100M,PPR Pipes,STK,0
50MM AQUAFLO 2 LAYER PN20 - 4M,PPR Pipes,STK,0
63MM AQUAFLO 2 LAYER PN20 - 100M,PPR Pipes,STK,0
63MM AQUAFLO 2 LAYER PN20 - 4M,PPR Pipes,STK,0
20MM AQUAFLO 3 LAYER PN16 - 100M,PPR Pipes,STK,0
20MM AQUAFLO 3 LAYER PN16 - 4M,PPR Pipes,STK,0
20MM AQUAFLO 3 LAYER PN20 - 100M,PPR Pipes,STK,0
20MM AQUAFLO 3 LAYER SOLAR PPR PIPEPN20 - 4M,PPR Pipes,STK,0
20MM AQUAFLO 3 LAYER PN20 - 5M,PPR Pipes,STK,0
25MM AQUAFLO 3 LAYER PN16 - 100M,PPR Pipes,STK,0
25MM AQUAFLO 3 LAYER PN16 - 4M,PPR Pipes,STK,0
25MM AQUAFLO 3 LAYER PN20 - 100M,PPR Pipes,STK,0
25MM AQUAFLO 3 LAYER SOLAR PPR PIPE PN20 - 4M,PPR Pipes,STK,0
25MM AQUAFLO 3 LAYER PN20 - 5M,PPR Pipes,STK,0
32MM AQUAFLO 3 LAYER PN16 - 100M,PPR Pipes,STK,0
32MM AQUAFLO 3 LAYER PN16 - 4M,PPR Pipes,STK,0
32MM AQUAFLO 3 LAYER PN20 - 100M,PPR Pipes,STK,0
32MM AQUAFLO 3 LAYER SOLAR PPR PIPE PN20 - 4M,PPR Pipes,STK,0
32MM AQUAFLO 3 LAYER PN20 - 5M,PPR Pipes,STK,0
40MM AQUAFLO 3 LAYER PN20 - 4M,PPR Pipes,STK,0
50MM AQUAFLO 3 LAYER SOLAR PPR PIPEPN20 - 4M,PPR Pipes,STK,0
63MM AQUAFLO 3 LAYER SOLAR PPR PIPEPN20 - 4M,PPR Pipes,STK,0
PPR EXTRUSION REGRIND,Raw Materials,STK,0
"PPR BALL VALVE 20MM X 1/2""",PPR Fittings,STK,0
"PPR BALL VALVE 25MM X 3/4""",PPR Fittings,STK,0
"PPR BALL VALVE 32MM X 1""",PPR Fittings,STK,0
"PPR BALL VALVE 40MM X 1 1/4""",PPR Fittings,STK,0
"PPR BALL VALVE 50MM X 1.5""",PPR Fittings,STK,0
PPR BALL VALVE 63MM X 2 INCH,PPR Fittings,STK,0
"PPR BALL VALVE 75MM X 21/2""",PPR Fittings,STK,0
PPR BYPASS BEND 25MM,PPR Fittings,STK,0
PPR BYPASS BEND 32MM,PPR Fittings,STK,0
PPR CROSS ELBOW 25MM,PPR Fittings,STK,0
PPR ELBOW 110MM,PPR Fittings,STK,0
PPR ELBOW 20MM,PPR Fittings,STK,0
PPR ELBOW 25MM,PPR Fittings,STK,0
PPR ELBOW 32MM,PPR Fittings,STK,0
PPR ELBOW 40MM,PPR Fittings,STK,0
PPR ELBOW 50MM,PPR Fittings,STK,0
PPR ELBOW 63MM,PPR Fittings,STK,0
PPR ELBOW 75MM,PPR Fittings,STK,0
PPR ELBOW 90MM,PPR Fittings,STK,0
PPR ELBOW 45 DEGREES 20MM,PPR Fittings,STK,0
PPR ELBOW 45 DEGREES 25MM,PPR Fittings,STK,0
PPR ELBOW 45 DEGREES 32MM,PPR Fittings,STK,0
PPR FITTING 45 DEGREE ELBOW 40MM,PPR Fittings,STK,0
PPR FITTING 45 DEGREE ELBOW 50MM,PPR Fittings,STK,0
PPR FITTING 45 DEGREE ELBOW 63MM,PPR Fittings,STK,0
PPR END PLUG 20MM,PPR Fittings,STK,0
PPR END PLUG 25MM,PPR Fittings,STK,0
PPR END PLUG 32MM,PPR Fittings,STK,0
PPR END PLUG 40MM,PPR Fittings,STK,0
"PPR FEMALE ADAPTOR 20MM X 1/2""",PPR Fittings,STK,0
"PPR FEMALE ADAPTOR 25MM X 1/2""",PPR Fittings,STK,0
"PPR FEMALE ADAPTOR 25MM X 3/4""",PPR Fittings,STK,0
"PPR FEMALE ADAPTOR 32MM X o.5""",PPR Fittings,STK,0
"PPR FEMALE ADAPTOR 32MM X 1""",PPR Fittings,STK,0
"PPR FEMALE ADAPTOR 40MM X 1 1/4""",PPR Fittings,STK,0
"PPR FEMALE ADAPTOR 50MM X1 1/2""",PPR Fittings,STK,0
"PPR FEMALE ADAPTOR 63MM X 2""",PPR Fittings,STK,0
"PPR FEMALE ADAPTOR 75MM X 2.5""",PPR Fittings,STK,0
PPR FEMALE ADAPTOR 90MM X 3 INCH,PPR Fittings,STK,0
"PPR FEMALE ELBOW 20MM X 1/2""",PPR Fittings,STK,0
"PPR FEMALE ELBOW 20MM X 3/4""",PPR Fittings,STK,0
"PPR FEMALE ELBOW 25MM X 1/2""",PPR Fittings,STK,0
"PPR FEMALE ELBOW 25MM X 3/4""",PPR Fittings,STK,0
"PPR FEMALE ELBOW 32MM X 1/2""",PPR Fittings,STK,0
"PPR FEMALE ELBOW 32MM X 1""",PPR Fittings,STK,0
PPR FEMALE ELBOW 32MM X 3/4 INCH,PPR Fittings,STK,0
"PPR FEMALE ELBOW 50MM X 1 1/2""",PPR Fittings,STK,0
"PPR FEMALE ELBOW 63MM X 2""",PPR Fittings,STK,0
"PPR FEMALE ENDCAP 20MM X 1/2""",PPR Fittings,STK,0
"PPR FEMALE ENDCAP 25MM X 3/4""",PPR Fittings,STK,0
"PPR FEMALE ENDCAP 32MM X 1""",PPR Fittings,STK,0
"PPR FEMALE ENDCAP 40MM X 1 1/4""",PPR Fittings,STK,0
PPR FEMALE TEE 20MM X 1/2INCH,PPR Fittings,STK,0
"PPR FEMALE TEE 25MM X 1/2""",PPR Fittings,STK,0
"PPR FEMALE TEE 25MM X 3/4""",PPR Fittings,STK,0
PPR FEMALE TEE 32MM X 1 INCH,PPR Fittings,STK,0
PPR FEMALE TEE 32X3/4,PPR Fittings,STK,0
"PPR MALE ADAPTOR 20MM X 1/2""",PPR Fittings,STK,0
"PPR MALE ADAPTOR 25MM X 1/2""",PPR Fittings,STK,0
"PPR MALE ADAPTOR 25MM X 3/4""",PPR Fittings,STK,0
"PPR MALE ADAPTOR 32MM X 3/4""",PPR Fittings,STK,0
"PPR MALE ADAPTOR 32MM X 1""",PPR Fittings,STK,0
"PPR MALE ADAPTOR 40MM X 1 1/4""",PPR Fittings,STK,0
"PPR MALE ADAPTOR 50MM X 1/2""",PPR Fittings,STK,0
"PPR MALE ADAPTOR 63MM X 2""",PPR Fittings,STK,0
"PPR MALE ADAPTOR 75MM X 2.5""",PPR Fittings,STK,0
PPR MALE ADAPTOR 90MM X 3 INCH,PPR Fittings,STK,0
"PPR MALE ELBOW 20MM X 1/2""",PPR Fittings,STK,0
"PPR MALE ELBOW 25MM X 3/4""",PPR Fittings,STK,0
PPR MALE ELBOW 25X1/2,PPR Fittings,STK,0
PPR MALE ELBOW 32MM X 1 INCH,PPR Fittings,STK,0
PPR MALE ELBOW 32MM X 1/2 INCH,PPR Fittings,STK,0
PPR MALE ELBOW 32MM X 3/4 INCH,PPR Fittings,STK,0
"PPR MALE ELBOW 50MM X 1 1/2""",PPR Fittings,STK,0
PPR MALE TEE 25MM X 1/2 INCH,PPR Fittings,STK,0
PPR MALE TEE 25MM X 3/4 INCH,PPR Fittings,STK,0
PPR MALE TEE 40MM X 1 1/4 INCH,PPR Fittings,STK,0
PPR OVERBEND 32MM,PPR Fittings,STK,0
PPR REDUCING UNION 25MM X1/2INCH FEMALE,PPR Fittings,STK,0
PPR REDUCING UNION 25MM X1/2INCH MALE,PPR Fittings,STK,0
PPR REDUCING UNION 32MM X3/4INCH FEMALE,PPR Fittings,STK,0
PPR REDUCING UNION 32MM X3/4INCH MALE,PPR Fittings,STK,0
PPR REDUCING BUSH 110MM X 75MM,PPR Fittings,STK,0
PPR REDUCING BUSH 32MM X 25M,PPR Fittings,STK,0
PPR REDUCING BUSH 40MM X 25M,PPR Fittings,STK,0
PPR REDUCING BUSH 40MM X 32M,PPR Fittings,STK,0
PPR REDUCING BUSH 50MM X 32M,PPR Fittings,STK,0
PPR REDUCING BUSH 50MM X 40M,PPR Fittings,STK,0
PPR REDUCING BUSH 63MM X 25M,PPR Fittings,STK,0
PPR REDUCING BUSH 63MM X 32MM,PPR Fittings,STK,0
PPR REDUCING BUSH 63MM X 40MM,PPR Fittings,STK,0
PPR REDUCING BUSH 63MM X 50MM,PPR Fittings,STK,0
PPR REDUCING BUSH 75MM X 50MM,PPR Fittings,STK,0
PPR REDUCING BUSH 75MM X 63MM,PPR Fittings,STK,0
PPR REDUCING BUSH 90MM X 75MM,PPR Fittings,STK,0
PPR FEMALE THREDED REDUCING ELBOW 32MM X 25MM,PPR Fittings,STK,0
PPR REDUCING ELBOW 32MM X 25MM,PPR Fittings,STK,0
PPR REDUCER 110MM X 75MM,PPR Fittings,STK,0
PPR REDUCING SOCKET 32MM X 25MM,PPR Fittings,STK,0
PPR REDUCING SOCKET 50MM X 32MM,PPR Fittings,STK,0
PPR REDUCING SOCKET 50MM X 40MM,PPR Fittings,STK,0
PPR REDUCING SOCKET 63MM X 32MM,PPR Fittings,STK,0
PPR REDUCING SOCKET 63MM X 40MM,PPR Fittings,STK,0
PPR REDUCING SOCKET 63MM X 50MM,PPR Fittings,STK,0
PPR REDUCER 75MM X 63MM,PPR Fittings,STK,0
PPR REDUCER 90MM X 63MM,PPR Fittings,STK,0
PPR REDUCING TEE 25MM X 20MM,PPR Fittings,STK,0
PPR REDUCING TEE 32MM X 20MM,PPR Fittings,STK,0
PPR REDUCING TEE 32MM X 25MM,PPR Fittings,STK,0
PPR REDUCING TEE 40MM X 20MM,PPR Fittings,STK,0
PPR REDUCING TEE 40MM X 25MM,PPR Fittings,STK,0
PPR REDUCING TEE 40MM X 32MM,PPR Fittings,STK,0
PPR REDUCING TEE 50MMX20MM,PPR Fittings,STK,0
PPR REDUCING TEE 50MMX25MM,PPR Fittings,STK,0
PPR REDUCING TEE 50MMX32MM,PPR Fittings,STK,0
PPR REDUCING TEE 50MMX40MM,PPR Fittings,STK,0
PPR REDUCING TEE 63MMX25MM,PPR Fittings,STK,0
PPR REDUCING TEE 63MMX40MM,PPR Fittings,STK,0
PPR REDUCER 25MM X 20MM,PPR Fittings,STK,0
PPR REDUCER 32MM X 20MM,PPR Fittings,STK,0
PPR REDUCER 32MM X 25MM,PPR Fittings,STK,0
PPR REDUCER 40MM X 25MM,PPR Fittings,STK,0
PPR REDUCER 40MM X 32MM,PPR Fittings,STK,0
PPR REDUCER 50MM X 32MM,PPR Fittings,STK,0
PPR REDUCER 50MM X 40MM,PPR Fittings,STK,0
PPR SOCKET 110MM,PPR Fittings,STK,0
PPR SOCKET 20MM,PPR Fittings,STK,0
PPR SOCKET 25MM,PPR Fittings,STK,0
PPR SOCKET 32MM,PPR Fittings,STK,0
PPR SOCKET 40MM,PPR Fittings,STK,0
PPR SOCKET 50MM,PPR Fittings,STK,0
PPR SOCKET 63MM,PPR Fittings,STK,0
PPR SOCKET 75MM,PPR Fittings,STK,0
PPR SOCKET 90MM,PPR Fittings,STK,0
PPR TEE 110MM,PPR Fittings,STK,0
PPR TEE 20MM,PPR Fittings,STK,0
PPR TEE 25MM,PPR Fittings,STK,0
PPR TEE 32MM,PPR Fittings,STK,0
PPR TEE 40MM,PPR Fittings,STK,0
PPR TEE 50MM,PPR Fittings,STK,0
PPR TEE 63MM,PPR Fittings,STK,0
PPR TEE 75MM,PPR Fittings,STK,0
PPR TEE 90MM,PPR Fittings,STK,0
"PPR DOUBLE UNION BALL VALVE 25MM X 3/4""",PPR Fittings,STK,0
"PPR DOUBLE UNION BALL VALVE 32MM X 1""",PPR Fittings,STK,0
20MM PPR UNION,PPR Fittings,STK,0
20MM PPR UNION FEMALE,PPR Fittings,STK,0
20MM PPR UNION MALE,PPR Fittings,STK,0
25MM PPR UNION,PPR Fittings,STK,0
25MM PPR UNION FEMALE,PPR Fittings,STK,0
25MM PPR UNION MALE,PPR Fittings,STK,0
32MM PPR UNION,PPR Fittings,STK,0
32MM PPR UNION FEMALE,PPR Fittings,STK,0
32MM PPR UNION MALE,PPR Fittings,STK,0
40MM PPR UNION,PPR Fittings,STK,0
40MM PPR UNION FEMALE,PPR Fittings,STK,0
40MM PPR UNION MALE,PPR Fittings,STK,0
50MM PPR UNION,PPR Fittings,STK,0
50MM PPR UNION FEMALE,PPR Fittings,STK,0
50MM PPR UNION MALE,PPR Fittings,STK,0
PPR UNION 63MM (2INCH),PPR Fittings,STK,0
63MM PPR UNION MALE,PPR Fittings,STK,0
PPR BRASS UNION 20MM (1/2 INCH),PPR Fittings,STK,0
PPR BRASS UNION 25MM (3/4 INCH),PPR Fittings,STK,0
PPR BRASS UNION 32MM (1 INCH),PPR Fittings,STK,0
PPR BRASS UNION 50MM (1 1/2 INCH),PPR Fittings,STK,0
PPR/SCRAP,Raw Materials,STK,0
CABLE JOINT 1.5MM TO 4MM ST6,Pumps,STK,0
DAYLIEF AUTO PUMP CONTROLLER 0.75KW,Pumps,STK,0
DAYLIEF MANUAL PUMP CONTROLLER 1KW,Pumps,STK,0
DAYLIEF PUMP 0.75KW MODEL DDC158,Pumps,STK,0
ELESTAR PKM60 370WATS 0.5HP ALUMINIUM STATOR,Pumps,STK,0
ELESTAR PKM60 370WATS 0.5HP COPPER STATOR,Pumps,STK,0
ELESTAR CPM158 750WATS 1HP ALUMINIUM STATOR,Pumps,STK,0
ELESTAR PUMP AUTOMATIC PUMP CONTROLLER MODEL PC4A,Pumps,STK,0
ELESTAR PUMP FLOAT SWITCH 6METER CABLE LONG,Pumps,STK,0
ELESTAR PUMP PRESSURE SWITCH MODEL SK6,Pumps,STK,0
ELESTAR QB60 370WATS 0.5HORSEPOWER PUMP,Pumps,STK,0
DAYLIEF  FLOATSWITCHYDF3,Pumps,STK,0
DAYLIEF PUMP 0.37KW MODEL DDP60,Pumps,STK,0
PEDROLLO PUMP 0.37KW MODEL PKM60,Pumps,STK,0
PEDROLLO PUMP 0.75KW MODEL CPM158,Pumps,STK,0
PUMP PRESSURE CONTROL SWITCH 1.1KW,Pumps,STK,0
DAYLIFF CABLE &F SWITCH DSD 3/7 0.37KW 1PH CW 30M,Pumps,STK,0
DAYLIFF  CABLE &F SWITCH DSD 3/13 0.75KW 1PH CW 30,Pumps,STK,0
"PVC BALL VALVE 20MM X 1/2""",Fittings Accesories,STK,0
"PVC BALL VALVE 32MM X 1""",Fittings Accesories,STK,0
"PVC BALL VALVE 50MM X 1.5""",Fittings Accesories,STK,0
"PVC BALL VALVE 63MM X 2""",Fittings Accesories,STK,0
"PVC BALL VALVE 75MM X 21/2""",Fittings Accesories,STK,0
PVC 200MM CLIPS,Fittings Accesories,STK,0
UPVC 110MM COUPLER - HEAVY,Fittings Accesories,STK,0
UPVC 160MM COUPLER - HEAVY,Fittings Accesories,STK,0
PVC 45 DEGREE CROSS 50MM,Fittings Accesories,STK,0
PVC DOUBLE SOCKET 200MM,Fittings Accesories,STK,0
PVC 45 DEGREE ELBOW 110MM,Fittings Accesories,STK,0
PVC 45 DEGREE ELBOW 160MM,Fittings Accesories,STK,0
PVC 45 DEGREE ELBOW 200MM,Fittings Accesories,STK,0
PVC 45 DEGREE ELBOW 250MM,Fittings Accesories,STK,0
PVC 45 DEGREE ELBOW 32MM,Fittings Accesories,STK,0
PVC 45 DEGREE ELBOW 50MM,Fittings Accesories,STK,0
PVC 45 DEGREE ELBOW 63MM,Fittings Accesories,STK,0
PVC 45 DEGREE ELBOW 90MM,Fittings Accesories,STK,0
PVC 90 DEGREE ELBOW 110MM,Fittings Accesories,STK,0
PVC 90 DEGREE ELBOW 110MM PN16,Fittings Accesories,STK,0
PVC 90 DEGREE ELBOW 110MM X 56MM DRAINAGE,Fittings Accesories,STK,0
PVC 90 DEGREE ELBOW 125MM,Fittings Accesories,STK,0
PVC 90 DEGREE ELBOW 160MM,Fittings Accesories,STK,0
PVC 90 DEGREE ELBOW 160MM PN16,Fittings Accesories,STK,0
PVC 90 DEGREE ELBOW 20MM,Fittings Accesories,STK,0
PVC 90 DEGREE ELBOW 200MM,Fittings Accesories,STK,0
PVC 90 DEGREE ELBOW 200MM PN16,Fittings Accesories,STK,0
PVC 90 DEGREE ELBOW 25MM,Fittings Accesories,STK,0
PVC 90 DEGREE ELBOW 250MM,Fittings Accesories,STK,0
PVC 90 DEGREE ELBOW 32MM,Fittings Accesories,STK,0
PVC 90 DEGREE ELBOW 32MM PN16,Fittings Accesories,STK,0
PVC 90 DEGREE ELBOW 355MM,Fittings Accesories,STK,0
PVC 90 DEGREE ELBOW 50MM,Fittings Accesories,STK,0
PVC 90 DEGREE ELBOW 50MM PN16,Fittings Accesories,STK,0
PVC 90 DEGREE ELBOW 63MM,Fittings Accesories,STK,0
PVC 90 DEGREE ELBOW 90MM PN10,Fittings Accesories,STK,0
PVC 90 DEGREE ELBOW 75MM,Fittings Accesories,STK,0
PVC 90 DEGREE ELBOW 90MM,Fittings Accesories,STK,0
PVC 90 DEGREE ELBOW 90MM PN10,Fittings Accesories,STK,0
UPVC 110MM PIPE END BELL - HEAVY,Fittings Accesories,STK,0
UPVC 160MM PIPE END BELL - HEAVY,Fittings Accesories,STK,0
PVC END CAP 1.5INCH,Fittings Accesories,STK,0
PVC END CAP 10 INCH,Fittings Accesories,STK,0
PVC END CAP 2INCH,Fittings Accesories,STK,0
PVC END CAP 4INCH,Fittings Accesories,STK,0
PVC END CAP 4INCH PN10,Fittings Accesories,STK,0
PVC END CAP 6INCH,Fittings Accesories,STK,0
PVC FITTING EQUAL TEE 45 DEGREE 160MM PN16,Fittings Accesories,STK,0
PVC FITTING EQUAL TEE 90 DEGREE 110MM,Fittings Accesories,STK,0
PVC FITTING EQUAL TEE 90 DEGREE 110MM PN10,Fittings Accesories,STK,0
PVC FITTING EQUAL TEE 90 DEGREE 110MM PN16,Fittings Accesories,STK,0
PVC FITTING EQUAL TEE 90 DEGREE 160MM,Fittings Accesories,STK,0
PVC FITTING EQUAL TEE 90 DEGREE 160MM PN10,Fittings Accesories,STK,0
PVC FITTING EQUAL TEE 90 DEGREE 200MM,Fittings Accesories,STK,0
PVC FITTING EQUAL TEE 90 DEGREE 315MM,Fittings Accesories,STK,0
PVC FITTING EQUAL TEE 90 DEGREE 32MM,Fittings Accesories,STK,0
PVC FITTING EQUAL TEE 90 DEGREE 32MM PN16,Fittings Accesories,STK,0
PVC FITTING EQUAL TEE 90 DEGREE 50MM,Fittings Accesories,STK,0
PVC FITTING EQUAL TEE 90 DEGREE 63MM,Fittings Accesories,STK,0
PVC FITTING EQUAL TEE 90 DEGREE 63MM PN10,Fittings Accesories,STK,0
PVC FITTING EQUAL TEE 90 DEGREE 90MM,Fittings Accesories,STK,0
PVC FABRICATED FITTING ELBOW 11DEGREE 315MM,Fittings Accesories,STK,0
PVC FABRICATED FITTING Y JUNCTION   315MM,Fittings Accesories,STK,0
PVC FITTING  FEMALE SOCKET THREADED 2INCH,Fittings Accesories,STK,0
PVC FITTING  FEMALE SOCKET THREADED 3INCH,Fittings Accesories,STK,0
UPVC SOLVENT CEMENT - 1000ML,Fittings Accesories,STK,0
PVC FLEXIBLE COUPLING 20MM,Fittings Accesories,STK,0
PVC FLEXIBLE COUPLING 25MM,Fittings Accesories,STK,0
PVC  FLOOR DRAIN CAP 110MM,Fittings Accesories,STK,0
PVC  WASTE FLOOR GULLY 110x63MM,Fittings Accesories,STK,0
PVC  FLOOR TRAP 110X50MM,Fittings Accesories,STK,0
PVC  FLOOR TRAP 110X56MM,Fittings Accesories,STK,0
PVC  FLOOR TRAP 50MM,Fittings Accesories,STK,0
PVC  FLOOR TRAP 90MM,Fittings Accesories,STK,0
PVC 45 DEGREE INSPECTION  ELBOW 110MM,Fittings Accesories,STK,0
PVC 90 DEGREE INSPECTION  ELBOW 110MM,Fittings Accesories,STK,0
PVC 90 DEGREE INSPECTION  ELBOW 160MM,Fittings Accesories,STK,0
PVC 90 DEGREE INSPECTION  ELBOW 200MM,Fittings Accesories,STK,0
PVC 90 DEGREE INSPECTION  ELBOW 315MM,Fittings Accesories,STK,0
PVC 90 DEGREE INSPECTION  ELBOW 50MM,Fittings Accesories,STK,0
PVC 90 DEGREE INSPECTION  ELBOW 63MM,Fittings Accesories,STK,0
PVC 90 DEGREE INSPECTION  TEE 160MM,Fittings Accesories,STK,0
PVC  INSPECTION  CAP 110MM,Fittings Accesories,STK,0
PVC  INSPECTION  CAP 50MM,Fittings Accesories,STK,0
PVC  INSPECTION  CAP 63MM,Fittings Accesories,STK,0
PVC 90 DEGREE INSPECTION  TEE 50MM,Fittings Accesories,STK,0
PVC 90 DEGREE INSPECTION  TEE 63MM,Fittings Accesories,STK,0
KLINGER UNIVERSAL VJ FLANGED ADAPTOR 74MM-90MM,Fittings Accesories,STK,0
KLINGER UNIVERSAL VJ FLANGED ADAPTOR 250MM-267MM,Fittings Accesories,STK,0
KLINGER UNIVERSAL VJ FLANGED ADAPTOR 74MM-90MM,Fittings Accesories,STK,0
KLINGER UNIVERSAL VJ FLANGED ADAPTOR 98MM-118MM,Fittings Accesories,STK,0
KLINGER UNIVERSAL VJ FLANGED ADAPTOR 150MM-170MM,Fittings Accesories,STK,0
KLINGER UNIVERSAL VJ FLANGED ADAPTOR 192MM-209MM,Fittings Accesories,STK,0
KLINGER VJ FLANGED ADAPTOR 21/2 INCH,Fittings Accesories,STK,0
KLINGER VJ FLANGED ADAPTOR 3 INCH,Fittings Accesories,STK,0
KLINGER VJ FLANGED ADAPTOR 4 INCH,Fittings Accesories,STK,0
PVC 90 DEGREE LONG ELBOW 110MM,Fittings Accesories,STK,0
PVC LOOSE FLANGE 110MM,Fittings Accesories,STK,0
UPVC 90 DEGREE LONG RADIUS 110MM - HEAVY,Fittings Accesories,STK,0
UPVC 90 DEGREE LONG RADIUS 160MM - HEAVY,Fittings Accesories,STK,0
PVC FITTING MALE ADAPTOR 25X1/2INCH,Fittings Accesories,STK,0
RANGER COUPLING 2 INCH,Fittings Accesories,STK,0
RANGER COUPLING 3 INCH,Fittings Accesories,STK,0
RANGER COUPLING 4 INCH,Fittings Accesories,STK,0
RANGER COUPLING 6 INCH,Fittings Accesories,STK,0
RANGER COUPLING 8 INCH,Fittings Accesories,STK,0
PVC REDUCING BUSH 110MM X 56MM DRAINAGE,Fittings Accesories,STK,0
PVC REDUCING BUSH 160MM X 110MM DRAINAGE,Fittings Accesories,STK,0
PVC REDUCING BUSH 160MM X 90MM DRAINAGE,Fittings Accesories,STK,0
PVC REDUCING BUSH 25MMX20MM,Fittings Accesories,STK,0
PVC REDUCING BUSH 32MMX25MM,Fittings Accesories,STK,0
PVC REDUCING BUSH 90MMX63MM EXTERNAL THREADED,Fittings Accesories,STK,0
PVC REDUCING SOCKET 3X2,Fittings Accesories,STK,0
PVC REDUCER 110MM X 40MM DRAINAGE,Fittings Accesories,STK,0
PVC REDUCER 110MM X 63MM DRAINAGE,Fittings Accesories,STK,0
PVC REDUCER 110MM X 63MM PN16,Fittings Accesories,STK,0
PVC REDUCER 110MM X 90MM DRAINAGE,Fittings Accesories,STK,0
PVC REDUCER 110MM X 90MM PN10,Fittings Accesories,STK,0
PVC REDUCER 110MM X 90MM PN16,Fittings Accesories,STK,0
PVC REDUCER 160MM X 110MM,Fittings Accesories,STK,0
PVC REDUCER 160MM X 50MM,Fittings Accesories,STK,0
PVC REDUCER 200MM X 160MM,Fittings Accesories,STK,0
PVC REDUCER 250MM X 200MM,Fittings Accesories,STK,0
PVC REDUCER 315MM X 250MM,Fittings Accesories,STK,0
PVC REDUCER 50MM X 20MM,Fittings Accesories,STK,0
PVC REDUCER 50MM X 40MM,Fittings Accesories,STK,0
PVC REDUCER 63MM X 40MM,Fittings Accesories,STK,0
PVC REDUCER 63MM X 50MM,Fittings Accesories,STK,0
PVC REDUCER 90MM X 63MM PN16,Fittings Accesories,STK,0
PVC REDUCER 90MM X 63MM PN16,Fittings Accesories,STK,0
PVC REDUCER TEE 50MM X 20MM,Fittings Accesories,STK,0
PVC REDUCER TEE 63MM X 20MM,Fittings Accesories,STK,0
PVC REDUCER TEE 90MM X 50MM,Fittings Accesories,STK,0
PVC REDUCER TEE 90MM X 63MM,Fittings Accesories,STK,0
PVC SADDLE 4 INCH X 2 INCH,Fittings Accesories,STK,0
PVC SADDLE 6 INCH X 2 INCH,Fittings Accesories,STK,0
PVC SADDLE 8 INCH X 2 INCH,Fittings Accesories,STK,0
PVC SADDLE CLIP 20MM,Fittings Accesories,STK,0
PVC SADDLE CLIP 25MM,Fittings Accesories,STK,0
PVC SOCKET 200MM,Fittings Accesories,STK,0
PVC SOCKET 63MM,Fittings Accesories,STK,0
PVC STUB END 110MM,Fittings Accesories,STK,0
PVC STUB END 160MM,Fittings Accesories,STK,0
PVC SWAP TEE 110MM,Fittings Accesories,STK,0
PVC FITTING TANK CONNECTOR 2INCH,Fittings Accesories,STK,0
PVC FITTING TANK CONNECTOR 4 INCH 110MM,Fittings Accesories,STK,0
PVC FITTING TANK CONNECTOR 90MM,Fittings Accesories,STK,0
PVC PLAIN UNION 2 1INCH,Fittings Accesories,STK,0
PVC PLAIN UNION 32MM 1INCH,Fittings Accesories,STK,0
PVC VALVE SOCKET 110MM,Fittings Accesories,STK,0
PVC VALVE SOCKET 20MM,Fittings Accesories,STK,0
PVC VALVE SOCKET 25MM,Fittings Accesories,STK,0
PVC VALVE SOCKET 32MM,Fittings Accesories,STK,0
PVC VALVE SOCKET 40MM,Fittings Accesories,STK,0
PVC VALVE SOCKET 50MM,Fittings Accesories,STK,0
PVC VALVE SOCKET 63MM,Fittings Accesories,STK,0
PVC VALVE SOCKET 90MM,Fittings Accesories,STK,0
PVC FITTING VENT COWL 110MM,Fittings Accesories,STK,0
VJ COUPLING 1.5 INCH,Fittings Accesories,STK,0
VJ COUPLING 10 INCH,Fittings Accesories,STK,0
VJ COUPLING 12 INCH,Fittings Accesories,STK,0
VJ COUPLING 16 INCH,Fittings Accesories,STK,0
VJ COUPLING 1 INCH,Fittings Accesories,STK,0
VJ COUPLING 2.5 INCH,Fittings Accesories,STK,0
VJ COUPLING 24 INCH,Fittings Accesories,STK,0
VJ COUPLING 2 INCH,Fittings Accesories,STK,0
VJ COUPLING 350MM,Fittings Accesories,STK,0
VJ COUPLING 3 INCH,Fittings Accesories,STK,0
VJ COUPLING 4.5 INCH,Fittings Accesories,STK,0
VJ COUPLING 450MM,Fittings Accesories,STK,0
VJ COUPLING 4 INCH,Fittings Accesories,STK,0
VJ COUPLING 5 INCH,Fittings Accesories,STK,0
VJ COUPLING 6 INCH,Fittings Accesories,STK,0
VJ COUPLING 8 INCH,Fittings Accesories,STK,0
VJ COUPLING 9 INCH,Fittings Accesories,STK,0
VJ FLANGED ADAPTOR 11/2 INCH,Fittings Accesories,STK,0
VJ FLANGED ADAPTOR 10 INCH,Fittings Accesories,STK,0
VJ FLANGED ADAPTOR 2 INCH,Fittings Accesories,STK,0
VJ FLANGED ADAPTOR 21/2 INCH,Fittings Accesories,STK,0
VJ FLANGED ADAPTOR 3 INCH,Fittings Accesories,STK,0
VJ FLANGED ADAPTOR 350MM,Fittings Accesories,STK,0
VJ FLANGED ADAPTOR 4 INCH,Fittings Accesories,STK,0
VJ FLANGED ADAPTOR 5 INCH,Fittings Accesories,STK,0
VJ FLANGED ADAPTOR 6 INCH,Fittings Accesories,STK,0
VJ FLANGED ADAPTOR 8 INCH,Fittings Accesories,STK,0
VJ FLANGED ADAPTOR 9 INCH,Fittings Accesories,STK,0
PVC VALVE SOCKET 110MM X 4INCH,Fittings Accesories,STK,0
PVC VALVE SOCKET 20MM X 0.5INCH,Fittings Accesories,STK,0
PVC VALVE SOCKET 32MM X 1INCH,Fittings Accesories,STK,0
PVC VALVE SOCKET 50MM X 1.5INCH,Fittings Accesories,STK,0
PVC VALVE SOCKET 63MM X 2INCH,Fittings Accesories,STK,0
PVC VALVE SOCKET 90MM X 3INCH,Fittings Accesories,STK,0
PVC  DEGREE WASTE COUPLER 110MM,Fittings Accesories,STK,0
PVC 45 DEGREE WASTE ELBOW 110MM,Fittings Accesories,STK,0
PVC 45 DEGREE WASTE ELBOW 160MM,Fittings Accesories,STK,0
PVC 45 DEGREE WASTE ELBOW 40MM,Fittings Accesories,STK,0
PVC 45 DEGREE WASTE ELBOW 50MM,Fittings Accesories,STK,0
PVC 45 DEGREE WASTE ELBOW 56MM,Fittings Accesories,STK,0
PVC 45 DEGREE WASTE ELBOW 63MM,Fittings Accesories,STK,0
PVC 90 DEGREE WASTE ELBOW 110MM,Fittings Accesories,STK,0
PVC 90 DEGREE WASTE ELBOW 315MM,Fittings Accesories,STK,0
PVC 90 DEGREE WASTE ELBOW 40MM,Fittings Accesories,STK,0
PVC 90 DEGREE WASTE ELBOW 50MM,Fittings Accesories,STK,0
PVC 90 DEGREE WASTE ELBOW 56MM,Fittings Accesories,STK,0
PVC 90 DEGREE WASTE ELBOW 63MM,Fittings Accesories,STK,0
PVC WASTE END CAP 1.25INCH,Fittings Accesories,STK,0
PVC WASTE END CAP 1.5INCH,Fittings Accesories,STK,0
PVC WASTE END CAP 250MM  4INCH,Fittings Accesories,STK,0
PVC WASTE END CAP 3INCH,Fittings Accesories,STK,0
PVC WASTE END CAP 4INCH,Fittings Accesories,STK,0
PVC FITTING EQUAL TEE 90 DEGREE 160MM,Fittings Accesories,STK,0
PVC FITTING EQUAL TEE 90 DEGREE 40MM,Fittings Accesories,STK,0
PVC WASTE EQUAL TEE 1.5INCH,Fittings Accesories,STK,0
PVC WASTE EQUAL TEE 250MM 10INCH,Fittings Accesories,STK,0
PVC WASTE EQUAL TEE 2INCH,Fittings Accesories,STK,0
PVC REDUCER 110MM X 50MM DRAINAGE,Fittings Accesories,STK,0
PVC YTEE 160MM WASTE,Fittings Accesories,STK,0
PVC YTEE 110MM DRAINAGE,Fittings Accesories,STK,0
PVC YTEE 110MM X 50MM DRAINAGE,Fittings Accesories,STK,0
PVC YTEE 110MM X 56MM DRAINAGE,Fittings Accesories,STK,0
PVC YTEE 160MM X 110MM DRAINAGE,Fittings Accesories,STK,0
PVC YTEE 50MM DRAINAGE,Fittings Accesories,STK,0
PVC YTEE 63MM DRAINAGE,Fittings Accesories,STK,0
PVC YTEE 90MM DRAINAGE,Fittings Accesories,STK,0
PVC 110MM REPAIR COUPLER,Fittings Accesories,STK,0
PVC 160MM REPAIR COUPLER,Fittings Accesories,STK,0
PVC 200MM REPAIR COUPLER,Fittings Accesories,STK,0
PVC 225MM REPAIR COUPLER,Fittings Accesories,STK,0
PVC 63MM REPAIR COUPLER,Fittings Accesories,STK,0
110MM PVC PRESSURE PIPE RUBBER RING,DWC Pipe,STK,0
160MM PVC PRESSURE PIPE RUBBER RING,DWC Pipe,STK,0
200MM PVC PRESSURE PIPE RUBBER RING,DWC Pipe,STK,0
225MM PVC PRESSURE PIPE RUBBER RING,DWC Pipe,STK,0
250MM PVC PRESSURE PIPE RUBBER RING,DWC Pipe,STK,0
315MM PVC PRESSURE PIPE RUBBER RING,DWC Pipe,STK,0
90MM PVC PRESSURE PIPE RUBBER RING,DWC Pipe,STK,0
PVC TRUNKING 16X25MM 3METER LONG,UPVC Pipe,STK,0
HDPE EXTRUSION REGRIND,HDPE REGRIND,STK,0
PPR PALLETIZED MATERIAL,PPR REGRIND,STK,0
ADDITIVES FOR HDPE - CC,Raw Materials,STK,0
HDPE  EXTRUSION GRADE - BLACK,Raw Materials,STK,0
PE100 BOROUGE 3490LS BLACK,Raw Materials,STK,0
HDPE PE100 EXTRUSION GRADE - BLACK,Raw Materials,STK,0
HDPE PE100 EXTRUSION GRADE MASTERBATCH - BLACK,Raw Materials,STK,0
HDPE PE100 EXTRUSION GRADE MASTERBATCH - BLUE,Raw Materials,STK,0
HDPE PE100 EXTRUSION GRADE MASTERBATCH - PURPLE,Raw Materials,STK,0
HDPE PE100 EXTRUSION GRADE MASTERBATCH - VIOLET,Raw Materials,STK,0
HDPE PE100 EXTRUSION GRADE MASTERBATCH - YELLOW,Raw Materials,STK,0
HDPE PE100 EXTRUSION GRADE - MIXTURE BLACK,Raw Materials,STK,0
HDPE PE100 EXTRUSION GRADE - NATURAL,Raw Materials,STK,0
HDPE PE100 EXTRUSION GRADE 3492LSHX- ORANGE,Raw Materials,STK,0
HDPE PE100 EXTRUSION GRADE REGRIND,Raw Materials,STK,0
HDPE PE100 INJECTION GRADE - BLACK,Raw Materials,STK,0
PE100 SABIC P6006N NATURAL,Raw Materials,STK,0
HDPE TELCOM EXTRUSION GRADE - NATURAL,Raw Materials,STK,0
MASTERBATCH RAJIVPLASTICS ANTI ROD/ANTI TERM,Raw Materials,STK,0
MASTERBATCH SIMPEX ANTI ROD/ANTI TERM,Raw Materials,STK,0
MASTERBATCH PLASTIBLENDS BLACK PE,Raw Materials,STK,0
MASTERBATCH BHAVIN IND. DARKBLUE PE,Raw Materials,STK,0
MASTERBATCH ENER PLASTICS SKYBLUE PE,Raw Materials,STK,0
MASTERBATCH ENER PLASTICS RED PP,Raw Materials,STK,0
MASTERBATCH PLASTIBLENDS PARROT GREEN PP,Raw Materials,STK,0
RM/PE/PALLETIZED,Raw Materials,STK,0
PP EXTRUSION GRADE - NATURAL,Raw Materials,STK,0
RM/PP/PALLETIZED,Raw Materials,STK,0
PPR BOROUGE RAE130E,Raw Materials,STK,0
PPR BOROUGE RAE140E,Raw Materials,STK,0
PPR RAW MATERIAL EXTRUSION GRADE,Raw Materials,STK,0
PPR MASTERBATCH - BLUE,Raw Materials,STK,0
PPR MASTERBATCH - BROWN,Raw Materials,STK,0
PP MASTERBATCH - CAL,Raw Materials,STK,0
PPR MASTERBATCH - GOLD,Raw Materials,STK,0
PPR MASTERBATCH - GREEN,Raw Materials,STK,0
PPR MASTERBATCH - MAROON,Raw Materials,STK,0
PPR MASTERBATCH - NAVY BLUE,Raw Materials,STK,0
PPR MASTERBATCH - ORANGE,Raw Materials,STK,0
PPR MASTERBATCH - RED,Raw Materials,STK,0
PPR MASTERBATCH - VIOLET,Raw Materials,STK,0
PPR MASTERBATCH - WHITE,Raw Materials,STK,0
PPR MASTERBATCH - YELLOW,Raw Materials,STK,0
PPR EXTRUSION REGRIND,Raw Materials,STK,0
RECYCLED PPR SHREEJI,Raw Materials,STK,0
RM/PPR/REGRIND,Raw Materials,STK,0
2MM RUBBER SHEET 1.2METER WIDTH 10METER LONG,Fittings Accesories,STK,0
3MM RUBBER SHEET 1.2METER WIDTH 10METER LONG,Fittings Accesories,STK,0
5MM RUBBER SHEET 1.2METER WIDTH 10METER LONG,Fittings Accesories,STK,0
DWC SANIFLEX DN160 FABRICATED STEEL END PLUG,DWC Fittings,STK,0
DWC SANIFLEX DN300 FABRICATED STEEL END PLUG,DWC Fittings,STK,0
DWC SANIFLEX DN350 FABRICATED STEEL END PLUG,DWC Fittings,STK,0
DWC SANIFLEX DN400 FABRICATED STEEL END PLUG,DWC Fittings,STK,0
DWC SANIFLEX DN450 FABRICATED STEEL END PLUG,DWC Fittings,STK,0
DWC SANIFLEX DN500 FABRICATED STEEL END PLUG,DWC Fittings,STK,0
DWC SANIFLEX DN600 FABRICATED STEEL END PLUG,DWC Fittings,STK,0
DWC SANIFLEX DN 200 FABRICATED STEEL ENDPLUG,Fittings Accesories,STK,0
DWC SANIFLEX DN 250 FABRICATED STEEL ENDPLUG,Fittings Accesories,STK,0
DAYLIFF SUBMERSIBLE PUMP MODEL DDA1200C2 0.92KW,Pumps,STK,0
ELESTAR SUBMERSIBLE PUMP 370W 0.5HP MODEL 4SDM3/7,Pumps,STK,0
ELESTAR SUBMERSIBLE PUMP 1200W 1.2HP MODEL SCM5,Pumps,STK,0
ELESTAR SUBMERSIBLE PUMP 750W 1HP MODEL 4SDM3/13,Pumps,STK,0
24 CORE FIBRE ACESS TERMINAL INDOOR UNIT,Telecom Accessories,STK,0
24 CORE FIBRE ACESS TERMINAL OUTDOOR UNIT,Telecom Accessories,STK,0
ATB 2 CORE,Telecom Accessories,STK,0
ATB 2 CORE PLAIN,Telecom Accessories,STK,0
STEEL BUCKLES,Telecom Accessories,STK,0
ADSS 1METER CABLE 144 CORE SINGLE MODE G652D,Telecom Accessories,STK,0
ADSS 1METER CABLE 24 CORE SINGLE MODE G652D,Telecom Accessories,STK,0
ADSS 1METER CABLE 48 CORE SINGLE MODE G652D,Telecom Accessories,STK,0
ADSS 1METER CABLE 96 CORE SINGLE MODE G652D,Telecom Accessories,STK,0
CABLE CLIP 10MM,Telecom Accessories,STK,0
CABLE CLIP 12MM,Telecom Accessories,STK,0
CABLE CLIP 14MM,Telecom Accessories,STK,0
CABLE CLIP 6MM,Telecom Accessories,STK,0
CABLE CLIP 8MM,Telecom Accessories,STK,0
OPTICAL PATCH CORD SM DX - 1M,Telecom Accessories,STK,0
OPTICAL PATCH CORD SM DX - 1.5M,Telecom Accessories,STK,0
OPTICAL PATCH CORD SM DX - 10M,Telecom Accessories,STK,0
OPTICAL PATCH CORD SM DX - 2M,Telecom Accessories,STK,0
OPTICAL PATCH CORD SM DX - 3M,Telecom Accessories,STK,0
OPTICAL PATCH CORD SM DX - 5M,Telecom Accessories,STK,0
OPTICAL PATCH CORD MM-SM SC-SC- 30M,Telecom Accessories,STK,0
OPTICAL PATCH CORD SM SX - 10M,Telecom Accessories,STK,0
OPTICAL PATCH CORD SM SX LC/UPC-LC/UPC - 10M,Telecom Accessories,STK,0
OPTICAL PATCH CORD SM SX SC/UPC-LC/UPC - 10M,Telecom Accessories,STK,0
OPTICAL PATCH CORD SM SX SC/UPC-SC/UPC - 10M,Telecom Accessories,STK,0
OPTICAL PATCH CORD SM LC/UPC-LC/UPC - 15MTRS,Telecom Accessories,STK,0
OPTICAL PATCH CORD SM SC/UPC-LC/UPC - 15MTRS,Telecom Accessories,STK,0
OPTICAL PATCH CORD SM SC/UPC-SC/UPC - 15MTRS,Telecom Accessories,STK,0
OPTICAL PATCH CORD SM SX - 2M,Telecom Accessories,STK,0
OPTICAL PATCH CORD SM LC/UPC-LC/UPC - 2MTRS,Telecom Accessories,STK,0
OPTICAL PATCH CORD SM SC/UPC-LC/UPC - 2MTRS,Telecom Accessories,STK,0
OPTICAL PATCH CORD SM SC/UPC-SC/UPC - 2MTRS,Telecom Accessories,STK,0
OPTICAL PATCH CORD SM LC/UPC-LC/UPC - 20MTRS,Telecom Accessories,STK,0
OPTICAL PATCH CORD SM SC/UPC-LC/UPC - 20MTRS,Telecom Accessories,STK,0
OPTICAL PATCH CORD SM SC/UPC-SC/UPC - 20MTRS,Telecom Accessories,STK,0
OPTICAL PATCH CORD SM LC/UPC-LC/UPC - 3MTRS,Telecom Accessories,STK,0
OPTICAL PATCH CORD SM SC/UPC-LC/UPC - 3MTRS,Telecom Accessories,STK,0
OPTICAL PATCH CORD SM SC/UPC-SC/UPC - 3MTRS,Telecom Accessories,STK,0
OPTICAL PATCH CORD SM SX - 5M,Telecom Accessories,STK,0
OPTICAL PATCH CORD SM LC/UPC-LC/UPC - 5MTRS,Telecom Accessories,STK,0
OPTICAL PATCH CORD SM SC/UPC-LC/UPC - 5MTRS,Telecom Accessories,STK,0
OPTICAL PATCH CORD SM SC/UPC-SC/UPC - 5MTRS,Telecom Accessories,STK,0
OPTICAL PIGTAIL PATCH CORD SM 9/125,Telecom Accessories,STK,0
TELEPHONE  CABLE STAY WIRE 4/8,Telecom Accessories,STK,0
STRAND CABLE 7/14 6MM,Telecom Accessories,STK,0
12 CORE HORIZONTAL CLOSURE,Telecom Accessories,STK,0
96 CORE DOME CLOSURE,Telecom Accessories,STK,0
FLEXIBLE DC CABLE 1.5SQMM 3 CORE 1METER,Telecom Accessories,STK,0
FLEXIBLE DC GREEN AND YELLOW CABLE 1.5SQMM 1METER,Telecom Accessories,STK,0
TELEPHONE  FLEXIBLE HOSE 20MM  1 METER,Telecom Accessories,STK,0
TELEPHONE  FLEXIBLE HOSE 25MM  1 METER,Telecom Accessories,STK,0
TELEPHONE  FLEXIBLE HOSE 50MM  1 METER,Telecom Accessories,STK,0
TEL FITTING ADAPTOR BLUE SIMPLEX,Telecom Accessories,STK,0
TEL FITTING ADAPTOR GREEN SIMPLEX,Telecom Accessories,STK,0
ANCHOR CLAMP & TENSION CLAMP 9-MM-12MM,Telecom Accessories,STK,0
ANCHOR CLAMP CIRCULAR,Telecom Accessories,STK,0
ANCHOR CLAMP QUADRILATE,Telecom Accessories,STK,0
TEL FITTING ATTENUATORS LC/UPC 1DB,Telecom Accessories,STK,0
TELECOM BANDING TOOL,Telecom Accessories,STK,0
METAL CABLE BRACKET,Telecom Accessories,STK,0
OVERHEAD SUSPENSION CLAMP,Telecom Accessories,STK,0
JHOOK SUSPENSION CLAMP,Telecom Accessories,STK,0
48 CORECABLE G652D NON-ARMORED NORMAL CABLE,Telecom Accessories,STK,0
48 CORECABLE G652D ARMORED NORMAL CABLE,Telecom Accessories,STK,0
72 CORECABLE G652D NORMAL CABLE NON-ARMORED,Telecom Accessories,STK,0
72 CORECABLE G652D NORMAL CABLE ARMORED,Telecom Accessories,STK,0
DEAD END 10MM - 13MM,Telecom Accessories,STK,0
DEAD END 11MM - 12MM,Telecom Accessories,STK,0
DEAD END 13MM - 14MM,Telecom Accessories,STK,0
DEAD END 6MM,Telecom Accessories,STK,0
DEAD END 9.5MM - 10.5MM,Telecom Accessories,STK,0
DIRECTIONAL MARKER,Telecom Accessories,STK,0
DOWN LEAD CLAMP,Telecom Accessories,STK,0
JOINT MARKER,Telecom Accessories,STK,0
TEL FITTING PIGTAIL BLUE SIMPLEX,Telecom Accessories,STK,0
TEL FITTING PIGTAIL GREEN SIMPLEX,Telecom Accessories,STK,0
RUBBER END CAP 32MM,Telecom Accessories,STK,0
RUBBER END CAP 40MM,Telecom Accessories,STK,0
RUBBER END CAP 50MM,Telecom Accessories,STK,0
SLACK BRACKET STEEL,Telecom Accessories,STK,0
SPIRAL VIBRATION DAMPER,Telecom Accessories,STK,0
TEL FITTING SPLICING SLEEVES,Telecom Accessories,STK,0
STAY BLOCK,Telecom Accessories,STK,0
STAY ROD,Telecom Accessories,STK,0
STRAP 3/4 INCH,Telecom Accessories,STK,0
STRAP 3/4 INCH 30METER,Telecom Accessories,STK,0
STRAP 3/4 INCH 50METER,Telecom Accessories,STK,0
UNIVERSAL POLE BRACKET,Telecom Accessories,STK,0
HANDHOLE THREEWAY TWO OUTLET,Telecom Accessories,STK,0
HANDHOLE THREEWAY TWO OUTLET LID,Telecom Accessories,STK,0
HANDHOLE THREE PHASE,Telecom Accessories,STK,0
MANHOLE 600MM ROUND COVER & FRAME - LOCAL,Telecom Accessories,STK,0
MANHOLE 600MM ROUND COVER & FRAME - SMC,Telecom Accessories,STK,0
MANHOLE 600MM SQUARE COVER LIGHT DUTY,Telecom Accessories,STK,0
ADSS 1METER MICRO CABLE 96 CORE SINGLE MODE G652D,Telecom Accessories,STK,0
SMARTLOCK RHI NODE HANDHOLE 400R,Telecom Accessories,STK,0
SMARTLOCK RHI NODE HANDHOLE 400 X 200 (600),Telecom Accessories,STK,0
SMARTLOCK BLUETOOTH GLAM KEY,Telecom Accessories,STK,0
SMARTLOCK MECHANICAL KEY,Telecom Accessories,STK,0
SMARTLOCK MECHANICAL KEY LOCAL,Telecom Accessories,STK,0
SMARTLOCK RHI NODE MANHOLE 1000R GLAM LOCK,Telecom Accessories,STK,0
SMARTLOCK RHI NODE MANHOLE 1000R MECHLOCK,Telecom Accessories,STK,0
SMARTLOCK RHI NODE MANHOLE 600R GLAM LOCK,Telecom Accessories,STK,0
SMARTLOCK RHI NODE MANHOLE 600R MECH LOCK,Telecom Accessories,STK,0
SMARTLOCK LID GLAM HD700,Telecom Accessories,STK,0
SMARTLOCK LID AND COVER HD600,Telecom Accessories,STK,0
SMARTLOCK LID AND COVER HD700,Telecom Accessories,STK,0
SMARTLOCK LID MECH HD700,Telecom Accessories,STK,0
SMARTLOCK LID MECH MD700,Telecom Accessories,STK,0
SMARTLOCK SPLICEBOX,Telecom Accessories,STK,0
SMARTLOCK SPLICE MANAGEMENT KIT,Telecom Accessories,STK,0
TELEPHONE  DUCT BARRICADE TAPE 1METER,Telecom Accessories,STK,0
TELEPHONE  DUCT BARRICADE TAPE 200METER,Telecom Accessories,STK,0
TELEPHONE  DUCT BARRICADE TAPE 250METER,Telecom Accessories,STK,0
TELEPHONE  DUCT BARRICADE TAPE 500METER,Telecom Accessories,STK,0
TELEPHONE  DUCT WARNING TAPE 1 METER,Telecom Accessories,STK,0
TELEPHONE  DUCT WARNING TAPE 200METER,Telecom Accessories,STK,0
TELEPHONE  DUCT WARNING TAPE 500METER,Telecom Accessories,STK,0
DROP TENSION CLAMP,Telecom Accessories,STK,0
TENSION CLAMP PA2000,Telecom Accessories,STK,0
TOPLINK 2 CORE ATB,Telecom Accessories,STK,0
TOPLINK 2 CORE ATB POPULATED,Telecom Accessories,STK,0
TOPLINK INDOOR 2 CORE DROP CABLE G652D,Telecom Accessories,STK,0
TOPLINK INDOOR 2 CORE DROP CABLE G657A1,Telecom Accessories,STK,0
TOPLINK OUTDOOR 2 CORE DROP CABLE G652D,Telecom Accessories,STK,0
TOPLINK OUTDOOR 2 CORE DROP CABLE G657A1,Telecom Accessories,STK,0
TOPLINK 144 CORE DOME CLOSURE,Telecom Accessories,STK,0
TOPLINK 144 CORE HORIZONTAL CLOSURE,Telecom Accessories,STK,0
TOPLINK 24 CORE DOME CLOSURE,Telecom Accessories,STK,0
TOPLINK 48 CORE DOME CLOSURE,Telecom Accessories,STK,0
TOPLINK 48 CORE NORMAL HORIZONTAL CLOSURE,Telecom Accessories,STK,0
TOPLINK 48 CORE HORIZONTAL CLOSURE,Telecom Accessories,STK,0
TOPLINK 96 CORE DOME CLOSURE,Telecom Accessories,STK,0
TOPLINK 96 CORE NORMAL HORIZONTAL CLOSURE,Telecom Accessories,STK,0
TOPLINK 96 CORE HORIZONTAL CLOSURE,Telecom Accessories,STK,0
TOPLINK TENSION CLAMP PA2000 (12MM-16MM),Telecom Accessories,STK,0
TOPLINK TENSION CLAMP PA1500 (9MM-12MM),Telecom Accessories,STK,0
12MM/10MM COUPLER,Telecom Accessories,STK,0
14MM/10MM COUPLER,Telecom Accessories,STK,0
12MM ENDCAP,Telecom Accessories,STK,0
14MM ENDCAP,Telecom Accessories,STK,0
14MM/10MM GAS BLOCK,Telecom Accessories,STK,0
TOOLS ADJUSTABLE SPANNER 10 INCH,Tools,STK,0
TOOLS ADJUSTABLE SPANNER 12 INCH,Tools,STK,0
TOOLS ADJUSTABLE SPANNER 15 INCH,Tools,STK,0
TOOLS ADJUSTABLE SPANNER 6 INCH,Tools,STK,0
TOOLS ADJUSTABLE SPANNER 8 INCH,Tools,STK,0
TOOLS BALLPEIN HAMMER,Tools,STK,0
TOOLS CLAW HAMMER,Fittings Accesories,STK,0
TOOLS CLAW HAMMER,Tools,STK,0
TOOLS HACKSAW FRAME WITH PLASTIC HANDLE,Tools,STK,0
KLINGER PRESSURE DRILL 15MM TO 50MM,Fittings Accesories,STK,0
MANUAL TAPPING TOOL FOR PE PIPE AND PVC PIPE,Tools,STK,0
MANUAL 1/2 TO 1 INCH THREADINGTOOL FOR PE&PVC PIPE,Tools,STK,0
TOOLS MASON CHISEL 10 INCH,Tools,STK,0
TOOLS MASON CHISEL 12 INCH,Tools,STK,0
TOOLS MASON CHISEL 18 INCH,Tools,STK,0
TOOLS MASON CHISEL 6 INCH,Fittings Accesories,STK,0
TOOLS MASON CHISEL 8 INCH,Tools,STK,0
TOOLS MASON DRILLBIT 3MM TO 10MM SET,Tools,STK,0
TOOLS MASON DRILLBIT 4MM TO 16MM SET,Tools,STK,0
TOOLS ECLIPSE PIPE WRENCH SIZE 10 INCH,Fittings Accesories,STK,0
TOOLS ECLIPSE PIPE WRENCH SIZE 12 INCH,Tools,STK,0
TOOLS ECLIPSE PIPE WRENCH SIZE 14 INCH,Tools,STK,0
TOOLS ECLIPSE PIPE WRENCH SIZE 18 INCH,Tools,STK,0
TOOLS ECLIPSE PIPE WRENCH SIZE 24 INCH,Tools,STK,0
TOOLS ECLIPSE PIPE WRENCH SIZE 36 INCH,Tools,STK,0
TOOLS ECLIPSE PIPE WRENCH SIZE 8 INCH,Tools,STK,0
TOOLS PLIERS COMBINATION 8 INCH,Tools,STK,0
TOOLS PLIERS DIAGONAL COMBINATION 8 INCH,Tools,STK,0
TOOLS PLIERS LONG NOSECOMBINATION 8 INCH,Tools,STK,0
TOOLS SPIRIT LEVEL 24 INCH,Tools,STK,0
TOOLS STEEL DRILLBIT 1MM TO 13MM SET,Tools,STK,0
THOMAS PIPING BUFFALO SADDLE (280-50) FLANGED DBL,Fittings Accesories,STK,0
THOMAS PIPING BUFFALO SADDLE (315-50) FLANGED DBL,Fittings Accesories,STK,0
THOMAS PIPING BUFFALO SADDLE (450-80) FLANGED DBL,Fittings Accesories,STK,0
THOMAS PIPING DISMANTLING JOINT DN100 PN10,Fittings Accesories,STK,0
THOMAS PIPING DISMANTLING JOINT DN80 PN10,Fittings Accesories,STK,0
THOMAS PIPING STEP COUPLER DN 500 (556-572MM),Fittings Accesories,STK,0
THOMAS PIPING ULTRA CLAMP DN100 (113-120),Fittings Accesories,STK,0
THOMAS PIPING ULTRA CLAMP DN200 (236-245),Fittings Accesories,STK,0
THOMAS PIPING ULTRA CLAMP DN225 (258-268),Fittings Accesories,STK,0
THOMAS PIPING ULTRA CLAMP DN250 (271-281),Fittings Accesories,STK,0
THOMAS PIPING ULTRA CLAMP DN300 (310-320),Fittings Accesories,STK,0
THOMAS PIPING ULTRA CLAMP DN65 (69-76),Fittings Accesories,STK,0
THOMAS PIPING ULTRA CLAMP DN80 (87-93),Fittings Accesories,STK,0
THOMAS PIPING UNIFIT ADAPTOR DN 200 (218-235MM),Fittings Accesories,STK,0
THOMAS PIPING UNIFIT COUPLER DN 100 (108-128MM),Fittings Accesories,STK,0
THOMAS PIPING UNIFIT COUPLER DN 125 (132-154MM),Fittings Accesories,STK,0
THOMAS PIPING UNIFIT COUPLER DN 140 (132-154MM),Fittings Accesories,STK,0
THOMAS PIPING UNIFIT COUPLER DN 150 (150-170MM),Fittings Accesories,STK,0
THOMAS PIPING UNIFIT COUPLER DN 200 (192-209MM),Fittings Accesories,STK,0
THOMAS PIPING UNIFIT COUPLER DN 200 (218-235MM),Fittings Accesories,STK,0
THOMAS PIPING UNIFIT COUPLER DN 280 (271-289MM),Fittings Accesories,STK,0
THOMAS PIPING UNIFIT COUPLER DN 300 (302-318MM),Fittings Accesories,STK,0
THOMAS PIPING UNIFIT COUPLER DN 400 (391-407MM),Fittings Accesories,STK,0
THOMAS PIPING UNIFIT COUPLER DN 50 (59-73MM),Fittings Accesories,STK,0
THOMAS PIPING UNIFIT COUPLER DN 65 (72-85MM),Fittings Accesories,STK,0
THOMAS PIPING UNIFIT COUPLER DN 65 (74-90MM),Fittings Accesories,STK,0
THOMAS PIPING VJ COUPLING DN 65 (72-85MM),Fittings Accesories,STK,0
THOMAS PIPING VJ COUPLING DN 65 (74-90MM),Fittings Accesories,STK,0
32MM CONDUIT PIPE 4 METER PIPE,UPVC Pipe,STK,0
50MM CONDUIT PIPE 4 METER PIPE,UPVC Pipe,STK,0
110MM HEAVY ELECTRICAL CONDUIT PIPE 6 METER PIPE,UPVC Pipe,STK,0
160MM HEAVY ELECTRICAL CONDUIT PIPE 6 METER PIPE,UPVC Pipe,STK,0
25MM HEAVY CONDUIT PIPE 4 METER PIPE,UPVC Pipe,STK,0
50MM HEAVY CONDUIT PIPE 4 METER PIPE,UPVC Pipe,STK,0
20MM LIGHT CONDUIT PIPE 4 METER PIPE,UPVC Pipe,STK,0
110MM DRAIN PIPE LIGHT GREY,UPVC Pipe,STK,0
125MM DRAIN PIPE LIGHT GREY,UPVC Pipe,STK,0
140MM DRAIN PIPE LIGHT GREY,UPVC Pipe,STK,0
160MM DRAIN PIPE LIGHT GREY,UPVC Pipe,STK,0
180MM DRAIN PIPE LIGHT GREY,UPVC Pipe,STK,0
200MM DRAIN PIPE LIGHT GREY,UPVC Pipe,STK,0
250MM DRAIN PIPE LIGHT GREY,UPVC Pipe,STK,0
315MM DRAIN PIPE LIGHT GREY,UPVC Pipe,STK,0
32MM DRAIN PIPE LIGHT GREY,UPVC Pipe,STK,0
40MM DRAIN PIPE LIGHT GREY,UPVC Pipe,STK,0
50MM DRAIN PIPE LIGHT GREY,UPVC Pipe,STK,0
56MM DRAIN PIPE LIGHT GREY,UPVC Pipe,STK,0
63MM DRAIN PIPE LIGHT GREY,UPVC Pipe,STK,0
75MM DRAIN PIPE LIGHT GREY,UPVC Pipe,STK,0
82MM DRAIN PIPE LIGHT GREY,UPVC Pipe,STK,0
90MM DRAIN PIPE LIGHT GREY 4METER,UPVC Pipe,STK,0
90MM DRAIN PIPE LIGHT GREY,UPVC Pipe,STK,0
110MM UPVC PIPE PN10,UPVC Pipe,STK,0
110MM UPVC PIPE PN10,UPVC Pipe,STK,0
110MM UPVC PIPE PN12.5,UPVC Pipe,STK,0
110MM UPVC PIPE PN16,UPVC Pipe,STK,0
110MM UPVC PIPE PN16,UPVC Pipe,STK,0
110MM UPVC PIPE PN20,UPVC Pipe,STK,0
110MM UPVC PIPE PN6,UPVC Pipe,STK,0
110MM UPVC PIPE PN6,UPVC Pipe,STK,0
110MM UPVC PIPE PN8,UPVC Pipe,STK,0
12MM UPVC PIPE PN20,UPVC Pipe,STK,0
125MM UPVC PIPE PN10,UPVC Pipe,STK,0
125MM UPVC PIPE PN12.5,UPVC Pipe,STK,0
125MM UPVC PIPE PN16,UPVC Pipe,STK,0
125MM UPVC PIPE PN20,UPVC Pipe,STK,0
125MM UPVC PIPE PN6,UPVC Pipe,STK,0
125MM UPVC PIPE PN8,UPVC Pipe,STK,0
140MM UPVC PIPE PN10,UPVC Pipe,STK,0
140MM UPVC PIPE PN12.5,UPVC Pipe,STK,0
140MM UPVC PIPE PN16,UPVC Pipe,STK,0
140MM UPVC PIPE PN20,UPVC Pipe,STK,0
140MM UPVC PIPE PN6,UPVC Pipe,STK,0
140MM UPVC PIPE PN8,UPVC Pipe,STK,0
16MM UPVC PIPE PN20,UPVC Pipe,STK,0
160MM UPVC PIPE PN10,UPVC Pipe,STK,0
160MM UPVC PIPE PN10,UPVC Pipe,STK,0
160MM UPVC PIPE PN12.5,UPVC Pipe,STK,0
160MM UPVC PIPE PN16,UPVC Pipe,STK,0
160MM UPVC PIPE PN20,UPVC Pipe,STK,0
160MM UPVC PIPE PN10,UPVC Pipe,STK,0
160MM UPVC PIPE PN6,UPVC Pipe,STK,0
160MM UPVC PIPE PN8,UPVC Pipe,STK,0
180MM UPVC PIPE PN10,UPVC Pipe,STK,0
180MM UPVC PIPE PN12.5,UPVC Pipe,STK,0
180MM UPVC PIPE PN16,UPVC Pipe,STK,0
180MM UPVC PIPE PN20,UPVC Pipe,STK,0
180MM UPVC PIPE PN6,UPVC Pipe,STK,0
180MM UPVC PIPE PN8,UPVC Pipe,STK,0
20MM UPVC PIPE PN12.5,UPVC Pipe,STK,0
20MM UPVC PIPE PN16,UPVC Pipe,STK,0
20MM UPVC PIPE PN20,UPVC Pipe,STK,0
200MM UPVC PIPE PN10,UPVC Pipe,STK,0
200MM UPVC PIPE PN10,UPVC Pipe,STK,0
200MM UPVC PIPE PN12.5,UPVC Pipe,STK,0
200MM UPVC PIPE PN16,UPVC Pipe,STK,0
200MM UPVC PIPE PN20,UPVC Pipe,STK,0
200MM UPVC PIPE PN6,UPVC Pipe,STK,0
200MM UPVC PIPE PN8,UPVC Pipe,STK,0
225MM UPVC PIPE PN10,UPVC Pipe,STK,0
225MM UPVC PIPE PN12.5,UPVC Pipe,STK,0
225MM UPVC PIPE PN16,UPVC Pipe,STK,0
225MM UPVC PIPE PN20,UPVC Pipe,STK,0
225MM UPVC PIPE PN6,UPVC Pipe,STK,0
225MM UPVC PIPE PN8,UPVC Pipe,STK,0
25MM UPVC PIPE PN12.5,UPVC Pipe,STK,0
25MM UPVC PIPE PN16,UPVC Pipe,STK,0
25MM UPVC PIPE PN20,UPVC Pipe,STK,0
250MM UPVC PIPE PN10,UPVC Pipe,STK,0
250MM UPVC PIPE PN12.5,UPVC Pipe,STK,0
250MM UPVC PIPE PN16,UPVC Pipe,STK,0
250MM UPVC PIPE PN16,UPVC Pipe,STK,0
250MM UPVC PIPE PN20,UPVC Pipe,STK,0
250MM UPVC PIPE PN6,UPVC Pipe,STK,0
250MM UPVC PIPE PN8,UPVC Pipe,STK,0
280MM UPVC PIPE PN10,UPVC Pipe,STK,0
280MM UPVC PIPE PN12.5,UPVC Pipe,STK,0
280MM UPVC PIPE PN16,UPVC Pipe,STK,0
280MM UPVC PIPE PN20,UPVC Pipe,STK,0
280MM UPVC PIPE PN6,UPVC Pipe,STK,0
280MM UPVC PIPE PN8,UPVC Pipe,STK,0
315MM UPVC PIPE PN10,UPVC Pipe,STK,0
315MM UPVC PIPE PN12.5,UPVC Pipe,STK,0
315MM UPVC PIPE PN16,UPVC Pipe,STK,0
315MM UPVC PIPE PN16,UPVC Pipe,STK,0
315MM UPVC PIPE PN20,UPVC Pipe,STK,0
315MM UPVC PIPE PN6,UPVC Pipe,STK,0
315MM UPVC PIPE PN8,UPVC Pipe,STK,0
32MM UPVC PIPE PN10,UPVC Pipe,STK,0
32MM UPVC PIPE PN12.5,UPVC Pipe,STK,0
32MM UPVC PIPE PN16,UPVC Pipe,STK,0
32MM UPVC PIPE PN20,UPVC Pipe,STK,0
32MM UPVC PIPE PN8,UPVC Pipe,STK,0
355MM UPVC PIPE PN10,UPVC Pipe,STK,0
355MM UPVC PIPE PN12.5,UPVC Pipe,STK,0
355MM UPVC PIPE PN16,UPVC Pipe,STK,0
355MM UPVC PIPE PN16,UPVC Pipe,STK,0
355MM UPVC PIPE PN20,UPVC Pipe,STK,0
355MM UPVC PIPE PN6,UPVC Pipe,STK,0
355MM UPVC PIPE PN8,UPVC Pipe,STK,0
40MM UPVC PIPE PN10,UPVC Pipe,STK,0
40MM UPVC PIPE PN12.5,UPVC Pipe,STK,0
40MM UPVC PIPE PN16,UPVC Pipe,STK,0
40MM UPVC PIPE PN20,UPVC Pipe,STK,0
40MM UPVC PIPE PN6,UPVC Pipe,STK,0
40MM UPVC PIPE PN8,UPVC Pipe,STK,0
400MM UPVC PIPE PN10,UPVC Pipe,STK,0
400MM UPVC PIPE PN12.5,UPVC Pipe,STK,0
400MM UPVC PIPE PN16,UPVC Pipe,STK,0
400MM UPVC PIPE PN20,UPVC Pipe,STK,0
400MM UPVC PIPE PN6,UPVC Pipe,STK,0
400MM UPVC PIPE PN6,UPVC Pipe,STK,0
400MM UPVC PIPE PN8,UPVC Pipe,STK,0
450MM UPVC PIPE PN12.5,UPVC Pipe,STK,0
50MM UPVC PIPE PN10,UPVC Pipe,STK,0
50MM UPVC PIPE PN10,UPVC Pipe,STK,0
50MM UPVC PIPE PN12.5,UPVC Pipe,STK,0
50MM UPVC PIPE PN16,UPVC Pipe,STK,0
50MM UPVC PIPE PN20,UPVC Pipe,STK,0
50MM UPVC PIPE PN6,UPVC Pipe,STK,0
50MM UPVC PIPE PN6,UPVC Pipe,STK,0
50MM UPVC PIPE PN8,UPVC Pipe,STK,0
63MM UPVC PIPE PN10,UPVC Pipe,STK,0
63MM UPVC PIPE PN12.5,UPVC Pipe,STK,0
63MM UPVC PIPE PN16,UPVC Pipe,STK,0
63MM UPVC PIPE PN20,UPVC Pipe,STK,0
63MM UPVC PIPE PN6,UPVC Pipe,STK,0
63MM UPVC PIPE PN6,UPVC Pipe,STK,0
63MM UPVC PIPE PN8,UPVC Pipe,STK,0
630MM UPVC PIPE PN12.5,UPVC Pipe,STK,0
75MM UPVC PIPE PN10,UPVC Pipe,STK,0
75MM UPVC PIPE PN12.5,UPVC Pipe,STK,0
75MM UPVC PIPE PN16,UPVC Pipe,STK,0
75MM UPVC PIPE PN20,UPVC Pipe,STK,0
75MM UPVC PIPE PN6,UPVC Pipe,STK,0
75MM UPVC PIPE PN8,UPVC Pipe,STK,0
90MM UPVC PIPE PN10,UPVC Pipe,STK,0
90MM UPVC PIPE PN12.5,UPVC Pipe,STK,0
90MM UPVC PIPE PN16,UPVC Pipe,STK,0
90MM UPVC PIPE PN20,UPVC Pipe,STK,0
90MM UPVC PIPE PN6,UPVC Pipe,STK,0
90MM UPVC PIPE PN6,UPVC Pipe,STK,0
90MM UPVC PIPE PN8,UPVC Pipe,STK,0
110MM WASTE PIPE GOLDEN BROWN,UPVC Pipe,STK,0
125MM WASTE PIPE GOLDEN BROWN,UPVC Pipe,STK,0
140MM WASTE PIPE GOLDEN BROWN,UPVC Pipe,STK,0
160MM WASTE PIPE GOLDEN BROWN,UPVC Pipe,STK,0
180MM WASTE PIPE GOLDEN BROWN,UPVC Pipe,STK,0
200MM WASTE PIPE GOLDEN BROWN,UPVC Pipe,STK,0
225MM WASTE PIPE GOLDEN BROWN,UPVC Pipe,STK,0
250MM WASTE PIPE GOLDEN BROWN,UPVC Pipe,STK,0
280MM WASTE PIPE GOLDEN BROWN,UPVC Pipe,STK,0
315MM WASTE PIPE GOLDEN BROWN,UPVC Pipe,STK,0
355MM WASTE PIPE GOLDEN BROWN,UPVC Pipe,STK,0
400MM WASTE PIPE GOLDEN BROWN,UPVC Pipe,STK,0
630MM WASTE PIPE GOLDEN BROWN - CLASS 34,UPVC Pipe,STK,0
315MM WASTE PIPE GREY CLASS 41,UPVC Pipe,STK,0
50MM WASTE PIPE GRAY PIPE 4 METER,UPVC Pipe,STK,0
63MM WASTE PIPE GRAY PIPE 4 METER,UPVC Pipe,STK,0
DN 80 MM AVK COMBINATION AIR VALVE PN16,Valves,STK,0
DN 25 MM AVK SINGLE ORIFICE AIR VALVE PN16,Valves,STK,0
DN 150 MM AVK BALL FLOAT VALVE PN16,Valves,STK,0
DN 200 MM AVK BALL FLOAT VALVE PN16,Valves,STK,0
DN 100 MM AVK BUTTERFLY VALVE PN16,Valves,STK,0
DN 150 MM AVK BUTTERFLY VALVE PN16,Valves,STK,0
DN 200 MM AVK BUTTERFLY VALVE PN16,Valves,STK,0
DN 50 MM AVK BUTTERFLY VALVE PN16,Valves,STK,0
DN 65 MM AVK BUTTERFLY VALVE PN16,Valves,STK,0
DN 80 MM AVK BUTTERFLY VALVE PN16,Valves,STK,0
DN 150 MM AVK BUTTERFLY VALVE GEARED ACTUATOR,Valves,STK,0
DN 200 MM AVK BUTTERFLY VALVE GEARED ACTUATOR,Valves,STK,0
DN 250 MM AVK BUTTERFLY VALVE GEARED ACTUATOR PN25,Valves,STK,0
DN 80 MM AVK BUTTERFLY VALVE GEARED ACTUATOR,Valves,STK,0
DN 100 MM AVK BUTTERFLY VALVE LEVER,Valves,STK,0
DN 150 MM AVK BUTTERFLY VALVE LEVER,Valves,STK,0
DN 200 MM AVK BUTTERFLY VALVE LEVER,Valves,STK,0
DN 80 MM AVK BUTTERFLY VALVE LEVER,Valves,STK,0
DN 100 MM AVK SUPAMAXI STRAIGHT COUPLING PN16,Valves,STK,0
DN 100 MM AVK RS SWING CHECK VALVE PN16,Valves,STK,0
DN 150 MM AVK RS SWING CHECK VALVE PN16,Valves,STK,0
DN 200 MM AVK RS SWING CHECK VALVE PN16,Valves,STK,0
DN 50 MM AVK RS SWING CHECK VALVE PN16,Valves,STK,0
DN 80 MM AVK RS SWING CHECK VALVE PN16,Valves,STK,0
DN 100 MM AVK SUPAMAXI ENDCAP PN16,Valves,STK,0
DN 150 MM AVK SUPAMAXI ENDCAP PN16,Valves,STK,0
DN 100 MM AVK COMBI FLANGE FOR PE/PVC PN16,Valves,STK,0
DN 150 MM AVK COMBI FLANGE FOR PE/PVC PN16,Valves,STK,0
DN 200 MM AVK COMBI FLANGE FOR PE/PVC PN16,Valves,STK,0
DN 100 MM AVK SUPA FLANGE ADAPTOR PVC/GI/AC PN16,Valves,STK,0
DN 150 MM AVK SUPA FLANGE ADAPTOR PVC/GI/AC PN16,Valves,STK,0
DN 50 MM AVK SUPA FLANGE ADAPTOR PVC/GI/AC PN16,Valves,STK,0
DN 80 MM AVK SUPA FLANGE ADAPTOR PVC/GI/AC PN16,Valves,STK,0
DN 100 MM AVK SUPAPLUS FLANGE ADAPTOR PE/PVC PN16,Valves,STK,0
DN 150 MM AVK SUPAPLUS FLANGE ADAPTOR PE/PVC PN16,Valves,STK,0
DN 50 MM AVK SUPAPLUS FLANGE ADAPTOR PE/PVC PN16,Valves,STK,0
DN 80 MM AVK SUPAPLUS FLANGE ADAPTOR PE/PVC PN16,Valves,STK,0
DN 100 MM AVK RS GATE VALVE PN16,Valves,STK,0
DN 125 MM AVK RS GATE VALVE PN16,Valves,STK,0
DN 150 MM AVK RS GATE VALVE PN16,Valves,STK,0
DN 200 MM AVK RS GATE VALVE PN16,Valves,STK,0
DN 200 MM AVK RS GATE VALVE PN10,Valves,STK,0
DN 250 MM AVK RS GATE VALVE PN16,Valves,STK,0
DN 250 MM AVK RS GATE VALVE PN10,Valves,STK,0
DN 250 MM AVK RS GATE VALVE PN25,Valves,STK,0
DN 300 MM AVK RS GATE VALVE PN16,Valves,STK,0
DN 350 MM AVK RS GATE VALVE PN16,Valves,STK,0
DN 400 MM AVK RS GATE VALVE PN16,Valves,STK,0
DN 450 MM AVK RS GATE VALVE PN16,Valves,STK,0
DN 50 MM AVK RS GATE VALVE PN16,Valves,STK,0
DN 500 MM AVK RS GATE VALVE PN16,Valves,STK,0
DN 65 MM AVK RS GATE VALVE PN16,Valves,STK,0
DN 80 MM AVK RS GATE VALVE PN16,Valves,STK,0
DN 100-150 MM AVK GATE VALVE STEM CAP,Valves,STK,0
DN 200 MM AVK GATE VALVE STEM CAP,Valves,STK,0
DN 250-300 MM AVK GATE VALVE STEM CAP,Valves,STK,0
DN 300 MM AVK GATE VALVE STEM CAP,Valves,STK,0
DN 40-50 MM AVK GATE VALVE STEM CAP,Valves,STK,0
DN 400 MM AVK GATE VALVE STEM CAP,Valves,STK,0
DN 450-600 MM AVK GATE VALVE STEM CAP,Valves,STK,0
DN 65-80 MM AVK GATE VALVE STEM CAP,Valves,STK,0
DN 150/125 MM HANDWHEEL BLUE,Valves,STK,0
DN 200 MM HANDWHEEL BLUE,Valves,STK,0
DN 300/250 MM HANDWHEEL BLUE,Valves,STK,0
DN 400 MM HANDWHEEL BLUE,Valves,STK,0
DN 450/600 MM HANDWHEEL BLUE,Valves,STK,0
DN 50/40 MM HANDWHEEL BLUE,Valves,STK,0
DN 80/65 MM HANDWHEEL BLUE,Valves,STK,0
DN100 MM HANDWHEEL BLUE,Valves,STK,0
DN 100 MM AVK PRV PN16,Valves,STK,0
DN 150 MM AVK PRV PN16,Valves,STK,0
DN 200 MM AVK PRV PN16,Valves,STK,0
DN 200 MM AVK PRV PN10,Valves,STK,0
DN 50 MM AVK PRV PN16,Valves,STK,0
DN 80 MM AVK PRV PN16,Valves,STK,0
AVK SYNTHETIC SURFACE BOX TYPE 4056 POLYAMIDE,Valves,STK,0
AVK EXTENSION SPINDLE DN100/125 650MM-1100MM RANGE,Valves,STK,0
AVK EXTENSION SPINDLE DN150 650MM-1100MM RANGE,Valves,STK,0
AVK EXTENSION SPINDLE DN200 650MM-1100MM RANGE,Valves,STK,0
AVK EXTENSION SPINDLE DN250/300 2850-5250MM,Valves,STK,0
AVK EXTENSION SPINDLE DN40/50 650MM-1100MM RANGE,Valves,STK,0
AVK EXTENSION SPINDLE DN65/80 650MM-1100MM RANGE,Valves,STK,0
DN 100 MM AVK SUPA ST COUPLING PVC/GI/AC PN16,Valves,STK,0
DN 100 MM AVK SUPAMAXI TRANSITION COUPLING PN16,Valves,STK,0
Wafer Resilient NRS Liver Butterfly Valve DN 250,Valves,STK,0
Wafer Resilient NRS Liver Butterfly Valve DN 80,Valves,STK,0
DN 100 MM FLANGED JINAN SWING CHECK VALVE PN16,Valves,STK,0
DN 150 MM FLANGED JINAN SWING CHECK VALVE PN16,Valves,STK,0
DN 200 MM FLANGED JINAN SWING CHECK VALVE PN16,Valves,STK,0
DN 100 MM DOROT COMBINATION AIR VALVE PN16 (DI),Valves,STK,0
DN 15 MM DOROT DOUBLE AIR VALVE PN16 TR(COM),Valves,STK,0
DN 150 MM DOROT COMBINATION AIR VALVE PN16 (DI),Valves,STK,0
DN 20 MM DOROT DOUBLE AIR VALVE PN16 TR(COM),Valves,STK,0
DN 200 MM DOROT COMBINATION AIR VALVE PN16 (DI),Valves,STK,0
DN 25 MM DOROT COMBINATION AIR VALVE PN16 TR(COM),Valves,STK,0
DN 250 MM DOROT COMBINATION AIR VALVE PN16 (DI),Valves,STK,0
DN 300 MM DOROT COMBINATION AIR VALVE PN16 (DI),Valves,STK,0
DN 50 MM DOROT COMBINATION AIR VALVE PN16 TR(COM),Valves,STK,0
DN 50 MM DOROT COMBINATION AIR VALVE PN16 (DI),Valves,STK,0
DN 80 MM DOROT COMBINATION AIR VALVE PN16 (DI),Valves,STK,0
DN 100 MM DOROT SINGLE AIR VALVE PN16 (DI),Valves,STK,0
DN 15 MM DOROT SINGLE AIR VALVE PN16 TR(COM),Valves,STK,0
DN 20 MM DOROT SINGLE AIR VALVE PN16 TR(COM),Valves,STK,0
DN 25 MM DOROT SINGLE AIR VALVE PN16 TR(COM),Valves,STK,0
DN 50 MM DOROT SINGLE AIR VALVE PN16 TR(COM),Valves,STK,0
DN 50 MM DOROT SINGLE AIR VALVE PN16 (DI),Valves,STK,0
DN 80 MM DOROT SINGLE AIR VALVE PN16 (DI),Valves,STK,0
DN 200 MM DOROT BALL FLOAT VALVE PN16,Valves,STK,0
DN 400 MM DOROT BALL FLOAT VALVE PN10,Valves,STK,0
DN 50 MM DOROT BALL FLOAT VALVE PN16,Valves,STK,0
DOROT CONDOR GSM CONTROL UNIT,Valves,STK,0
DN 100 MM DOROT GAER RS GATE VALVE PN16 CW HNDWHL,Valves,STK,0
DN 150 MM DOROT GAER RS GATE VALVE PN16 CW HNDWHL,Valves,STK,0
DN 200 MM DOROT GAER RS GATE VALVE PN16 CW HNDWHL,Valves,STK,0
DN 250 MM DOROT GAER RS GATE VALVE PN16 CW HNDWHL,Valves,STK,0
DN 300 MM DOROT GAER RS GATE VALVE PN16 CW HNDWHL,Valves,STK,0
DN 400 MM DOROT GAER RS GATE VALVE PN16 CW HNDWHL,Valves,STK,0
DN 50 MM DOROT GAER RS GATE VALVE PN16 CW HNDWHL,Valves,STK,0
DN 80 MM DOROT GAER RS GATE VALVE PN16 CW HNDWHL,Valves,STK,0
DN 100 MM DOROT PRV PN16 - S100,Valves,STK,0
DN 150 MM DOROT PRV PN16 - S100,Valves,STK,0
DN 50 MM DOROT PRV PN16 - S100,Valves,STK,0
DN 80 MM DOROT PRV PN16 - S100,Valves,STK,0
DN 100 MM DOROT PRV PN16 - S300,Valves,STK,0
DN 50 MM DOROT PRV PN16 - S300,Valves,STK,0
Flanged Resilient NRS Gate Valve DN 100,Valves,STK,0
Flanged Resilient NRS Gate Valve DN 125,Valves,STK,0
Flanged Resilient NRS Gate Valve DN 150,Valves,STK,0
Flanged Resilient NRS Gate Valve DN 200,Valves,STK,0
Flanged Resilient NRS Gate Valve DN 250,Valves,STK,0
Flanged Resilient NRS Gate Valve DN 300,Valves,STK,0
Flanged Resilient NRS Gate Valve DN 50,Valves,STK,0
Flanged Resilient NRS Gate Valve DN 65,Valves,STK,0
Flanged Resilient NRS Gate Valve DN 80,Valves,STK,0
DN 20 MM  BIP TAP HOSE UNION,Valves,STK,0
3/4 INCH BIP TAP HOSE UNION,Valves,STK,0
FLANGED SINGLE ORIFACE AIRVALVE DN50,Valves,STK,0
DN 100 MM JINAN MEIDE CASTING BUTTERFLY VALVE PN16,Valves,STK,0
DN 200 MM JINAN MEIDE CASTING BUTTERFLY VALVE PN16,Valves,STK,0
DN 80 MM JINAN MEIDE CASTING BUTTERFLY VALVE PN16,Valves,STK,0
Jinan Meide Cating DRY BARREL FIRE HYDRENT DN 150,Valves,STK,0
Flanged Resilient pressure reduced  valve DN 100,Valves,STK,0
Flanged Resilient pressure reduced  valve DN 200,Valves,STK,0
Flanged Resilient pressure reduced  valve DN 250,Valves,STK,0
Flanged Resilient pressure relif sust valve DN 100,Valves,STK,0
Flanged Resilient pressure relif sust valve DN 150,Valves,STK,0
DN 100 MM MECH PRV PN16,Valves,STK,0
DN 150 MM FLANGED JINAN PRESSURE REDUCE VALVE PN16,Valves,STK,0
DN 200 MM MECH PRV PN16,Valves,STK,0
Flanged Resilient universal wafer BF valve DN 100,Valves,STK,0
Flanged Resilient universal wafer BF valve DN 150,Valves,STK,0
Jinan Meide CatingUNDER GROUND FIRE HYDRENT DN 80,Valves,STK,0
ANGLE VALVE  0.5 INCH,Valves,STK,0
AIR VALVE DOUBLE ORIFICE 20MM THREADED,Valves,STK,0
AIR VALVE DOUBLE ORIFICE 25MM THREADED,Valves,STK,0
AIR VALVE SINGLE ORIFICE 25MM THREADED,Valves,STK,0
AIR VALVE SINGLE ORIFICE 40MM THREADED,Valves,STK,0
AIR VALVE DOUBLE ORIFICE 50MM FLANGED,Valves,STK,0
AIR VALVE DOUBLE ORIFICE 50MM THREADED,Valves,STK,0
AIR VALVE SINGLE ORIFICE 50MM FLANGED,Valves,STK,0
AIR VALVE SINGLE ORIFICE 50MM THREADED,Valves,STK,0
AIR VALVE DOUBLE ORIFICE 65MM FLANGED,Valves,STK,0
AIR VALVE DOUBLE ORIFICE 80MM FLANGED,Valves,STK,0
DN 80 MM LOCALBALL VALVE PN16,Valves,STK,0
DN 20 MM BALL FLOAT VALVE,Valves,STK,0
DN 25 MM BALL FLOAT VALVE 3/4 INCH,Valves,STK,0
DN 32 MM BALL FLOAT VALVE 1 INCH,Valves,STK,0
DN 100 MM BALL FLOAT VALVE PN16,Valves,STK,0
DN 200 MM BALL FLOAT VALVE PN16,Valves,STK,0
DN 50 MM BALL FLOAT VALVE PN16,Valves,STK,0
DN 150 MM LOCAL BUTTERFLY VALVE PN16,Valves,STK,0
DN 200 MM BUTTERFLY VALVE PN16,Valves,STK,0
DN 250 MM LOCAL BUTTERFLY VALVE PN16,Valves,STK,0
DN 300 MM LOCAL BUTTERFLY VALVE PN16,Valves,STK,0
DN 450 MM BUTTERFLY VALVE PN16,Valves,STK,0
DN 20 MM LOCAL BIP TAP,Valves,STK,0
DN 25 MM LOCAL BIP TAP,Valves,STK,0
0.5 INCH SAGIVE BALL VALVE,Valves,STK,0
1/2 INCH THREADED BALL VALVE PN16,Valves,STK,0
3/4 INCH PVC BALL VALVE,Valves,STK,0
3/4 INCH THREADED BALL VALVE PN16,Valves,STK,0
1 INCH THREADED BALL VALVE PN16,Valves,STK,0
1 1/4 INCH THREADED BALL VALVE PN16,Valves,STK,0
1 1/2 INCH THREADED BALL VALVE PN16,Valves,STK,0
2 INCH THREADED BALL VALVE PN16,Valves,STK,0
2.5 INCH THREADED BALL VALVE PN16,Valves,STK,0
3 INCH THREADED BALL VALVE PN16,Valves,STK,0
3 INCH STAINLESS STEEL THREADED BALL VALVE PN16,Valves,STK,0
4 INCH THREADED BALL VALVE PN16,Valves,STK,0
4 INCH STAINLESS STEEL THREADED BALL VALVE PN16,Valves,STK,0
DN 200 MM LOCAL RS SWING CHECK VALVE PN16,Valves,STK,0
DN 100 MM LOCAL RS SWING CHECK VALVE PN16,Valves,STK,0
DN 80 MM LOCAL RS SWING CHECK VALVE PN16,Valves,STK,0
FLANGED NON RETURN VALVE DN 100 4 INCH,Valves,STK,0
FLANGED NON RETURN VALVE DN 65,Valves,STK,0
1/2 INCH THREADED GATE VALVE PN16,Valves,STK,0
3/4 INCH THREADED GATE VALVE PN16,Valves,STK,0
1 INCH THREADED GATE VALVE PN16,Valves,STK,0
1 1/4 INCH THREADED GATE VALVE PN16,Valves,STK,0
1 1/2 INCH THREADED GATE VALVE PN16,Valves,STK,0
DN 100 MM GATE VALVE PN16,Valves,STK,0
DN 125 MM GATE VALVE PN16,Valves,STK,0
DN 150 MM GATE VALVE PN16,Valves,STK,0
2 INCH THREADED GATE VALVE PN16,Valves,STK,0
2 1/2 INCH THREADED GATE VALVE PN16,Valves,STK,0
DN 200 MM GATE VALVE PN16,Valves,STK,0
DN 250 MM GATE VALVE PN16,Valves,STK,0
3 INCH THREADED GATE VALVE PN16,Valves,STK,0
4 INCH THREADED GATE VALVE PN16,Valves,STK,0
DN 40 MM GATE VALVE PN16,Valves,STK,0
DN 400 MM GATE VALVE PN16,Valves,STK,0
DN 50 MM GATE VALVE PN16,Valves,STK,0
DN 65 MM GATE VALVE PN16,Valves,STK,0
DN 80 MM GATE VALVE PN16,Valves,STK,0
NON RETURN VALVE  0.5 INCH,Valves,STK,0
NON RETURN VALVE  0.75 INCH,Valves,STK,0
NON RETURN VALVE DN 25 (1 INCH),Valves,STK,0
NON RETURN VALVE DN 32 (1.25 INCH),Valves,STK,0
NON RETURN VALVE DN 40 (1.5 INCH),Valves,STK,0
NON RETURN VALVE DN 50 (2 INCH),Valves,STK,0
NON RETURN VALVE DN 65,Valves,STK,0
NON RETURN VALVE DN 80,Valves,STK,0
DN 100 MM LOCAL PRV PN16,Valves,STK,0
DN 200 MM LOCAL PRV PN16,Valves,STK,0
DN 250 MM LOCAL PRV PN16,Valves,STK,0
DN 100 MM SWING CHECK VALVE PN16,Valves,STK,0
DN 150 MM SWING CHECK VALVE PN16,Valves,STK,0
DN 200 MM SWING CHECK VALVE PN16,Valves,STK,0
LOCAL DN 50 MM SWING CHECK VALVE PN16,Valves,STK,0
CatingUNDER GROUND FIRE HYDRENT DN 80,Valves,STK,0
NON RETURN VALVE 110MM ORANGE,PP Fittings,STK,0
NON RETURN VALVE 160MM ORANGE,PP Fittings,STK,0
1/2 INCH PEGLAR THREADED GATE VALVE PN16,Valves,STK,0
3/4 INCH PEGLAR THREADED GATE VALVE PN16,Valves,STK,0
1 INCH PEGLAR THREADED GATE VALVE PN16,Valves,STK,0
2 INCH PEGLAR THREADED GATE VALVE PN16,Valves,STK,0
1 INCH PEGLAR THREADED NON RETURN VALVE PN16,Valves,STK,0
3/4 INCH TEMPER PROOF VALVE MALE AND FEMALE,Valves,STK,0
WESDOM AIR VALVE SINGLE ORIFICE 50MM FLANGED,Valves,STK,0
PP VENTING DEVICE 110MM GREY,PP Fittings,STK,0
