AGLE/FIBRE/LASSER/50W,HDPE pipe,STK,0
AQUAMAC/BF/SEMI/AUTO/160,Joints,STK,0
AQUAMAC/BF/SEMI/AUTO/250,Joints,STK,0
AQUAMAC/BF/SEMI/AUTO/315,Joints,STK,0
AQUAMAC/PPR/DEGITAL/WELD/63MM,Joints,STK,0
AQUAMAC/PPR/WELD/63MM,Joints,STK,0
BF/FUSION/JOINT,Joints,STK,0
CONFLUO/DRAIN/DROPS3,PP Fittings,STK,0
CONFLUO/DRAIN/SQUARE3,PP Fittings,STK,0
CONFLUO/DRAIN/TIDE3,PP Fittings,STK,0
CONS/FIX/ADHESIVE/TANGIT/1000,Fittings Accesories,STK,0
CONS/FIX/ADHESIVE/TANGIT/250,Fittings Accesories,STK,0
CONS/FIX/ADHESIVE/TANGIT/500,Fittings Accesories,STK,0
CONS/FIX/BOLTSET/M12/50,Fittings Accesories,STK,0
CONS/FIX/BOLTSET/M16/100/FT/PL,Fittings Accesories,STK,0
CONS/FIX/BOLTSET/M16/120,Fittings Accesories,STK,0
CONS/FIX/BOLTSET/M16/90,Fittings Accesories,STK,0
CONS/FIX/BOLTSET/M20/120,Fittings Accesories,STK,0
CONS/FIX/BOLTSET/M20/120/FT,Fittings Accesories,STK,0
CONS/FIX/BOLTSET/M20/160,Fittings Accesories,STK,0
CONS/FIX/BOLTSET/M20/200,Fittings Accesories,STK,0
CONS/FIX/BOLTSET/M20/90,Fittings Accesories,STK,0
CONS/FIX/BOLTSET/M22/150,Fittings Accesories,STK,0
CONS/FIX/BOLTSET/M24/160,Fittings Accesories,STK,0
CONS/FIX/BOLTSET/M24/240,Fittings Accesories,STK,0
CONS/FIX/BOLTSET/M24/250,Fittings Accesories,STK,0
CONS/FIX/BOLTSET/M27/150,Fittings Accesories,STK,0
CONS/FIX/THREADTAPE,Fittings Accesories,STK,0
CPVC/FT/ELBOW90/20,Fittings Accesories,STK,0
CPVC/FT/ELBOW90/25,Fittings Accesories,STK,0
CPVC/FT/EQT90/25,Fittings Accesories,STK,0
CPVC/FT/FEMELBOW/BRASS/25X1/2I,Fittings Accesories,STK,0
CPVC/FT/MADPT/BRASS/25X1/2INCH,Fittings Accesories,STK,0
CPVC/FT/MAELBOW/BRASS/25X1/2IN,Fittings Accesories,STK,0
CPVC/FT/UNION/25,Fittings Accesories,STK,0
CPVC/FT/WELD/GLUE/473ML,Fittings Accesories,STK,0
CPVC/PP/20/10/4,UPVC Pipe,STK,0
CPVC/PP/25/10/4,UPVC Pipe,STK,0
DWC/FT/SDL/250/160,DWC Fittings,STK,0
DWC/FT/SDL/300/160,DWC Fittings,STK,0
DWC/FT/SDL/400/160,DWC Fittings,STK,0
DWC/JT/CLAMP/200,DWC Fittings,STK,0
DWC/JT/CLAMP/300,DWC Fittings,STK,0
DWC/JT/CLAMP/400,DWC Fittings,STK,0
DWC/JT/CLAMP/600,DWC Fittings,STK,0
DWC/JT/UNIVERSAL,DWC Fittings,STK,0
DWC/REP/COUPLER/100,DWC Fittings,STK,0
DWC/REP/COUPLER/150,DWC Fittings,STK,0
DWC/REP/COUPLER/200,DWC Fittings,STK,0
DWC/REP/COUPLER/250,DWC Fittings,STK,0
DWC/REP/COUPLER/300,DWC Fittings,STK,0
DWC/REP/COUPLER/400,DWC Fittings,STK,0
DWC/REP/COUPLER/50,DWC Fittings,STK,0
DWC/REP/COUPLER/500,DWC Fittings,STK,0
DWC/REP/COUPLER/600,DWC Fittings,STK,0
DWC/REP/COUPLER/65,DWC Fittings,STK,0
DWC/REP/COUPLER/80,DWC Fittings,STK,0
DWC/RR/100,DWC Pipe,STK,0
DWC/RR/150,DWC Pipe,STK,0
DWC/RR/200,DWC Pipe,STK,0
DWC/RR/250,DWC Pipe,STK,0
DWC/RR/300,DWC Pipe,STK,0
DWC/RR/400,DWC Pipe,STK,0
DWC/RR/500,DWC Pipe,STK,0
DWC/RR/600,DWC Pipe,STK,0
DWC/RR/800,DWC Pipe,STK,0
DWC/TT/HOLESAW/110,DWC Fittings,STK,0
DWC/TT/HOLESAW/111,DWC Fittings,STK,0
DWC/TT/HOLESAW/160,DWC Fittings,STK,0
DWC/TT/HOLESAW/200,DWC Fittings,STK,0
DWC/TT/HOLESAW/25,DWC Fittings,STK,0
DWC/TT/HOLESAW/250,DWC Fittings,STK,0
DWC/TT/HOLESAW/315,DWC Fittings,STK,0
DWC/TT/HOLESAW/32,DWC Fittings,STK,0
DWC/TT/HOLESAW/40,DWC Fittings,STK,0
DWC/TT/HOLESAW/50,DWC Fittings,STK,0
DWC/TT/HOLESAW/51,DWC Fittings,STK,0
DWC/TT/HOLESAW/63,DWC Fittings,STK,0
DWC/TT/HOLESAW/75,DWC Fittings,STK,0
DWC/TT/HOLESAW/90,DWC Fittings,STK,0
DWC/TT/MANDREL/111,DWC Fittings,STK,0
DWC/TT/MANDREL/25,DWC Fittings,STK,0
DWC/TT/MANDREL/32,DWC Fittings,STK,0
DWC/TT/MANDREL/51,DWC Fittings,STK,0
EF/FUSION/JOINT,Joints,STK,0
ENG/SPAR/GROOVEBRUSH/45MM,Plant & Machinery,STK,0
ENG/SPAR/GROOVEBRUSH/60MM,Plant & Machinery,STK,0
"ENG/SPAR/PRESS GAUGE/0.5""/25/W",Fittings Accesories,STK,0
FISHCG/CIRC/6/110,HDPE pipe,STK,0
FISHCG/CIRC/6/160,HDPE pipe,STK,0
FISHCG/SQUARE/6/110,HDPE pipe,STK,0
FLANGE/BL/ST/100,Fittings Accesories,STK,0
FLANGE/BL/ST/125,Fittings Accesories,STK,0
FLANGE/BL/ST/160,Fittings Accesories,STK,0
FLANGE/BL/ST/315,Flanges,STK,0
FLANGE/BL/ST/50,Fittings Accesories,STK,0
FLANGE/BL/ST/560,Fittings Accesories,STK,0
FLANGE/BL/ST/63,Flanges,STK,0
FLANGE/BL/ST/65,Fittings Accesories,STK,0
FLANGE/BL/ST/80,Fittings Accesories,STK,0
FLANGE/PP/110,Flanges,STK,0
FLANGE/PP/125,Flanges,STK,0
FLANGE/PP/140,Flanges,STK,0
FLANGE/PP/160,Flanges,STK,0
FLANGE/PP/180,Flanges,STK,0
FLANGE/PP/200/200,Flanges,STK,0
FLANGE/PP/200/200/10,Flanges,STK,0
FLANGE/PP/225/200,Flanges,STK,0
FLANGE/PP/25,Flanges,STK,0
FLANGE/PP/250/250,Flanges,STK,0
FLANGE/PP/280/250,Flanges,STK,0
FLANGE/PP/315/300,Flanges,STK,0
FLANGE/PP/315/300/10,Flanges,STK,0
FLANGE/PP/315/300/20,Flanges,STK,0
FLANGE/PP/315/300/25,Flanges,STK,0
FLANGE/PP/32,Flanges,STK,0
FLANGE/PP/355/300,Flanges,STK,0
FLANGE/PP/40,Flanges,STK,0
FLANGE/PP/400/355,Flanges,STK,0
FLANGE/PP/400/400,Flanges,STK,0
FLANGE/PP/50,Flanges,STK,0
FLANGE/PP/500,Flanges,STK,0
FLANGE/PP/560,Flanges,STK,0
FLANGE/PP/63,Flanges,STK,0
FLANGE/PP/75,Flanges,STK,0
FLANGE/PP/90,Flanges,STK,0
FLANGE/PP/90/25,Flanges,STK,0
FLANGE/ST/110,Fittings Accesories,STK,0
FLANGE/ST/110/THREAD,Fittings Accesories,STK,0
FLANGE/ST/125,Flanges,STK,0
FLANGE/ST/140,Flanges,STK,0
FLANGE/ST/160,Fittings Accesories,STK,0
FLANGE/ST/180,Flanges,STK,0
FLANGE/ST/200/200,Flanges,STK,0
FLANGE/ST/225/200,Flanges,STK,0
FLANGE/ST/250/250,Flanges,STK,0
FLANGE/ST/280/250,Flanges,STK,0
FLANGE/ST/315/300,Flanges,STK,0
FLANGE/ST/315/300/20,Flanges,STK,0
FLANGE/ST/315/300/25,Flanges,STK,0
FLANGE/ST/32,Flanges,STK,0
FLANGE/ST/355/300,Flanges,STK,0
FLANGE/ST/40,Flanges,STK,0
FLANGE/ST/40/THREAD,Fittings Accesories,STK,0
FLANGE/ST/400/355,Flanges,STK,0
FLANGE/ST/400/400,Flanges,STK,0
FLANGE/ST/450,Flanges,STK,0
FLANGE/ST/50,Flanges,STK,0
FLANGE/ST/50/THREAD,Fittings Accesories,STK,0
FLANGE/ST/500,Flanges,STK,0
FLANGE/ST/560,Flanges,STK,0
FLANGE/ST/63,Flanges,STK,0
FLANGE/ST/630,Flanges,STK,0
FLANGE/ST/65/THREAD,Fittings Accesories,STK,0
FLANGE/ST/75,Flanges,STK,0
FLANGE/ST/90,Flanges,STK,0
FLANGE/ST/90/THREAD,Fittings Accesories,STK,0
FM/BF/HUR160-SA,Joints,STK,0
FM/BF/HUR315-SA,Joints,STK,0
GASKET/100,Fittings Accesories,STK,0
GASKET/100/3MM,Fittings Accesories,STK,0
GASKET/125/5MM,Fittings Accesories,STK,0
GASKET/140,Fittings Accesories,STK,0
GASKET/150,Fittings Accesories,STK,0
GASKET/180,Fittings Accesories,STK,0
GASKET/20,Fittings Accesories,STK,0
GASKET/200/5MM,Fittings Accesories,STK,0
GASKET/200/EPDM,Fittings Accesories,STK,0
GASKET/225/5MM,Fittings Accesories,STK,0
GASKET/250,Fittings Accesories,STK,0
GASKET/250/5MM,Fittings Accesories,STK,0
GASKET/3/2,Fittings Accesories,STK,0
GASKET/3/3,Fittings Accesories,STK,0
GASKET/3/4,Fittings Accesories,STK,0
GASKET/3/6,Fittings Accesories,STK,0
GASKET/300/EPDM,Fittings Accesories,STK,0
GASKET/315,Fittings Accesories,STK,0
GASKET/32/5MM,Fittings Accesories,STK,0
GASKET/355,Fittings Accesories,STK,0
GASKET/40/5MM,Fittings Accesories,STK,0
GASKET/400,Fittings Accesories,STK,0
GASKET/450,Fittings Accesories,STK,0
GASKET/450/5MM,Fittings Accesories,STK,0
GASKET/50,Fittings Accesories,STK,0
GASKET/50/5MM,Fittings Accesories,STK,0
GASKET/500,Fittings Accesories,STK,0
GASKET/63/5MM,Fittings Accesories,STK,0
GASKET/630,Fittings Accesories,STK,0
GASKET/65,Fittings Accesories,STK,0
GASKET/75/3MM,Fittings Accesories,STK,0
GASKET/75/5MM,Fittings Accesories,STK,0
GASKET/80,Fittings Accesories,STK,0
GASKET/C4400/1200/3MM,Fittings Accesories,STK,0
GASKET/C4400/200/3MM,Fittings Accesories,STK,0
GASKET/C4400/300/3MM,Fittings Accesories,STK,0
GASKET/C4400/600/3MM,Fittings Accesories,STK,0
GASKET/C4400/800/3MM,Fittings Accesories,STK,0
GASKET/MAXIFLEX/1200/4.5MM,Fittings Accesories,STK,0
GASKET/MAXIFLEX/200/4.5MM,Fittings Accesories,STK,0
GASKET/MAXIFLEX/300/4.5MM,Fittings Accesories,STK,0
GASKET/MAXIFLEX/600/4.5MM,Fittings Accesories,STK,0
GASKET/MAXIFLEX/800/4.5MM,Fittings Accesories,STK,0
GI/EPC/PP/150/C,Fittings Accesories,STK,0
GI/FT/BACK NUT/1.5INCH,Fittings Accesories,STK,0
GI/FT/BACK NUT/11/4INCH,Fittings Accesories,STK,0
GI/FT/BACK NUT/1INCH,Fittings Accesories,STK,0
GI/FT/BACK NUT/2INCH,Fittings Accesories,STK,0
GI/FT/BACK NUT/3/4INCH,Fittings Accesories,STK,0
GI/FT/BEND/0.5/FEM/FEM,Fittings Accesories,STK,0
GI/FT/BEND/0.75/FEM/FEM,Fittings Accesories,STK,0
GI/FT/BEND/0.75/PLAIN,Fittings Accesories,STK,0
GI/FT/BEND/1.25/FEM/FEM,Fittings Accesories,STK,0
GI/FT/BEND/1.5/FEM/FEM,Fittings Accesories,STK,0
GI/FT/BEND/1/FEM/FEM,Fittings Accesories,STK,0
GI/FT/BEND/1/PLAIN,Fittings Accesories,STK,0
GI/FT/BEND/2.5/FEM/FEM,Fittings Accesories,STK,0
GI/FT/BEND/2.5/FEM/MAL,Fittings Accesories,STK,0
GI/FT/BEND/2.5/MAL/MAL,Fittings Accesories,STK,0
GI/FT/BEND/2/FEM/FEM,Fittings Accesories,STK,0
GI/FT/BEND/2/ML/FEM,Fittings Accesories,STK,0
GI/FT/BEND/3/ALLFLANGED,Fittings Accesories,STK,0
GI/FT/BEND/3/ML/FEM,Fittings Accesories,STK,0
GI/FT/BEND/3/PLAIN,Fittings Accesories,STK,0
GI/FT/BEND/4/FEM/FEM,Fittings Accesories,STK,0
GI/FT/BEND/4INCH/FEM/FEM,Fittings Accesories,STK,0
GI/FT/BEND/4INCH/MAL/FEM,Fittings Accesories,STK,0
GI/FT/BEND/6/ALLFLANGED,Flanges,STK,0
GI/FT/BEND/6/PLAIN,Fittings Accesories,STK,0
GI/FT/BEND/6/SGLFLANGED,Flanges,STK,0
GI/FT/BEND/6INCH/FEM/FEM,Fittings Accesories,STK,0
GI/FT/BEND/FEM/2,Fittings Accesories,STK,0
GI/FT/BEND/MAL/2,Fittings Accesories,STK,0
GI/FT/BEND11.25/110,Fittings Accesories,STK,0
GI/FT/BEND11.25/200,Fittings Accesories,STK,0
GI/FT/BEND11.25/250,Fittings Accesories,STK,0
GI/FT/BEND45/DBLFLGD/STEEL/4,Fittings Accesories,STK,0
GI/FT/BEND90/DBLFLGD/STEEL/4,Fittings Accesories,STK,0
GI/FT/BEND90/FLGD/STEEL/6X4,Fittings Accesories,STK,0
"GI/FT/BEND90/MLFM/4""",Fittings Accesories,STK,0
GI/FT/BNIPPLE/0.75/LONG,Fittings Accesories,STK,0
GI/FT/BNIPPLE/1.25INCH/LONG,Fittings Accesories,STK,0
GI/FT/BNIPPLE/1.5INCH/LONG,Fittings Accesories,STK,0
GI/FT/BNIPPLE/1INCH/LONG,Fittings Accesories,STK,0
GI/FT/BNIPPLE/2.5INCH/LONG,Fittings Accesories,STK,0
GI/FT/BNIPPLE/2INCH/LONG,Fittings Accesories,STK,0
GI/FT/BNIPPLE/3INCH/LONG,Fittings Accesories,STK,0
GI/FT/BNIPPLE/4/LONG,Fittings Accesories,STK,0
GI/FT/CROSS/TEE/0.75,Fittings Accesories,STK,0
GI/FT/ENDCAP/0.5/PLAIN,Fittings Accesories,STK,0
GI/FT/ENDCAP/1.5/THREADED,Fittings Accesories,STK,0
GI/FT/ENDCAP/1/THREADED,Fittings Accesories,STK,0
GI/FT/ENDCAP/2 INCH/THREAD,Fittings Accesories,STK,0
GI/FT/ENDCAP/2.5 INCH/THREAD,Fittings Accesories,STK,0
GI/FT/ENDCAP/3INCH/THREADED,Fittings Accesories,STK,0
GI/FT/ENDCAP/8 INCH/THREAD,Fittings Accesories,STK,0
GI/FT/EPC/ELBOW 45/4 INCH/ALLF,Fittings Accesories,STK,0
GI/FT/EPC/ELBOW 45/6 INCH/ALLF,Fittings Accesories,STK,0
GI/FT/EPC/ELBOW 90/6 INCH/ALLF,Fittings Accesories,STK,0
GI/FT/EPC/FLANGPIPE/8INCH/0.4M,GI/Steel Pipes,STK,0
GI/FT/EPC/FLANGPIPE/8INCH/0.6M,GI/Steel Pipes,STK,0
GI/FT/EPC/FLANGSADLE/4X2,Fittings Accesories,STK,0
GI/FT/EPC/FLANGSADLE/8X2,Fittings Accesories,STK,0
GI/FT/EPC/RED/10X8/ALLFLANGED,Fittings Accesories,STK,0
GI/FT/EPC/RED/3X2/ALLFLANGED,Fittings Accesories,STK,0
GI/FT/EPC/RED/4X2.5/ALLFLANGED,Fittings Accesories,STK,0
GI/FT/EPC/RED/500X150/ALLFLANG,Fittings Accesories,STK,0
GI/FT/EPC/RED/6X1.5 MIDLELANG,Fittings Accesories,STK,0
GI/FT/EPC/RED/6X4/ALLFLANGED,Fittings Accesories,STK,0
GI/FT/EPC/RED/8X6/ALLFLANGED,Fittings Accesories,STK,0
GI/FT/EPC/REDTEE/8X6/ALLFLANGE,Fittings Accesories,STK,0
GI/FT/EPC/SPL/ELBOW/ALLFLANG/8,Fittings Accesories,STK,0
GI/FT/EPC/SPL/ELBOW/SINFLANG/8,Fittings Accesories,STK,0
GI/FT/EPC/SPL/EQT90/ALLFLANG/5,Fittings Accesories,STK,0
GI/FT/EPC/SPL/TEE/8INCH,Fittings Accesories,STK,0
GI/FT/NIPPLE/0.5,Fittings Accesories,STK,0
GI/FT/NIPPLE/0.75,Fittings Accesories,STK,0
GI/FT/NIPPLE/1,Fittings Accesories,STK,0
GI/FT/NIPPLE/1.25,Fittings Accesories,STK,0
GI/FT/NIPPLE/1.5,Fittings Accesories,STK,0
GI/FT/NIPPLE/2,Fittings Accesories,STK,0
GI/FT/NIPPLE/2.5,Fittings Accesories,STK,0
GI/FT/NIPPLE/3,Fittings Accesories,STK,0
GI/FT/NIPPLE/4,Fittings Accesories,STK,0
GI/FT/PLUG/0.5INCH,Fittings Accesories,STK,0
GI/FT/PLUG/0.75INCH,Fittings Accesories,STK,0
GI/FT/RED/SOCKET/1.5X11/4,Fittings Accesories,STK,0
GI/FT/RED/SOCKET/3/4X1/2,Fittings Accesories,STK,0
GI/FT/RED/SOCKET/6X4,Fittings Accesories,STK,0
GI/FT/REDBUSH/0.75X0.5,Fittings Accesories,STK,0
GI/FT/REDBUSH/1.25X0.5,Fittings Accesories,STK,0
GI/FT/REDBUSH/1.25X0.75,Fittings Accesories,STK,0
GI/FT/REDBUSH/1.25X1,Fittings Accesories,STK,0
GI/FT/REDBUSH/1.5X0.5,Fittings Accesories,STK,0
GI/FT/REDBUSH/1.5X0.75,Fittings Accesories,STK,0
GI/FT/REDBUSH/1.5X1,Fittings Accesories,STK,0
GI/FT/REDBUSH/1.5X1.25,Fittings Accesories,STK,0
GI/FT/REDBUSH/1X0.5,Fittings Accesories,STK,0
GI/FT/REDBUSH/1X0.75,Fittings Accesories,STK,0
GI/FT/REDBUSH/2.5X1,Fittings Accesories,STK,0
GI/FT/REDBUSH/2.5X2,Fittings Accesories,STK,0
GI/FT/REDBUSH/2X0.75,Fittings Accesories,STK,0
GI/FT/REDBUSH/2X1,Fittings Accesories,STK,0
GI/FT/REDBUSH/2X1.25,Fittings Accesories,STK,0
GI/FT/REDBUSH/2X1.5,Fittings Accesories,STK,0
GI/FT/REDBUSH/3X2,Fittings Accesories,STK,0
GI/FT/REDBUSH/3X2.5,Fittings Accesories,STK,0
GI/FT/REDBUSH/4X2,Fittings Accesories,STK,0
GI/FT/REDBUSH/4X2.5,Fittings Accesories,STK,0
GI/FT/REDBUSH/4X3,Fittings Accesories,STK,0
GI/FT/REDELBOW/6X4/FLGD,Fittings Accesories,STK,0
GI/FT/REDSKT/0.75X0.5,Fittings Accesories,STK,0
GI/FT/REDSKT/1.25X0.5,Fittings Accesories,STK,0
GI/FT/REDSKT/1.25X0.75,Fittings Accesories,STK,0
GI/FT/REDSKT/1.25X1,Fittings Accesories,STK,0
GI/FT/REDSKT/1.5X0.75,Fittings Accesories,STK,0
GI/FT/REDSKT/1.5X1,Fittings Accesories,STK,0
GI/FT/REDSKT/1.5X1.25,Fittings Accesories,STK,0
GI/FT/REDSKT/1X0.5,Fittings Accesories,STK,0
GI/FT/REDSKT/2.5X1.5,Fittings Accesories,STK,0
GI/FT/REDSKT/2.5X2,Fittings Accesories,STK,0
GI/FT/REDSKT/2X0.75,Fittings Accesories,STK,0
GI/FT/REDSKT/2X1,Fittings Accesories,STK,0
GI/FT/REDSKT/2X1.25,Fittings Accesories,STK,0
GI/FT/REDSKT/2X1.5,Fittings Accesories,STK,0
GI/FT/REDSKT/3X2,Fittings Accesories,STK,0
GI/FT/REDSKT/4X3,Fittings Accesories,STK,0
GI/FT/REDSOCKET/0.75X0.5,Fittings Accesories,STK,0
GI/FT/REDSOCKET/1X0.75,Fittings Accesories,STK,0
GI/FT/REDTEE/2.5X1.5/FLGD,Fittings Accesories,STK,0
GI/FT/REDTEE/4.5X1.5/FLGD,Fittings Accesories,STK,0
GI/FT/REDTEE/4X1/5INCH,Fittings Accesories,STK,0
GI/FT/REDTEE/4X2 INCH,Fittings Accesories,STK,0
GI/FT/REDTEE/6X3/ALLFLANGED,Fittings Accesories,STK,0
GI/FT/REDTEE/6X4/FLGD,Fittings Accesories,STK,0
GI/FT/SADDLE/10X0.75,Fittings Accesories,STK,0
GI/FT/SADDLE/10X2/FLANGED,Fittings Accesories,STK,0
GI/FT/SADDLE/11X0.75,Fittings Accesories,STK,0
GI/FT/SADDLE/14X2,Fittings Accesories,STK,0
GI/FT/SADDLE/14X3,Fittings Accesories,STK,0
GI/FT/SADDLE/2X1,Fittings Accesories,STK,0
GI/FT/SADDLE/3X0.75,Fittings Accesories,STK,0
GI/FT/SADDLE/3X1,Fittings Accesories,STK,0
GI/FT/SADDLE/3X2,Fittings Accesories,STK,0
GI/FT/SADDLE/4X2,Fittings Accesories,STK,0
GI/FT/SADDLE/6X1,Fittings Accesories,STK,0
GI/FT/SADDLE/6X2,Fittings Accesories,STK,0
GI/FT/SGL/FLANGPIPE/4.5INCH/1.,GI/Steel Pipes,STK,0
GI/FT/SGL/FLANGPIPE/4INCH/1,GI/Steel Pipes,STK,0
GI/FT/SOCKET/0.5,Fittings Accesories,STK,0
GI/FT/SOCKET/0.75,Fittings Accesories,STK,0
GI/FT/SOCKET/1,Fittings Accesories,STK,0
GI/FT/SOCKET/1.5,Fittings Accesories,STK,0
GI/FT/SOCKET/11/4,Fittings Accesories,STK,0
GI/FT/SOCKET/2,Fittings Accesories,STK,0
GI/FT/SOCKET/2.5,Fittings Accesories,STK,0
GI/FT/SOCKET/3,Fittings Accesories,STK,0
GI/FT/SOCKET/4,Fittings Accesories,STK,0
GI/FT/STEEL/FOOTVALVE/0.5INCH,Fittings Accesories,STK,0
GI/FT/STEEL/FOOTVALVE/0.75INCH,Fittings Accesories,STK,0
GI/FT/STEEL/FOOTVALVE/1INCH,Fittings Accesories,STK,0
GI/FT/STEEL/FOOTVALVE/4INCH,Fittings Accesories,STK,0
GI/FT/TAP/STAND,Fittings Accesories,STK,0
GI/FT/TEE/0.5,Fittings Accesories,STK,0
GI/FT/TEE/0.75,Fittings Accesories,STK,0
GI/FT/TEE/1,Fittings Accesories,STK,0
GI/FT/TEE/1.25,Fittings Accesories,STK,0
GI/FT/TEE/1.5,Fittings Accesories,STK,0
GI/FT/TEE/2,Fittings Accesories,STK,0
GI/FT/TEE/2.5INCH,Fittings Accesories,STK,0
GI/FT/TEE/3,Fittings Accesories,STK,0
GI/FT/TEE/3/FLANGED,Fittings Accesories,STK,0
GI/FT/TEE/4,Fittings Accesories,STK,0
GI/FT/TEE/4/FLGD,Fittings Accesories,STK,0
GI/FT/TEE/6/ALLFLANGED,Fittings Accesories,STK,0
GI/FT/UNION/0.5/FEM/FEM,Fittings Accesories,STK,0
GI/FT/UNION/0.75/FEM/FEM,Fittings Accesories,STK,0
GI/FT/UNION/1.5/FEM/FEM,Fittings Accesories,STK,0
GI/FT/UNION/1/FEM/FEM,Fittings Accesories,STK,0
GI/FT/UNION/11/4/FEM/FEM,Fittings Accesories,STK,0
GI/FT/UNION/2.5/FEM/FEM,Fittings Accesories,STK,0
GI/FT/UNION/2/FEM/FEM,Fittings Accesories,STK,0
GI/FT/UNION/3/FEM/FEM,Fittings Accesories,STK,0
GI/FT/UNION/4/FEM/FEM,Fittings Accesories,STK,0
"GI/FT/YTEE/FLGD/4""",Fittings Accesories,STK,0
GI/PP/100/B,Fittings Accesories,STK,0
GI/PP/125/B,Fittings Accesories,STK,0
GI/PP/15/B,Fittings Accesories,STK,0
GI/PP/150/B,Fittings Accesories,STK,0
GI/PP/20/B,Fittings Accesories,STK,0
GI/PP/200/B,Fittings Accesories,STK,0
GI/PP/25/B,Fittings Accesories,STK,0
GI/PP/25/B/1MTR,Fittings Accesories,STK,0
GI/PP/250/B,Fittings Accesories,STK,0
GI/PP/32/B,Fittings Accesories,STK,0
GI/PP/32/C,Fittings Accesories,STK,0
GI/PP/40/B,Fittings Accesories,STK,0
GI/PP/50/B,Fittings Accesories,STK,0
GI/PP/50/C,Fittings Accesories,STK,0
GI/PP/65/B,Fittings Accesories,STK,0
GI/PP/65/C,Fittings Accesories,STK,0
GI/PP/80/B,Fittings Accesories,STK,0
HDPE/110/WINDER,HDPE pipe,STK,0
HDPE/20/110/3LAYER/EXTRUDER,HDPE pipe,STK,0
HDPE/63/WINDER,HDPE pipe,STK,0
HDPE/90/315/EXTRUDER,HDPE pipe,STK,0
HDPE/90/450/DIEHEAD,HDPE pipe,STK,0
HDPE/AF/110/10/1,HDPE pipe,STK,0
HDPE/AF/110/10/11.8,HDPE pipe,STK,0
HDPE/AF/110/10/50,HDPE pipe,STK,0
HDPE/AF/110/10/6,HDPE pipe,STK,0
HDPE/AF/110/12.5/1,HDPE pipe,STK,0
HDPE/AF/110/12.5/11.8,HDPE pipe,STK,0
HDPE/AF/110/12.5/50,HDPE pipe,STK,0
HDPE/AF/110/16/1,HDPE pipe,STK,0
HDPE/AF/110/16/11.5,HDPE pipe,STK,0
HDPE/AF/110/16/11.8,HDPE pipe,STK,0
HDPE/AF/110/16/12,HDPE pipe,STK,0
HDPE/AF/110/16/50,HDPE pipe,STK,0
HDPE/AF/110/20/1,HDPE pipe,STK,0
HDPE/AF/110/20/11.8,HDPE pipe,STK,0
HDPE/AF/110/20/50,HDPE pipe,STK,0
HDPE/AF/110/25/1,HDPE pipe,STK,0
HDPE/AF/110/25/50,HDPE pipe,STK,0
HDPE/AF/110/25/6,HDPE pipe,STK,0
HDPE/AF/110/6/1,HDPE pipe,STK,0
HDPE/AF/110/6/50,HDPE pipe,STK,0
HDPE/AF/110/8/1,HDPE pipe,STK,0
HDPE/AF/110/8/50,HDPE pipe,STK,0
HDPE/AF/125/10/1,HDPE pipe,STK,0
HDPE/AF/125/10/11.8,HDPE pipe,STK,0
HDPE/AF/125/10/12,HDPE pipe,STK,0
HDPE/AF/125/10/6,HDPE pipe,STK,0
HDPE/AF/125/12.5/1,HDPE pipe,STK,0
HDPE/AF/125/12.5/11.8,HDPE pipe,STK,0
HDPE/AF/125/12.5/12,HDPE pipe,STK,0
HDPE/AF/125/12.5/6,HDPE pipe,STK,0
HDPE/AF/125/16/1,HDPE pipe,STK,0
HDPE/AF/125/16/11.8,HDPE pipe,STK,0
HDPE/AF/125/16/12,HDPE pipe,STK,0
HDPE/AF/125/16/6,HDPE pipe,STK,0
HDPE/AF/125/20/1,HDPE pipe,STK,0
HDPE/AF/125/20/11.8,HDPE pipe,STK,0
HDPE/AF/125/20/12,HDPE pipe,STK,0
HDPE/AF/125/20/6,HDPE pipe,STK,0
HDPE/AF/125/25/1,HDPE pipe,STK,0
HDPE/AF/125/25/12,HDPE pipe,STK,0
HDPE/AF/125/25/6,HDPE pipe,STK,0
HDPE/AF/125/6/1,HDPE pipe,STK,0
HDPE/AF/125/6/11.8,HDPE pipe,STK,0
HDPE/AF/125/6/12,HDPE pipe,STK,0
HDPE/AF/125/6/6,HDPE pipe,STK,0
HDPE/AF/125/8/1,HDPE pipe,STK,0
HDPE/AF/125/8/11.8,HDPE pipe,STK,0
HDPE/AF/125/8/12,HDPE pipe,STK,0
HDPE/AF/125/8/6,HDPE pipe,STK,0
HDPE/AF/140/10/1,HDPE pipe,STK,0
HDPE/AF/140/10/11.8,HDPE pipe,STK,0
HDPE/AF/140/10/12,HDPE pipe,STK,0
HDPE/AF/140/10/6,HDPE pipe,STK,0
HDPE/AF/140/12.5/1,HDPE pipe,STK,0
HDPE/AF/140/12.5/11.8,HDPE pipe,STK,0
HDPE/AF/140/12.5/12,HDPE pipe,STK,0
HDPE/AF/140/12.5/6,HDPE pipe,STK,0
HDPE/AF/140/16/1,HDPE pipe,STK,0
HDPE/AF/140/16/11.8,HDPE pipe,STK,0
HDPE/AF/140/16/12,HDPE pipe,STK,0
HDPE/AF/140/16/6,HDPE pipe,STK,0
HDPE/AF/140/20/1,HDPE pipe,STK,0
HDPE/AF/140/20/11.8,HDPE pipe,STK,0
HDPE/AF/140/20/12,HDPE pipe,STK,0
HDPE/AF/140/20/6,HDPE pipe,STK,0
HDPE/AF/140/25/1,HDPE pipe,STK,0
HDPE/AF/140/25/12,HDPE pipe,STK,0
HDPE/AF/140/6/1,HDPE pipe,STK,0
HDPE/AF/140/6/11.8,HDPE pipe,STK,0
HDPE/AF/140/6/12,HDPE pipe,STK,0
HDPE/AF/140/6/6,HDPE pipe,STK,0
HDPE/AF/140/8/1,HDPE pipe,STK,0
HDPE/AF/140/8/11.8,HDPE pipe,STK,0
HDPE/AF/140/8/12,HDPE pipe,STK,0
HDPE/AF/140/8/6,HDPE pipe,STK,0
HDPE/AF/16/10/1,HDPE pipe,STK,0
HDPE/AF/16/10/100,HDPE pipe,STK,0
HDPE/AF/16/12.5/100,HDPE pipe,STK,0
HDPE/AF/16/16/100,HDPE pipe,STK,0
HDPE/AF/16/20/100,HDPE pipe,STK,0
HDPE/AF/16/6/1,HDPE pipe,STK,0
HDPE/AF/16/6/100,HDPE pipe,STK,0
HDPE/AF/16/6/200,HDPE pipe,STK,0
HDPE/AF/16/8/100,HDPE pipe,STK,0
HDPE/AF/160/10/1,HDPE pipe,STK,0
HDPE/AF/160/10/11.8,HDPE pipe,STK,0
HDPE/AF/160/10/12,HDPE pipe,STK,0
HDPE/AF/160/10/14,HDPE pipe,STK,0
HDPE/AF/160/10/4,HDPE pipe,STK,0
HDPE/AF/160/10/6,HDPE pipe,STK,0
HDPE/AF/160/10/8,HDPE pipe,STK,0
HDPE/AF/160/12.5/1,HDPE pipe,STK,0
HDPE/AF/160/12.5/11.8,HDPE pipe,STK,0
HDPE/AF/160/12.5/12,HDPE pipe,STK,0
HDPE/AF/160/12.5/2,HDPE pipe,STK,0
HDPE/AF/160/12.5/6,HDPE pipe,STK,0
HDPE/AF/160/16/1,HDPE pipe,STK,0
HDPE/AF/160/16/11.8,HDPE pipe,STK,0
HDPE/AF/160/16/12,HDPE pipe,STK,0
HDPE/AF/160/16/6,HDPE pipe,STK,0
HDPE/AF/160/16/7,HDPE pipe,STK,0
HDPE/AF/160/20/1,HDPE pipe,STK,0
HDPE/AF/160/20/11.8,HDPE pipe,STK,0
HDPE/AF/160/20/12,HDPE pipe,STK,0
HDPE/AF/160/20/6,HDPE pipe,STK,0
HDPE/AF/160/25/1,HDPE pipe,STK,0
HDPE/AF/160/25/11.8,HDPE pipe,STK,0
HDPE/AF/160/25/12,HDPE pipe,STK,0
HDPE/AF/160/25/6,HDPE pipe,STK,0
HDPE/AF/160/6/1,HDPE pipe,STK,0
HDPE/AF/160/6/11.8,HDPE pipe,STK,0
HDPE/AF/160/6/12,HDPE pipe,STK,0
HDPE/AF/160/6/6,HDPE pipe,STK,0
HDPE/AF/160/8/1,HDPE pipe,STK,0
HDPE/AF/160/8/11.8,HDPE pipe,STK,0
HDPE/AF/160/8/12,HDPE pipe,STK,0
HDPE/AF/160/8/6,HDPE pipe,STK,0
HDPE/AF/160/DRAIN/7.9/6,HDPE pipe,STK,0
HDPE/AF/180/10/1,HDPE pipe,STK,0
HDPE/AF/180/10/11.8,HDPE pipe,STK,0
HDPE/AF/180/10/12,HDPE pipe,STK,0
HDPE/AF/180/10/6,HDPE pipe,STK,0
HDPE/AF/180/12.5/1,HDPE pipe,STK,0
HDPE/AF/180/12.5/11.8,HDPE pipe,STK,0
HDPE/AF/180/12.5/12,HDPE pipe,STK,0
HDPE/AF/180/12.5/6,HDPE pipe,STK,0
HDPE/AF/180/16/1,HDPE pipe,STK,0
HDPE/AF/180/16/11.8,HDPE pipe,STK,0
HDPE/AF/180/16/12,HDPE pipe,STK,0
HDPE/AF/180/16/6,HDPE pipe,STK,0
HDPE/AF/180/20/11.8,HDPE pipe,STK,0
HDPE/AF/180/20/12,HDPE pipe,STK,0
HDPE/AF/180/20/6,HDPE pipe,STK,0
HDPE/AF/180/25/1,HDPE pipe,STK,0
HDPE/AF/180/25/12,HDPE pipe,STK,0
HDPE/AF/180/6/1,HDPE pipe,STK,0
HDPE/AF/180/6/11.8,HDPE pipe,STK,0
HDPE/AF/180/6/12,HDPE pipe,STK,0
HDPE/AF/180/6/6,HDPE pipe,STK,0
HDPE/AF/180/8/1,HDPE pipe,STK,0
HDPE/AF/180/8/11.8,HDPE pipe,STK,0
HDPE/AF/180/8/12,HDPE pipe,STK,0
HDPE/AF/180/8/6,HDPE pipe,STK,0
HDPE/AF/20/10/1,HDPE pipe,STK,0
HDPE/AF/20/10/100,HDPE pipe,STK,0
HDPE/AF/20/10/12,HDPE pipe,STK,0
HDPE/AF/20/10/50,HDPE pipe,STK,0
HDPE/AF/20/12.5/1,HDPE pipe,STK,0
HDPE/AF/20/12.5/100,HDPE pipe,STK,0
HDPE/AF/20/12.5/12,HDPE pipe,STK,0
HDPE/AF/20/16/1,HDPE pipe,STK,0
HDPE/AF/20/16/100,HDPE pipe,STK,0
HDPE/AF/20/20/1,HDPE pipe,STK,0
HDPE/AF/20/20/100,HDPE pipe,STK,0
HDPE/AF/20/6/1,HDPE pipe,STK,0
HDPE/AF/20/6/100,HDPE pipe,STK,0
HDPE/AF/20/8/1,HDPE pipe,STK,0
HDPE/AF/20/8/100,HDPE pipe,STK,0
HDPE/AF/200/10/1,HDPE pipe,STK,0
HDPE/AF/200/10/11.8,HDPE pipe,STK,0
HDPE/AF/200/10/12,HDPE pipe,STK,0
HDPE/AF/200/10/6,HDPE pipe,STK,0
HDPE/AF/200/12.5/1,HDPE pipe,STK,0
HDPE/AF/200/12.5/11.8,HDPE pipe,STK,0
HDPE/AF/200/12.5/12,HDPE pipe,STK,0
HDPE/AF/200/12.5/14,HDPE pipe,STK,0
HDPE/AF/200/12.5/5.8,HDPE pipe,STK,0
HDPE/AF/200/12.5/6,HDPE pipe,STK,0
HDPE/AF/200/16/1,HDPE pipe,STK,0
HDPE/AF/200/16/11.8,HDPE pipe,STK,0
HDPE/AF/200/16/12,HDPE pipe,STK,0
HDPE/AF/200/16/6,HDPE pipe,STK,0
HDPE/AF/200/20/1,HDPE pipe,STK,0
HDPE/AF/200/20/11.8,HDPE pipe,STK,0
HDPE/AF/200/20/12,HDPE pipe,STK,0
HDPE/AF/200/20/6,HDPE pipe,STK,0
HDPE/AF/200/25/1,HDPE pipe,STK,0
HDPE/AF/200/25/12,HDPE pipe,STK,0
HDPE/AF/200/25/6,HDPE pipe,STK,0
HDPE/AF/200/6/1,HDPE pipe,STK,0
HDPE/AF/200/6/11.8,HDPE pipe,STK,0
HDPE/AF/200/6/12,HDPE pipe,STK,0
HDPE/AF/200/6/14,HDPE pipe,STK,0
HDPE/AF/200/6/6,HDPE pipe,STK,0
HDPE/AF/200/8/1,HDPE pipe,STK,0
HDPE/AF/200/8/11.8,HDPE pipe,STK,0
HDPE/AF/200/8/12,HDPE pipe,STK,0
HDPE/AF/200/8/6,HDPE pipe,STK,0
HDPE/AF/225/10/1,HDPE pipe,STK,0
HDPE/AF/225/10/11.8,HDPE pipe,STK,0
HDPE/AF/225/10/12,HDPE pipe,STK,0
HDPE/AF/225/10/14,HDPE pipe,STK,0
HDPE/AF/225/10/6,HDPE pipe,STK,0
HDPE/AF/225/12.5/1,HDPE pipe,STK,0
HDPE/AF/225/12.5/11.8,HDPE pipe,STK,0
HDPE/AF/225/12.5/12,HDPE pipe,STK,0
HDPE/AF/225/12.5/6,HDPE pipe,STK,0
HDPE/AF/225/16/1,HDPE pipe,STK,0
HDPE/AF/225/16/11.8,HDPE pipe,STK,0
HDPE/AF/225/16/12,HDPE pipe,STK,0
HDPE/AF/225/16/6,HDPE pipe,STK,0
HDPE/AF/225/20/11.8,HDPE pipe,STK,0
HDPE/AF/225/20/12,HDPE pipe,STK,0
HDPE/AF/225/20/6,HDPE pipe,STK,0
HDPE/AF/225/25/1,HDPE pipe,STK,0
HDPE/AF/225/25/11.8,HDPE pipe,STK,0
HDPE/AF/225/25/12,HDPE pipe,STK,0
HDPE/AF/225/6/1,HDPE pipe,STK,0
HDPE/AF/225/6/11.8,HDPE pipe,STK,0
HDPE/AF/225/6/12,HDPE pipe,STK,0
HDPE/AF/225/6/6,HDPE pipe,STK,0
HDPE/AF/225/8/1,HDPE pipe,STK,0
HDPE/AF/225/8/11.8,HDPE pipe,STK,0
HDPE/AF/225/8/12,HDPE pipe,STK,0
HDPE/AF/225/8/6,HDPE pipe,STK,0
HDPE/AF/225/DRAIN/6/6,HDPE pipe,STK,0
HDPE/AF/25/10/1,HDPE pipe,STK,0
HDPE/AF/25/10/100,HDPE pipe,STK,0
HDPE/AF/25/10/11.8,HDPE pipe,STK,0
HDPE/AF/25/10/200,HDPE pipe,STK,0
HDPE/AF/25/10/50,HDPE pipe,STK,0
HDPE/AF/25/12.5/0.4,HDPE pipe,STK,0
HDPE/AF/25/12.5/1,HDPE pipe,STK,0
HDPE/AF/25/12.5/100,HDPE pipe,STK,0
HDPE/AF/25/16/1,HDPE pipe,STK,0
HDPE/AF/25/16/100,HDPE pipe,STK,0
HDPE/AF/25/16/160,HDPE pipe,STK,0
HDPE/AF/25/20/1,HDPE pipe,STK,0
HDPE/AF/25/20/100,HDPE pipe,STK,0
HDPE/AF/25/25/100,HDPE pipe,STK,0
HDPE/AF/25/6/1,HDPE pipe,STK,0
HDPE/AF/25/6/100,HDPE pipe,STK,0
HDPE/AF/25/8/1,HDPE pipe,STK,0
HDPE/AF/25/8/100,HDPE pipe,STK,0
HDPE/AF/250/10/1,HDPE pipe,STK,0
HDPE/AF/250/10/11.8,HDPE pipe,STK,0
HDPE/AF/250/10/12,HDPE pipe,STK,0
HDPE/AF/250/10/6,HDPE pipe,STK,0
HDPE/AF/250/12.5/1,HDPE pipe,STK,0
HDPE/AF/250/12.5/11.8,HDPE pipe,STK,0
HDPE/AF/250/12.5/12,HDPE pipe,STK,0
HDPE/AF/250/12.5/6,HDPE pipe,STK,0
HDPE/AF/250/16/1,HDPE pipe,STK,0
HDPE/AF/250/16/11.8,HDPE pipe,STK,0
HDPE/AF/250/16/12,HDPE pipe,STK,0
HDPE/AF/250/16/6,HDPE pipe,STK,0
HDPE/AF/250/20/1,HDPE pipe,STK,0
HDPE/AF/250/20/11.8,HDPE pipe,STK,0
HDPE/AF/250/20/12,HDPE pipe,STK,0
HDPE/AF/250/20/6,HDPE pipe,STK,0
HDPE/AF/250/25/1,HDPE pipe,STK,0
HDPE/AF/250/25/11.8,HDPE pipe,STK,0
HDPE/AF/250/25/12,HDPE pipe,STK,0
HDPE/AF/250/6/1,HDPE pipe,STK,0
HDPE/AF/250/6/11,HDPE pipe,STK,0
HDPE/AF/250/6/11.8,HDPE pipe,STK,0
HDPE/AF/250/6/12,HDPE pipe,STK,0
HDPE/AF/250/6/6,HDPE pipe,STK,0
HDPE/AF/250/8/1,HDPE pipe,STK,0
HDPE/AF/250/8/11.8,HDPE pipe,STK,0
HDPE/AF/250/8/12,HDPE pipe,STK,0
HDPE/AF/250/8/6,HDPE pipe,STK,0
HDPE/AF/280/10/1,HDPE pipe,STK,0
HDPE/AF/280/10/10,HDPE pipe,STK,0
HDPE/AF/280/10/11.8,HDPE pipe,STK,0
HDPE/AF/280/10/12,HDPE pipe,STK,0
HDPE/AF/280/10/14,HDPE pipe,STK,0
HDPE/AF/280/10/6,HDPE pipe,STK,0
HDPE/AF/280/12.5/1,HDPE pipe,STK,0
HDPE/AF/280/12.5/11.8,HDPE pipe,STK,0
HDPE/AF/280/12.5/12,HDPE pipe,STK,0
HDPE/AF/280/12.5/6,HDPE pipe,STK,0
HDPE/AF/280/16/1,HDPE pipe,STK,0
HDPE/AF/280/16/11.8,HDPE pipe,STK,0
HDPE/AF/280/16/12,HDPE pipe,STK,0
HDPE/AF/280/16/14,HDPE pipe,STK,0
HDPE/AF/280/16/6,HDPE pipe,STK,0
HDPE/AF/280/16/8,HDPE pipe,STK,0
HDPE/AF/280/20/11.8,HDPE pipe,STK,0
HDPE/AF/280/20/12,HDPE pipe,STK,0
HDPE/AF/280/20/6,HDPE pipe,STK,0
HDPE/AF/280/6/1,HDPE pipe,STK,0
HDPE/AF/280/6/11.8,HDPE pipe,STK,0
HDPE/AF/280/6/12,HDPE pipe,STK,0
HDPE/AF/280/6/6,HDPE pipe,STK,0
HDPE/AF/280/8/1,HDPE pipe,STK,0
HDPE/AF/280/8/11.8,HDPE pipe,STK,0
HDPE/AF/280/8/12,HDPE pipe,STK,0
HDPE/AF/280/8/6,HDPE pipe,STK,0
HDPE/AF/300/6/12,HDPE pipe,STK,0
HDPE/AF/300/6/8,HDPE pipe,STK,0
HDPE/AF/315/10/1,HDPE pipe,STK,0
HDPE/AF/315/10/11.8,HDPE pipe,STK,0
HDPE/AF/315/10/12,HDPE pipe,STK,0
HDPE/AF/315/10/6,HDPE pipe,STK,0
HDPE/AF/315/12.5/1,HDPE pipe,STK,0
HDPE/AF/315/12.5/11.8,HDPE pipe,STK,0
HDPE/AF/315/12.5/12,HDPE pipe,STK,0
HDPE/AF/315/12.5/14,HDPE pipe,STK,0
HDPE/AF/315/12.5/6,HDPE pipe,STK,0
HDPE/AF/315/16/1,HDPE pipe,STK,0
HDPE/AF/315/16/11.8,HDPE pipe,STK,0
HDPE/AF/315/16/12,HDPE pipe,STK,0
HDPE/AF/315/16/6,HDPE pipe,STK,0
HDPE/AF/315/20/1,HDPE pipe,STK,0
HDPE/AF/315/20/11.8,HDPE pipe,STK,0
HDPE/AF/315/20/12,HDPE pipe,STK,0
HDPE/AF/315/20/6,HDPE pipe,STK,0
HDPE/AF/315/25/1,HDPE pipe,STK,0
HDPE/AF/315/25/11.8,HDPE pipe,STK,0
HDPE/AF/315/25/12,HDPE pipe,STK,0
HDPE/AF/315/25/20,HDPE pipe,STK,0
HDPE/AF/315/25/6,HDPE pipe,STK,0
HDPE/AF/315/6/1,HDPE pipe,STK,0
HDPE/AF/315/6/11.8,HDPE pipe,STK,0
HDPE/AF/315/6/12,HDPE pipe,STK,0
HDPE/AF/315/6/6,HDPE pipe,STK,0
HDPE/AF/315/8/1,HDPE pipe,STK,0
HDPE/AF/315/8/11.8,HDPE pipe,STK,0
HDPE/AF/315/8/12,HDPE pipe,STK,0
HDPE/AF/315/8/6,HDPE pipe,STK,0
HDPE/AF/32/10/1,HDPE pipe,STK,0
HDPE/AF/32/10/100,HDPE pipe,STK,0
HDPE/AF/32/10/11.8,HDPE pipe,STK,0
HDPE/AF/32/10/50,HDPE pipe,STK,0
HDPE/AF/32/10/500,HDPE pipe,STK,0
HDPE/AF/32/12.5/1,HDPE pipe,STK,0
HDPE/AF/32/12.5/100,HDPE pipe,STK,0
HDPE/AF/32/16/1,HDPE pipe,STK,0
HDPE/AF/32/16/100,HDPE pipe,STK,0
HDPE/AF/32/16/11.8,HDPE pipe,STK,0
HDPE/AF/32/16/50,HDPE pipe,STK,0
HDPE/AF/32/20/1,HDPE pipe,STK,0
HDPE/AF/32/20/100,HDPE pipe,STK,0
HDPE/AF/32/25/1,HDPE pipe,STK,0
HDPE/AF/32/25/100,HDPE pipe,STK,0
HDPE/AF/32/4/100,HDPE pipe,STK,0
HDPE/AF/32/5/100,HDPE pipe,STK,0
HDPE/AF/32/6/1,HDPE pipe,STK,0
HDPE/AF/32/6/100,HDPE pipe,STK,0
HDPE/AF/32/6/200,HDPE pipe,STK,0
HDPE/AF/32/8/1,HDPE pipe,STK,0
HDPE/AF/32/8/100,HDPE pipe,STK,0
HDPE/AF/32/8/50,HDPE pipe,STK,0
HDPE/AF/355/10/1,HDPE pipe,STK,0
HDPE/AF/355/10/11.8,HDPE pipe,STK,0
HDPE/AF/355/10/12,HDPE pipe,STK,0
HDPE/AF/355/10/6,HDPE pipe,STK,0
HDPE/AF/355/12.5/1,HDPE pipe,STK,0
HDPE/AF/355/12.5/11.8,HDPE pipe,STK,0
HDPE/AF/355/12.5/12,HDPE pipe,STK,0
HDPE/AF/355/12.5/6,HDPE pipe,STK,0
HDPE/AF/355/16/1,HDPE pipe,STK,0
HDPE/AF/355/16/11.8,HDPE pipe,STK,0
HDPE/AF/355/16/12,HDPE pipe,STK,0
HDPE/AF/355/16/6,HDPE pipe,STK,0
HDPE/AF/355/20/1,HDPE pipe,STK,0
HDPE/AF/355/20/11.8,HDPE pipe,STK,0
HDPE/AF/355/20/12,HDPE pipe,STK,0
HDPE/AF/355/20/6,HDPE pipe,STK,0
HDPE/AF/355/25/1,HDPE pipe,STK,0
HDPE/AF/355/25/11.8,HDPE pipe,STK,0
HDPE/AF/355/6/1,HDPE pipe,STK,0
HDPE/AF/355/6/11.8,HDPE pipe,STK,0
HDPE/AF/355/6/12,HDPE pipe,STK,0
HDPE/AF/355/6/6,HDPE pipe,STK,0
HDPE/AF/355/8/1,HDPE pipe,STK,0
HDPE/AF/355/8/11.8,HDPE pipe,STK,0
HDPE/AF/355/8/12,HDPE pipe,STK,0
HDPE/AF/355/8/6,HDPE pipe,STK,0
HDPE/AF/40/10/1,HDPE pipe,STK,0
HDPE/AF/40/10/100,HDPE pipe,STK,0
HDPE/AF/40/10/11.8,HDPE pipe,STK,0
HDPE/AF/40/10/50,HDPE pipe,STK,0
HDPE/AF/40/12.5/1,HDPE pipe,STK,0
HDPE/AF/40/12.5/100,HDPE pipe,STK,0
HDPE/AF/40/16/1,HDPE pipe,STK,0
HDPE/AF/40/16/100,HDPE pipe,STK,0
HDPE/AF/40/16/11.8,HDPE pipe,STK,0
HDPE/AF/40/16/140,HDPE pipe,STK,0
HDPE/AF/40/20/1,HDPE pipe,STK,0
HDPE/AF/40/20/100,HDPE pipe,STK,0
HDPE/AF/40/20/250,HDPE pipe,STK,0
HDPE/AF/40/25/1,HDPE pipe,STK,0
HDPE/AF/40/25/100,HDPE pipe,STK,0
HDPE/AF/40/4/100,HDPE pipe,STK,0
HDPE/AF/40/5/100,HDPE pipe,STK,0
HDPE/AF/40/6/1,HDPE pipe,STK,0
HDPE/AF/40/6/100,HDPE pipe,STK,0
HDPE/AF/40/8/1,HDPE pipe,STK,0
HDPE/AF/40/8/100,HDPE pipe,STK,0
HDPE/AF/400/10/1,HDPE pipe,STK,0
HDPE/AF/400/10/11.8,HDPE pipe,STK,0
HDPE/AF/400/10/12,HDPE pipe,STK,0
HDPE/AF/400/10/6,HDPE pipe,STK,0
HDPE/AF/400/12.5/1,HDPE pipe,STK,0
HDPE/AF/400/12.5/11.8,HDPE pipe,STK,0
HDPE/AF/400/12.5/12,HDPE pipe,STK,0
HDPE/AF/400/12.5/6,HDPE pipe,STK,0
HDPE/AF/400/16/1,HDPE pipe,STK,0
HDPE/AF/400/16/11.8,HDPE pipe,STK,0
HDPE/AF/400/16/12,HDPE pipe,STK,0
HDPE/AF/400/16/6,HDPE pipe,STK,0
HDPE/AF/400/20/11.8,HDPE pipe,STK,0
HDPE/AF/400/20/12,HDPE pipe,STK,0
HDPE/AF/400/20/6,HDPE pipe,STK,0
HDPE/AF/400/25/1,HDPE pipe,STK,0
HDPE/AF/400/25/11.8,HDPE pipe,STK,0
HDPE/AF/400/6/1,HDPE pipe,STK,0
HDPE/AF/400/6/11.8,HDPE pipe,STK,0
HDPE/AF/400/6/12,HDPE pipe,STK,0
HDPE/AF/400/6/6,HDPE pipe,STK,0
HDPE/AF/400/8/1,HDPE pipe,STK,0
HDPE/AF/400/8/11.8,HDPE pipe,STK,0
HDPE/AF/400/8/12,HDPE pipe,STK,0
HDPE/AF/400/8/6,HDPE pipe,STK,0
HDPE/AF/450/10/1,HDPE pipe,STK,0
HDPE/AF/450/10/11.8,HDPE pipe,STK,0
HDPE/AF/450/10/12,HDPE pipe,STK,0
HDPE/AF/450/10/6,HDPE pipe,STK,0
HDPE/AF/450/12.5/1,HDPE pipe,STK,0
HDPE/AF/450/12.5/11.8,HDPE pipe,STK,0
HDPE/AF/450/12.5/12,HDPE pipe,STK,0
HDPE/AF/450/16/1,HDPE pipe,STK,0
HDPE/AF/450/16/12,HDPE pipe,STK,0
HDPE/AF/450/25/1,HDPE pipe,STK,0
HDPE/AF/450/25/11.8,HDPE pipe,STK,0
HDPE/AF/450/6/12,HDPE pipe,STK,0
HDPE/AF/450/6/6,HDPE pipe,STK,0
HDPE/AF/450/8/1,HDPE pipe,STK,0
HDPE/AF/450/8/12,HDPE pipe,STK,0
HDPE/AF/50/10/1,HDPE pipe,STK,0
HDPE/AF/50/10/100,HDPE pipe,STK,0
HDPE/AF/50/10/11.8,HDPE pipe,STK,0
HDPE/AF/50/12.5/1,HDPE pipe,STK,0
HDPE/AF/50/12.5/100,HDPE pipe,STK,0
HDPE/AF/50/16/1,HDPE pipe,STK,0
HDPE/AF/50/16/100,HDPE pipe,STK,0
HDPE/AF/50/16/200,HDPE pipe,STK,0
HDPE/AF/50/20/1,HDPE pipe,STK,0
HDPE/AF/50/20/100,HDPE pipe,STK,0
HDPE/AF/50/25/1,HDPE pipe,STK,0
HDPE/AF/50/25/100,HDPE pipe,STK,0
HDPE/AF/50/4/100,HDPE pipe,STK,0
HDPE/AF/50/5/100,HDPE pipe,STK,0
HDPE/AF/50/6/1,HDPE pipe,STK,0
HDPE/AF/50/6/100,HDPE pipe,STK,0
HDPE/AF/50/8/1,HDPE pipe,STK,0
HDPE/AF/50/8/100,HDPE pipe,STK,0
HDPE/AF/50/8/200,HDPE pipe,STK,0
HDPE/AF/500/10/1,HDPE pipe,STK,0
HDPE/AF/500/10/11.8,HDPE pipe,STK,0
HDPE/AF/500/10/12,HDPE pipe,STK,0
HDPE/AF/500/10/6,HDPE pipe,STK,0
HDPE/AF/500/12.5/1,HDPE pipe,STK,0
HDPE/AF/500/12.5/11.8,HDPE pipe,STK,0
HDPE/AF/500/12.5/12,HDPE pipe,STK,0
HDPE/AF/500/16/1,HDPE pipe,STK,0
HDPE/AF/500/16/12,HDPE pipe,STK,0
HDPE/AF/500/16/6,HDPE pipe,STK,0
HDPE/AF/500/6/1,HDPE pipe,STK,0
HDPE/AF/500/6/12,HDPE pipe,STK,0
HDPE/AF/560/10/1,HDPE pipe,STK,0
HDPE/AF/560/10/12,HDPE pipe,STK,0
HDPE/AF/560/10/6,HDPE pipe,STK,0
HDPE/AF/560/12.5/1,HDPE pipe,STK,0
HDPE/AF/560/12.5/11.8,HDPE pipe,STK,0
HDPE/AF/560/12.5/12,HDPE pipe,STK,0
HDPE/AF/560/6/12,HDPE pipe,STK,0
HDPE/AF/560/8/1,HDPE pipe,STK,0
HDPE/AF/560/8/12,HDPE pipe,STK,0
HDPE/AF/560/8/6,HDPE pipe,STK,0
HDPE/AF/63/10/1,HDPE pipe,STK,0
HDPE/AF/63/10/100,HDPE pipe,STK,0
HDPE/AF/63/10/11.8,HDPE pipe,STK,0
HDPE/AF/63/10/200,HDPE pipe,STK,0
HDPE/AF/63/10/50,HDPE pipe,STK,0
HDPE/AF/63/12.5/1,HDPE pipe,STK,0
HDPE/AF/63/12.5/100,HDPE pipe,STK,0
HDPE/AF/63/16/1,HDPE pipe,STK,0
HDPE/AF/63/16/100,HDPE pipe,STK,0
HDPE/AF/63/16/50,HDPE pipe,STK,0
HDPE/AF/63/20/1,HDPE pipe,STK,0
HDPE/AF/63/20/100,HDPE pipe,STK,0
HDPE/AF/63/20/150,HDPE pipe,STK,0
HDPE/AF/63/20/50,HDPE pipe,STK,0
HDPE/AF/63/25/1,HDPE pipe,STK,0
HDPE/AF/63/25/100,HDPE pipe,STK,0
HDPE/AF/63/4/100,HDPE pipe,STK,0
HDPE/AF/63/5/100,HDPE pipe,STK,0
HDPE/AF/63/6/1,HDPE pipe,STK,0
HDPE/AF/63/6/100,HDPE pipe,STK,0
HDPE/AF/63/8/1,HDPE pipe,STK,0
HDPE/AF/63/8/100,HDPE pipe,STK,0
HDPE/AF/630/10/1,HDPE pipe,STK,0
HDPE/AF/630/10/11.8,HDPE pipe,STK,0
HDPE/AF/630/10/12,HDPE pipe,STK,0
HDPE/AF/630/10/6,HDPE pipe,STK,0
HDPE/AF/630/12.5/1,HDPE pipe,STK,0
HDPE/AF/630/12.5/11.8,HDPE pipe,STK,0
HDPE/AF/630/16/1,HDPE pipe,STK,0
HDPE/AF/630/16/12,HDPE pipe,STK,0
HDPE/AF/630/16/6,HDPE pipe,STK,0
HDPE/AF/630/6/1,HDPE pipe,STK,0
HDPE/AF/630/6/12,HDPE pipe,STK,0
HDPE/AF/630/8/1,HDPE pipe,STK,0
HDPE/AF/630/8/12,HDPE pipe,STK,0
HDPE/AF/710/10/1,HDPE pipe,STK,0
HDPE/AF/710/10/11.8,HDPE pipe,STK,0
HDPE/AF/710/10/12,HDPE pipe,STK,0
HDPE/AF/710/10/5.8,HDPE pipe,STK,0
HDPE/AF/75/10/1,HDPE pipe,STK,0
HDPE/AF/75/10/100,HDPE pipe,STK,0
HDPE/AF/75/10/11.8,HDPE pipe,STK,0
HDPE/AF/75/12.5/1,HDPE pipe,STK,0
HDPE/AF/75/12.5/100,HDPE pipe,STK,0
HDPE/AF/75/12.5/11.8,HDPE pipe,STK,0
HDPE/AF/75/16/1,HDPE pipe,STK,0
HDPE/AF/75/16/100,HDPE pipe,STK,0
HDPE/AF/75/16/11.8,HDPE pipe,STK,0
HDPE/AF/75/20/1,HDPE pipe,STK,0
HDPE/AF/75/20/100,HDPE pipe,STK,0
HDPE/AF/75/25/100,HDPE pipe,STK,0
HDPE/AF/75/6/1,HDPE pipe,STK,0
HDPE/AF/75/6/100,HDPE pipe,STK,0
HDPE/AF/75/8/1,HDPE pipe,STK,0
HDPE/AF/75/8/100,HDPE pipe,STK,0
HDPE/AF/90/10/1,HDPE pipe,STK,0
HDPE/AF/90/10/100,HDPE pipe,STK,0
HDPE/AF/90/10/11.8,HDPE pipe,STK,0
HDPE/AF/90/12.5/1,HDPE pipe,STK,0
HDPE/AF/90/12.5/100,HDPE pipe,STK,0
HDPE/AF/90/12.5/11.8,HDPE pipe,STK,0
HDPE/AF/90/16/1,HDPE pipe,STK,0
HDPE/AF/90/16/100,HDPE pipe,STK,0
HDPE/AF/90/16/150,HDPE pipe,STK,0
HDPE/AF/90/20/1,HDPE pipe,STK,0
HDPE/AF/90/20/100,HDPE pipe,STK,0
HDPE/AF/90/20/11.8,HDPE pipe,STK,0
HDPE/AF/90/25/1,HDPE pipe,STK,0
HDPE/AF/90/25/100,HDPE pipe,STK,0
HDPE/AF/90/25/11.8,HDPE pipe,STK,0
HDPE/AF/90/25/12,HDPE pipe,STK,0
HDPE/AF/90/6/1,HDPE pipe,STK,0
HDPE/AF/90/6/100,HDPE pipe,STK,0
HDPE/AF/90/8/1,HDPE pipe,STK,0
HDPE/AF/90/8/100,HDPE pipe,STK,0
HDPE/COOL/TOWER/300TR,HDPE pipe,STK,0
HDPE/EP/125/5.4/5.85,ECOPOLE Casing,STK,0
HDPE/EP/125/5.4/6.85,ECOPOLE Casing,STK,0
HDPE/EP/125/5.4/7.85,ECOPOLE Casing,STK,0
HDPE/EP/160/5.9/7.9,ECOPOLE Casing,STK,0
HDPE/EP/160/5.9/9.9,ECOPOLE Casing,STK,0
HDPE/EP/160/6/7.85,ECOPOLE Casing,STK,0
HDPE/EP/160/6/8.9,ECOPOLE Casing,STK,0
HDPE/EP/180/4.6/8.8,ECOPOLE Casing,STK,0
HDPE/EP/180/4.6/9.8,ECOPOLE Casing,STK,0
HDPE/EP/180/5.9/8.85,ECOPOLE Casing,STK,0
HDPE/EP/180/6.5/8.85,ECOPOLE Casing,STK,0
HDPE/EP/180/6/7.9,ECOPOLE Casing,STK,0
HDPE/EP/180/7/9.85,ECOPOLE Casing,STK,0
HDPE/EP/180/8.8,ECOPOLE Casing,STK,0
HDPE/EP/200/12,ECOPOLE Casing,STK,0
HDPE/EP/200/6/10.85,ECOPOLE Casing,STK,0
HDPE/EP/200/6/8.85,ECOPOLE Casing,STK,0
HDPE/EP/200/6/9.85,ECOPOLE Casing,STK,0
HDPE/EP/200/8,ECOPOLE Casing,STK,0
HDPE/EP/225/6,ECOPOLE Casing,STK,0
HDPE/EP/225/6.5/10.95,ECOPOLE Casing,STK,0
HDPE/EP/225/6.5/11.95,ECOPOLE Casing,STK,0
HDPE/EP/225/6.5/9.9,ECOPOLE Casing,STK,0
HDPE/EP/225/6.9/10.9,ECOPOLE Casing,STK,0
HDPE/EP/225/6.9/11.9,ECOPOLE Casing,STK,0
HDPE/EP/225/6.9/9.9,ECOPOLE Casing,STK,0
HDPE/EP/225/6/1,ECOPOLE Casing,STK,0
HDPE/EP/225/6/10,ECOPOLE Casing,STK,0
HDPE/EP/225/6/10.85,ECOPOLE Casing,STK,0
HDPE/EP/225/6/11.75,ECOPOLE Casing,STK,0
HDPE/EP/225/6/11.85,ECOPOLE Casing,STK,0
HDPE/EP/225/6/9.8,ECOPOLE Casing,STK,0
HDPE/EP/225/6/9.85,ECOPOLE Casing,STK,0
HDPE/EP/225/7/10.9,ECOPOLE Casing,STK,0
HDPE/EP/225/7/8.9,ECOPOLE Casing,STK,0
HDPE/EP/225/7/9.9,ECOPOLE Casing,STK,0
HDPE/EP/225/9.7,ECOPOLE Casing,STK,0
HDPE/EP/225/9.7/ATR,ECOPOLE Casing,STK,0
HDPE/EP/225/9.9/ATR,ECOPOLE Casing,STK,0
HDPE/EP/300/12,HDPE pipe,STK,0
HDPE/EP/300/14,ECOPOLE Casing,STK,0
HDPE/EP/300/14/ATR,ECOPOLE Casing,STK,0
HDPE/EP/300/8,HDPE pipe,STK,0
HDPE/EP/300/9.7,ECOPOLE Casing,STK,0
HDPE/EP/300/9.7/ATR,ECOPOLE Casing,STK,0
HDPE/EP/315/9/10,ECOPOLE Casing,STK,0
HDPE/EP/315/9/12,ECOPOLE Casing,STK,0
HDPE/EP/315/9/14,ECOPOLE Casing,STK,0
HDPE/EP/315/9/8,ECOPOLE Casing,STK,0
HDPE/EP/315/9/9,ECOPOLE Casing,STK,0
HDPE/EP/ENDCAP/225,ECOPOLE Casing,STK,0
HDPE/EP/ENDCAP/225/ATR,ECOPOLE Casing,STK,0
HDPE/FT/BF/ALLFLGEQT90/315/10,HDPE Fittings,STK,0
HDPE/FT/BF/ALLFLGEQT90/315/12.,HDPE Fittings,STK,0
HDPE/FT/BF/ALLFLGEQT90/315/16,HDPE Fittings,STK,0
HDPE/FT/BF/ALLFLGEQT90/315/20,HDPE Fittings,STK,0
HDPE/FT/BF/ALLFLGEQT90/315/25,HDPE Fittings,STK,0
HDPE/FT/BF/BEND90/315/25/3D,HDPE Fittings,STK,0
HDPE/FT/BF/CROSS160/13.6,HDPE Fittings,STK,0
HDPE/FT/BF/ELBOW11/110/16,HDPE Fittings,STK,0
HDPE/FT/BF/ELBOW11/125/16,HDPE Fittings,STK,0
HDPE/FT/BF/ELBOW11/140/16,HDPE Fittings,STK,0
HDPE/FT/BF/ELBOW11/160/16,HDPE Fittings,STK,0
HDPE/FT/BF/ELBOW11/180/16,HDPE Fittings,STK,0
HDPE/FT/BF/ELBOW11/200/16,HDPE Fittings,STK,0
HDPE/FT/BF/ELBOW11/225/16,HDPE Fittings,STK,0
HDPE/FT/BF/ELBOW11/250/16,HDPE Fittings,STK,0
HDPE/FT/BF/ELBOW11/280/16,HDPE Fittings,STK,0
HDPE/FT/BF/ELBOW11/315/16,HDPE Fittings,STK,0
HDPE/FT/BF/ELBOW11/315/20,HDPE Fittings,STK,0
HDPE/FT/BF/ELBOW11/315/25,HDPE Fittings,STK,0
HDPE/FT/BF/ELBOW11/355/16,HDPE Fittings,STK,0
HDPE/FT/BF/ELBOW11/400/16,HDPE Fittings,STK,0
HDPE/FT/BF/ELBOW11/90/16,HDPE Fittings,STK,0
HDPE/FT/BF/ELBOW22/110/16,HDPE Fittings,STK,0
HDPE/FT/BF/ELBOW22/125/16,HDPE Fittings,STK,0
HDPE/FT/BF/ELBOW22/140/16,HDPE Fittings,STK,0
HDPE/FT/BF/ELBOW22/160/16,HDPE Fittings,STK,0
HDPE/FT/BF/ELBOW22/180/16,HDPE Fittings,STK,0
HDPE/FT/BF/ELBOW22/200/16,HDPE Fittings,STK,0
HDPE/FT/BF/ELBOW22/225/16,HDPE Fittings,STK,0
HDPE/FT/BF/ELBOW22/250/16,HDPE Fittings,STK,0
HDPE/FT/BF/ELBOW22/280/10,HDPE Fittings,STK,0
HDPE/FT/BF/ELBOW22/280/16,HDPE Fittings,STK,0
HDPE/FT/BF/ELBOW22/315/12.5,HDPE Fittings,STK,0
HDPE/FT/BF/ELBOW22/315/16,HDPE Fittings,STK,0
HDPE/FT/BF/ELBOW22/315/20,HDPE Fittings,STK,0
HDPE/FT/BF/ELBOW22/315/25,HDPE Fittings,STK,0
HDPE/FT/BF/ELBOW22/355/16,HDPE Fittings,STK,0
HDPE/FT/BF/ELBOW22/400/16,HDPE Fittings,STK,0
HDPE/FT/BF/ELBOW22/500/16,HDPE Fittings,STK,0
HDPE/FT/BF/ELBOW22/90/16,HDPE Fittings,STK,0
HDPE/FT/BF/ELBOW30/110/16,HDPE Fittings,STK,0
HDPE/FT/BF/ELBOW30/125/16,HDPE Fittings,STK,0
HDPE/FT/BF/ELBOW30/140/16,HDPE Fittings,STK,0
HDPE/FT/BF/ELBOW30/160/16,HDPE Fittings,STK,0
HDPE/FT/BF/ELBOW30/180/16,HDPE Fittings,STK,0
HDPE/FT/BF/ELBOW30/200/16,HDPE Fittings,STK,0
HDPE/FT/BF/ELBOW30/225/16,HDPE Fittings,STK,0
HDPE/FT/BF/ELBOW30/250/16,HDPE Fittings,STK,0
HDPE/FT/BF/ELBOW30/280/16,HDPE Fittings,STK,0
HDPE/FT/BF/ELBOW30/315/16,HDPE Fittings,STK,0
HDPE/FT/BF/ELBOW30/355/16,HDPE Fittings,STK,0
HDPE/FT/BF/ELBOW30/400/16,HDPE Fittings,STK,0
HDPE/FT/BF/ELBOW30/500/16,HDPE Fittings,STK,0
HDPE/FT/BF/ELBOW30/90/16,HDPE Fittings,STK,0
HDPE/FT/BF/ELBOW45/110/10,HDPE Fittings,STK,0
HDPE/FT/BF/ELBOW45/110/16,HDPE Fittings,STK,0
HDPE/FT/BF/ELBOW45/110/20,HDPE Fittings,STK,0
HDPE/FT/BF/ELBOW45/110/25,HDPE Fittings,STK,0
HDPE/FT/BF/ELBOW45/125/10,HDPE Fittings,STK,0
HDPE/FT/BF/ELBOW45/125/16,HDPE Fittings,STK,0
HDPE/FT/BF/ELBOW45/125/20,HDPE Fittings,STK,0
HDPE/FT/BF/ELBOW45/140/10,HDPE Fittings,STK,0
HDPE/FT/BF/ELBOW45/140/16,HDPE Fittings,STK,0
HDPE/FT/BF/ELBOW45/160/10,HDPE Fittings,STK,0
HDPE/FT/BF/ELBOW45/160/16,HDPE Fittings,STK,0
HDPE/FT/BF/ELBOW45/180/16,HDPE Fittings,STK,0
HDPE/FT/BF/ELBOW45/20/16,HDPE Fittings,STK,0
HDPE/FT/BF/ELBOW45/200/10,HDPE Fittings,STK,0
HDPE/FT/BF/ELBOW45/200/16,HDPE Fittings,STK,0
HDPE/FT/BF/ELBOW45/225/16,HDPE Fittings,STK,0
HDPE/FT/BF/ELBOW45/25/16,HDPE Fittings,STK,0
HDPE/FT/BF/ELBOW45/250/10,HDPE Fittings,STK,0
HDPE/FT/BF/ELBOW45/250/16,HDPE Fittings,STK,0
HDPE/FT/BF/ELBOW45/280/10,HDPE Fittings,STK,0
HDPE/FT/BF/ELBOW45/280/16,HDPE Fittings,STK,0
HDPE/FT/BF/ELBOW45/315/10,HDPE Fittings,STK,0
HDPE/FT/BF/ELBOW45/315/12.5,HDPE Fittings,STK,0
HDPE/FT/BF/ELBOW45/315/16,HDPE Fittings,STK,0
HDPE/FT/BF/ELBOW45/315/20,HDPE Fittings,STK,0
HDPE/FT/BF/ELBOW45/315/25,HDPE Fittings,STK,0
HDPE/FT/BF/ELBOW45/32/16,HDPE Fittings,STK,0
HDPE/FT/BF/ELBOW45/355/16,HDPE Fittings,STK,0
HDPE/FT/BF/ELBOW45/40/16,HDPE Fittings,STK,0
HDPE/FT/BF/ELBOW45/400/10,HDPE Fittings,STK,0
HDPE/FT/BF/ELBOW45/400/16,HDPE Fittings,STK,0
HDPE/FT/BF/ELBOW45/450/16,HDPE Fittings,STK,0
HDPE/FT/BF/ELBOW45/450/25,HDPE Fittings,STK,0
HDPE/FT/BF/ELBOW45/50/10,HDPE Fittings,STK,0
HDPE/FT/BF/ELBOW45/50/16,HDPE Fittings,STK,0
HDPE/FT/BF/ELBOW45/500/10,HDPE Fittings,STK,0
HDPE/FT/BF/ELBOW45/500/16,HDPE Fittings,STK,0
HDPE/FT/BF/ELBOW45/63/10,HDPE Fittings,STK,0
HDPE/FT/BF/ELBOW45/63/16,HDPE Fittings,STK,0
HDPE/FT/BF/ELBOW45/630/10,HDPE Fittings,STK,0
HDPE/FT/BF/ELBOW45/75/10,HDPE Fittings,STK,0
HDPE/FT/BF/ELBOW45/75/16,HDPE Fittings,STK,0
HDPE/FT/BF/ELBOW45/90/10,HDPE Fittings,STK,0
HDPE/FT/BF/ELBOW45/90/16,HDPE Fittings,STK,0
HDPE/FT/BF/ELBOW60/110/16,HDPE Fittings,STK,0
HDPE/FT/BF/ELBOW60/125/16,HDPE Fittings,STK,0
HDPE/FT/BF/ELBOW60/140/16,HDPE Fittings,STK,0
HDPE/FT/BF/ELBOW60/160/16,HDPE Fittings,STK,0
HDPE/FT/BF/ELBOW60/180/10,HDPE Fittings,STK,0
HDPE/FT/BF/ELBOW60/180/16,HDPE Fittings,STK,0
HDPE/FT/BF/ELBOW60/200/16,HDPE Fittings,STK,0
HDPE/FT/BF/ELBOW60/225/16,HDPE Fittings,STK,0
HDPE/FT/BF/ELBOW60/250/16,HDPE Fittings,STK,0
HDPE/FT/BF/ELBOW60/280/16,HDPE Fittings,STK,0
HDPE/FT/BF/ELBOW60/315/16,HDPE Fittings,STK,0
HDPE/FT/BF/ELBOW60/355/16,HDPE Fittings,STK,0
HDPE/FT/BF/ELBOW60/400/16,HDPE Fittings,STK,0
HDPE/FT/BF/ELBOW60/90/16,HDPE Fittings,STK,0
HDPE/FT/BF/ELBOW90/110/10,HDPE Fittings,STK,0
HDPE/FT/BF/ELBOW90/110/16,HDPE Fittings,STK,0
HDPE/FT/BF/ELBOW90/125/10,HDPE Fittings,STK,0
HDPE/FT/BF/ELBOW90/125/16,HDPE Fittings,STK,0
HDPE/FT/BF/ELBOW90/140/10,HDPE Fittings,STK,0
HDPE/FT/BF/ELBOW90/140/16,HDPE Fittings,STK,0
HDPE/FT/BF/ELBOW90/160/10,HDPE Fittings,STK,0
HDPE/FT/BF/ELBOW90/160/16,HDPE Fittings,STK,0
HDPE/FT/BF/ELBOW90/180/10,HDPE Fittings,STK,0
HDPE/FT/BF/ELBOW90/180/16,HDPE Fittings,STK,0
HDPE/FT/BF/ELBOW90/20/16,HDPE Fittings,STK,0
HDPE/FT/BF/ELBOW90/200/10,HDPE Fittings,STK,0
HDPE/FT/BF/ELBOW90/200/16,HDPE Fittings,STK,0
HDPE/FT/BF/ELBOW90/225/10,HDPE Fittings,STK,0
HDPE/FT/BF/ELBOW90/225/16,HDPE Fittings,STK,0
HDPE/FT/BF/ELBOW90/25/16,HDPE Fittings,STK,0
HDPE/FT/BF/ELBOW90/250/16,HDPE Fittings,STK,0
HDPE/FT/BF/ELBOW90/280/10,HDPE Fittings,STK,0
HDPE/FT/BF/ELBOW90/280/16,HDPE Fittings,STK,0
HDPE/FT/BF/ELBOW90/315/10,HDPE Fittings,STK,0
HDPE/FT/BF/ELBOW90/315/16,HDPE Fittings,STK,0
HDPE/FT/BF/ELBOW90/32/10,HDPE Fittings,STK,0
HDPE/FT/BF/ELBOW90/32/16,HDPE Fittings,STK,0
HDPE/FT/BF/ELBOW90/355/16,HDPE Fittings,STK,0
HDPE/FT/BF/ELBOW90/40/16,HDPE Fittings,STK,0
HDPE/FT/BF/ELBOW90/400/16,HDPE Fittings,STK,0
HDPE/FT/BF/ELBOW90/450/12.5,HDPE Fittings,STK,0
HDPE/FT/BF/ELBOW90/450/16,HDPE Fittings,STK,0
HDPE/FT/BF/ELBOW90/450/25,HDPE Fittings,STK,0
HDPE/FT/BF/ELBOW90/50/10,HDPE Fittings,STK,0
HDPE/FT/BF/ELBOW90/50/16,HDPE Fittings,STK,0
HDPE/FT/BF/ELBOW90/560/16,HDPE Fittings,STK,0
HDPE/FT/BF/ELBOW90/63/10,HDPE Fittings,STK,0
HDPE/FT/BF/ELBOW90/63/16,HDPE Fittings,STK,0
HDPE/FT/BF/ELBOW90/630/10,HDPE Fittings,STK,0
HDPE/FT/BF/ELBOW90/630/16,HDPE Fittings,STK,0
HDPE/FT/BF/ELBOW90/75/10,HDPE Fittings,STK,0
HDPE/FT/BF/ELBOW90/75/16,HDPE Fittings,STK,0
HDPE/FT/BF/ELBOW90/90/10,HDPE Fittings,STK,0
HDPE/FT/BF/ELBOW90/90/16,HDPE Fittings,STK,0
HDPE/FT/BF/ELBOW90/90/20,HDPE Fittings,STK,0
HDPE/FT/BF/END CAP/110/16,HDPE Fittings,STK,0
HDPE/FT/BF/END CAP/125/10,HDPE Fittings,STK,0
HDPE/FT/BF/END CAP/125/16,HDPE Fittings,STK,0
HDPE/FT/BF/END CAP/140/16,HDPE Fittings,STK,0
HDPE/FT/BF/END CAP/160/16,HDPE Fittings,STK,0
HDPE/FT/BF/END CAP/180/16,HDPE Fittings,STK,0
HDPE/FT/BF/END CAP/20/16,HDPE Fittings,STK,0
HDPE/FT/BF/END CAP/200/16,HDPE Fittings,STK,0
HDPE/FT/BF/END CAP/225/16,HDPE Fittings,STK,0
HDPE/FT/BF/END CAP/25/16,HDPE Fittings,STK,0
HDPE/FT/BF/END CAP/250/16,HDPE Fittings,STK,0
HDPE/FT/BF/END CAP/280/16,HDPE Fittings,STK,0
HDPE/FT/BF/END CAP/315/16,HDPE Fittings,STK,0
HDPE/FT/BF/END CAP/32/16,HDPE Fittings,STK,0
HDPE/FT/BF/END CAP/40/16,HDPE Fittings,STK,0
HDPE/FT/BF/END CAP/400/16,HDPE Fittings,STK,0
HDPE/FT/BF/END CAP/50/16,HDPE Fittings,STK,0
HDPE/FT/BF/END CAP/63/10,HDPE Fittings,STK,0
HDPE/FT/BF/END CAP/63/16,HDPE Fittings,STK,0
HDPE/FT/BF/END CAP/75/16,HDPE Fittings,STK,0
HDPE/FT/BF/END CAP/90/10,HDPE Fittings,STK,0
HDPE/FT/BF/END CAP/90/16,HDPE Fittings,STK,0
HDPE/FT/BF/ENDCAP/110/10,HDPE Fittings,STK,0
HDPE/FT/BF/ENDCAP/110/16,HDPE Fittings,STK,0
HDPE/FT/BF/ENDCAP/140/10,HDPE Fittings,STK,0
HDPE/FT/BF/ENDCAP/140/16,HDPE Fittings,STK,0
HDPE/FT/BF/ENDCAP/160/10,HDPE Fittings,STK,0
HDPE/FT/BF/ENDCAP/160/16,HDPE Fittings,STK,0
HDPE/FT/BF/ENDCAP/180/10,HDPE Fittings,STK,0
HDPE/FT/BF/ENDCAP/200/10,HDPE Fittings,STK,0
HDPE/FT/BF/ENDCAP/225/16,HDPE Fittings,STK,0
HDPE/FT/BF/ENDCAP/400/16,HDPE Fittings,STK,0
HDPE/FT/BF/ENDCAP/630/10,HDPE Fittings,STK,0
HDPE/FT/BF/EQT45/110/10,HDPE Fittings,STK,0
HDPE/FT/BF/EQT45/110/16,HDPE Fittings,STK,0
HDPE/FT/BF/EQT45/125/16,HDPE Fittings,STK,0
HDPE/FT/BF/EQT45/160/10,HDPE Fittings,STK,0
HDPE/FT/BF/EQT45/160/16,HDPE Fittings,STK,0
HDPE/FT/BF/EQT45/160/6,HDPE Fittings,STK,0
HDPE/FT/BF/EQT45/180/16,HDPE Fittings,STK,0
HDPE/FT/BF/EQT45/200/16,HDPE Fittings,STK,0
HDPE/FT/BF/EQT45/225/16,HDPE Fittings,STK,0
HDPE/FT/BF/EQT45/250/16,HDPE Fittings,STK,0
HDPE/FT/BF/EQT45/50/10,HDPE Fittings,STK,0
HDPE/FT/BF/EQT45/50/16,HDPE Fittings,STK,0
HDPE/FT/BF/EQT45/63/16,HDPE Fittings,STK,0
HDPE/FT/BF/EQT45/75/10,HDPE Fittings,STK,0
HDPE/FT/BF/EQT45/75/16,HDPE Fittings,STK,0
HDPE/FT/BF/EQT45/90/16,HDPE Fittings,STK,0
HDPE/FT/BF/EQT90/110/10,HDPE Fittings,STK,0
HDPE/FT/BF/EQT90/110/16,HDPE Fittings,STK,0
HDPE/FT/BF/EQT90/125/10,HDPE Fittings,STK,0
HDPE/FT/BF/EQT90/125/16,HDPE Fittings,STK,0
HDPE/FT/BF/EQT90/140/10,HDPE Fittings,STK,0
HDPE/FT/BF/EQT90/140/16,HDPE Fittings,STK,0
HDPE/FT/BF/EQT90/160/10,HDPE Fittings,STK,0
HDPE/FT/BF/EQT90/160/16,HDPE Fittings,STK,0
HDPE/FT/BF/EQT90/180/16,HDPE Fittings,STK,0
HDPE/FT/BF/EQT90/20/16,HDPE Fittings,STK,0
HDPE/FT/BF/EQT90/200/10,HDPE Fittings,STK,0
HDPE/FT/BF/EQT90/200/16,HDPE Fittings,STK,0
HDPE/FT/BF/EQT90/225/16,HDPE Fittings,STK,0
HDPE/FT/BF/EQT90/25/16,HDPE Fittings,STK,0
HDPE/FT/BF/EQT90/250/16,HDPE Fittings,STK,0
HDPE/FT/BF/EQT90/280/16,HDPE Fittings,STK,0
HDPE/FT/BF/EQT90/315/10,HDPE Fittings,STK,0
HDPE/FT/BF/EQT90/315/12.5,HDPE Fittings,STK,0
HDPE/FT/BF/EQT90/315/16,HDPE Fittings,STK,0
HDPE/FT/BF/EQT90/315/20,HDPE Fittings,STK,0
HDPE/FT/BF/EQT90/315/25,HDPE Fittings,STK,0
HDPE/FT/BF/EQT90/32/16,HDPE Fittings,STK,0
HDPE/FT/BF/EQT90/355/16,HDPE Fittings,STK,0
HDPE/FT/BF/EQT90/40/16,HDPE Fittings,STK,0
HDPE/FT/BF/EQT90/400/10,HDPE Fittings,STK,0
HDPE/FT/BF/EQT90/400/16,HDPE Fittings,STK,0
HDPE/FT/BF/EQT90/450/16,HDPE Fittings,STK,0
HDPE/FT/BF/EQT90/50/10,HDPE Fittings,STK,0
HDPE/FT/BF/EQT90/50/16,HDPE Fittings,STK,0
HDPE/FT/BF/EQT90/500/16,HDPE Fittings,STK,0
HDPE/FT/BF/EQT90/560/16,HDPE Fittings,STK,0
HDPE/FT/BF/EQT90/63/10,HDPE Fittings,STK,0
HDPE/FT/BF/EQT90/63/16,HDPE Fittings,STK,0
HDPE/FT/BF/EQT90/630/10,HDPE Fittings,STK,0
HDPE/FT/BF/EQT90/630/16,HDPE Fittings,STK,0
HDPE/FT/BF/EQT90/75/10,HDPE Fittings,STK,0
HDPE/FT/BF/EQT90/75/16,HDPE Fittings,STK,0
HDPE/FT/BF/EQT90/90/10,HDPE Fittings,STK,0
HDPE/FT/BF/EQT90/90/16,HDPE Fittings,STK,0
HDPE/FT/BF/FAB/CROSSTEE90/110/,HDPE Fittings,STK,0
HDPE/FT/BF/FAB/CROSSTEE90/200/,HDPE Fittings,STK,0
HDPE/FT/BF/FAB/CROSSTEE90/250/,HDPE Fittings,STK,0
HDPE/FT/BF/FAB/ELBOW11/110/16,HDPE Fittings,STK,0
HDPE/FT/BF/FAB/ELBOW11/140/16,HDPE Fittings,STK,0
HDPE/FT/BF/FAB/ELBOW11/160/16,HDPE Fittings,STK,0
HDPE/FT/BF/FAB/ELBOW22/140/16,HDPE Fittings,STK,0
HDPE/FT/BF/FAB/ELBOW22/140/20,HDPE Fittings,STK,0
HDPE/FT/BF/FAB/ELBOW22/160/10,HDPE Fittings,STK,0
HDPE/FT/BF/FAB/ELBOW22/160/16,HDPE Fittings,STK,0
HDPE/FT/BF/FAB/ELBOW45/140/16,HDPE Fittings,STK,0
HDPE/FT/BF/FAB/ELBOW45/140/20,HDPE Fittings,STK,0
HDPE/FT/BF/FAB/ELBOW45/160/16,HDPE Fittings,STK,0
HDPE/FT/BF/FAB/ELBOW45/355/11,HDPE Fittings,STK,0
HDPE/FT/BF/FAB/ELBOW45/355/12.,HDPE Fittings,STK,0
HDPE/FT/BF/FAB/ELBOW90/125/10,HDPE Fittings,STK,0
HDPE/FT/BF/FAB/ELBOW90/140/10,HDPE Fittings,STK,0
HDPE/FT/BF/FAB/ELBOW90/140/16,HDPE Fittings,STK,0
HDPE/FT/BF/FAB/ELBOW90/140/20,HDPE Fittings,STK,0
HDPE/FT/BF/FAB/ELBOW90/160/12.,HDPE Fittings,STK,0
HDPE/FT/BF/FAB/ELBOW90/225/10,HDPE Fittings,STK,0
HDPE/FT/BF/FAB/ELBOW90/355/12.,HDPE Fittings,STK,0
HDPE/FT/BF/FABCROSS160/13.6,HDPE Fittings,STK,0
HDPE/FT/BF/FABELB11.25/110/11,HDPE Fittings,STK,0
HDPE/FT/BF/FABELB11.25/200/11,HDPE Fittings,STK,0
HDPE/FT/BF/FABELB11.25/250/11,HDPE Fittings,STK,0
HDPE/FT/BF/FABELB11.25/400/11,HDPE Fittings,STK,0
HDPE/FT/BF/FABELB11/160/SDR11,HDPE Fittings,STK,0
HDPE/FT/BF/FABELB11/160/SDR13.,HDPE Fittings,STK,0
HDPE/FT/BF/FABELB11/315/SDR11,HDPE Fittings,STK,0
HDPE/FT/BF/FABELB11/315/SDR13,HDPE Fittings,STK,0
HDPE/FT/BF/FABELB11/315/SDR17,HDPE Fittings,STK,0
HDPE/FT/BF/FABELB11/315/SDR7.4,HDPE Fittings,STK,0
HDPE/FT/BF/FABELB11/315/SDR9,HDPE Fittings,STK,0
HDPE/FT/BF/FABELB11/355/SDR11,HDPE Fittings,STK,0
HDPE/FT/BF/FABELB11/355/SDR17,HDPE Fittings,STK,0
HDPE/FT/BF/FABELB11/630/SDR17,HDPE Fittings,STK,0
HDPE/FT/BF/FABELB14/400/SDR11,HDPE Fittings,STK,0
HDPE/FT/BF/FABELB20/400/SDR11,HDPE Fittings,STK,0
HDPE/FT/BF/FABELB22/110/SDR11,HDPE Fittings,STK,0
HDPE/FT/BF/FABELB22/160/SDR11,HDPE Fittings,STK,0
HDPE/FT/BF/FABELB22/200/SDR11,HDPE Fittings,STK,0
HDPE/FT/BF/FABELB22/200/SDR13.,HDPE Fittings,STK,0
HDPE/FT/BF/FABELB22/225/SDR11,HDPE Fittings,STK,0
HDPE/FT/BF/FABELB22/250/SDR11,HDPE Fittings,STK,0
HDPE/FT/BF/FABELB22/280/SDR11,HDPE Fittings,STK,0
HDPE/FT/BF/FABELB22/315/SDR11,HDPE Fittings,STK,0
HDPE/FT/BF/FABELB22/315/SDR13.,HDPE Fittings,STK,0
HDPE/FT/BF/FABELB22/315/SDR17,HDPE Fittings,STK,0
HDPE/FT/BF/FABELB22/315/SDR7.4,HDPE Fittings,STK,0
HDPE/FT/BF/FABELB22/315/SDR9,HDPE Fittings,STK,0
HDPE/FT/BF/FABELB22/355/SDR11,HDPE Fittings,STK,0
HDPE/FT/BF/FABELB22/400/SDR11,HDPE Fittings,STK,0
HDPE/FT/BF/FABELB22/400/SDR7.4,HDPE Fittings,STK,0
HDPE/FT/BF/FABELB22/400/SDR9,HDPE Fittings,STK,0
HDPE/FT/BF/FABELB22/90/SDR11,HDPE Fittings,STK,0
HDPE/FT/BF/FABELB30/110/SDR11,HDPE Fittings,STK,0
HDPE/FT/BF/FABELB30/160/SDR11,HDPE Fittings,STK,0
HDPE/FT/BF/FABELB30/200/SDR11,HDPE Fittings,STK,0
HDPE/FT/BF/FABELB30/250/SDR11,HDPE Fittings,STK,0
HDPE/FT/BF/FABELB30/630/SDR17,HDPE Fittings,STK,0
HDPE/FT/BF/FABELB40/400/SDR11,HDPE Fittings,STK,0
HDPE/FT/BF/FABELB45/110/SDR11,HDPE Fittings,STK,0
HDPE/FT/BF/FABELB45/125/SDR11,HDPE Fittings,STK,0
HDPE/FT/BF/FABELB45/160,HDPE Fittings,STK,0
HDPE/FT/BF/FABELB45/160/SDR11,HDPE Fittings,STK,0
HDPE/FT/BF/FABELB45/160/SDR17,HDPE Fittings,STK,0
HDPE/FT/BF/FABELB45/180/SDR11,HDPE Fittings,STK,0
HDPE/FT/BF/FABELB45/200/SDR11,HDPE Fittings,STK,0
HDPE/FT/BF/FABELB45/200/SDR13,HDPE Fittings,STK,0
HDPE/FT/BF/FABELB45/200/SDR26,HDPE Fittings,STK,0
HDPE/FT/BF/FABELB45/225/SDR11,HDPE Fittings,STK,0
HDPE/FT/BF/FABELB45/250,HDPE Fittings,STK,0
HDPE/FT/BF/FABELB45/280/SDR17,HDPE Fittings,STK,0
HDPE/FT/BF/FABELB45/315/SDR11,HDPE Fittings,STK,0
HDPE/FT/BF/FABELB45/315/SDR13.,HDPE Fittings,STK,0
HDPE/FT/BF/FABELB45/315/SDR7.4,HDPE Fittings,STK,0
HDPE/FT/BF/FABELB45/315/SDR9,HDPE Fittings,STK,0
HDPE/FT/BF/FABELB45/400,HDPE Fittings,STK,0
HDPE/FT/BF/FABELB45/400/SDR17,HDPE Fittings,STK,0
HDPE/FT/BF/FABELB45/75/SDR11,HDPE Fittings,STK,0
HDPE/FT/BF/FABELB45/90/SDR11,HDPE Fittings,STK,0
HDPE/FT/BF/FABELB45/90/SDR17,HDPE Fittings,STK,0
HDPE/FT/BF/FABELB48/400/SDR11,HDPE Fittings,STK,0
HDPE/FT/BF/FABELB50/400/SDR11,HDPE Fittings,STK,0
HDPE/FT/BF/FABELB60/180/SDR17,HDPE Fittings,STK,0
HDPE/FT/BF/FABELB90/110/SDR11,HDPE Fittings,STK,0
HDPE/FT/BF/FABELB90/140,HDPE Fittings,STK,0
HDPE/FT/BF/FABELB90/160,HDPE Fittings,STK,0
HDPE/FT/BF/FABELB90/160/SDR11,HDPE Fittings,STK,0
HDPE/FT/BF/FABELB90/180/SDR17,HDPE Fittings,STK,0
HDPE/FT/BF/FABELB90/200/SDR11,HDPE Fittings,STK,0
HDPE/FT/BF/FABELB90/200/SDR13,HDPE Fittings,STK,0
HDPE/FT/BF/FABELB90/200/SDR17,HDPE Fittings,STK,0
HDPE/FT/BF/FABELB90/225/SDR11,HDPE Fittings,STK,0
HDPE/FT/BF/FABELB90/250,HDPE Fittings,STK,0
HDPE/FT/BF/FABELB90/280/SDR11,HDPE Fittings,STK,0
HDPE/FT/BF/FABELB90/280/SDR17,HDPE Fittings,STK,0
HDPE/FT/BF/FABELB90/355/SDR17,HDPE Fittings,STK,0
HDPE/FT/BF/FABELB90/400/SDR11,HDPE Fittings,STK,0
HDPE/FT/BF/FABELB90/400/SDR17,HDPE Fittings,STK,0
HDPE/FT/BF/FABELB90/630/SDR17,HDPE Fittings,STK,0
HDPE/FT/BF/FABELB90/90/SDR11,HDPE Fittings,STK,0
HDPE/FT/BF/FABELB90/90/SDR17,HDPE Fittings,STK,0
HDPE/FT/BF/FABELBOW11/160/16,HDPE Fittings,STK,0
HDPE/FT/BF/FABELBOW11/200/12.5,HDPE Fittings,STK,0
HDPE/FT/BF/FABELBOW11/225/16,HDPE Fittings,STK,0
HDPE/FT/BF/FABELBOW120/200/12.,HDPE Fittings,STK,0
HDPE/FT/BF/FABELBOW22/160/16,HDPE Fittings,STK,0
HDPE/FT/BF/FABELBOW22/225/16,HDPE Fittings,STK,0
HDPE/FT/BF/FABELBOW30/200/16,HDPE Fittings,STK,0
HDPE/FT/BF/FABELBOW30/225/16,HDPE Fittings,STK,0
HDPE/FT/BF/FABELBOW45/160/12.5,HDPE Fittings,STK,0
HDPE/FT/BF/FABELBOW45/315/16,HDPE Fittings,STK,0
HDPE/FT/BF/FABELBOW60/200/12.5,HDPE Fittings,STK,0
HDPE/FT/BF/FABELBOW90/180/16,HDPE Fittings,STK,0
HDPE/FT/BF/FABELBOW90/200/16,HDPE Fittings,STK,0
HDPE/FT/BF/FABELBOW90/315/16,HDPE Fittings,STK,0
HDPE/FT/BF/FABEQT90/160/SDR11,HDPE Fittings,STK,0
HDPE/FT/BF/FABEQT90/180/16,HDPE Fittings,STK,0
HDPE/FT/BF/FABEQT90/200/SDR11,HDPE Fittings,STK,0
HDPE/FT/BF/FABEQT90/225/SDR11,HDPE Fittings,STK,0
HDPE/FT/BF/FABEQT90/280/SDR11,HDPE Fittings,STK,0
HDPE/FT/BF/FABREDTEE/355x110,HDPE Fittings,STK,0
HDPE/FT/BF/FABREDTEE/355x250,HDPE Fittings,STK,0
HDPE/FT/BF/FABREDTEE/355x90,HDPE Fittings,STK,0
HDPE/FT/BF/FABYT45/110/SDR11,HDPE Fittings,STK,0
HDPE/FT/BF/FABYT45/110/SDR13,HDPE Fittings,STK,0
HDPE/FT/BF/FABYT45/160/SDR11,HDPE Fittings,STK,0
HDPE/FT/BF/FABYT45/160/SDR13,HDPE Fittings,STK,0
HDPE/FT/BF/FABYT45/200/SDR13.6,HDPE Fittings,STK,0
HDPE/FT/BF/FABYT45/90/SDR11,HDPE Fittings,STK,0
HDPE/FT/BF/FEMTRANS/32X1/16,HDPE Fittings,STK,0
HDPE/FT/BF/FEMTRANS/40X1.25/16,HDPE Fittings,STK,0
HDPE/FT/BF/FEMTRANS/40X1.5/16,HDPE Fittings,STK,0
HDPE/FT/BF/FEMTRANS/50X1.5/16,HDPE Fittings,STK,0
HDPE/FT/BF/FEMTRANS/63X2/16,HDPE Fittings,STK,0
HDPE/FT/BF/FEMTRANS/75X2.5/16,HDPE Fittings,STK,0
HDPE/FT/BF/FLGREDTEE/315X90/12,HDPE Fittings,STK,0
HDPE/FT/BF/FLGREDTEE/315x90/16,HDPE Fittings,STK,0
HDPE/FT/BF/FLGREDTEE/315x90/25,HDPE Fittings,STK,0
HDPE/FT/BF/FLREDTEE/315x110/12,HDPE Fittings,STK,0
HDPE/FT/BF/FLREDTEE/315x110/16,HDPE Fittings,STK,0
HDPE/FT/BF/FLREDTEE/315x110/20,HDPE Fittings,STK,0
HDPE/FT/BF/FLREDTEE/315x110/25,HDPE Fittings,STK,0
HDPE/FT/BF/FLREDUCER/63X32/16,HDPE Fittings,STK,0
HDPE/FT/BF/FLREDUCER/63X40/16,HDPE Fittings,STK,0
HDPE/FT/BF/FLREDUCER/63X50/16,HDPE Fittings,STK,0
HDPE/FT/BF/FLREDUCER/75X32/16,HDPE Fittings,STK,0
HDPE/FT/BF/FLREDUCER/75X40/16,HDPE Fittings,STK,0
HDPE/FT/BF/FLREDUCER/75X50/16,HDPE Fittings,STK,0
HDPE/FT/BF/FLREDUCER/75X63/16,HDPE Fittings,STK,0
HDPE/FT/BF/MIDFLATEE/315x90/10,HDPE Fittings,STK,0
HDPE/FT/BF/PLDBEND90/315/25/3D,HDPE Fittings,STK,0
HDPE/FT/BF/PUDL/FLANG/450/10,HDPE Fittings,STK,0
HDPE/FT/BF/PUDL/FLANG/63/16,HDPE Fittings,STK,0
HDPE/FT/BF/PUDL/FLANG/90/16,HDPE Fittings,STK,0
HDPE/FT/BF/REDTEE/110X32/16,HDPE Fittings,STK,0
HDPE/FT/BF/REDTEE/110X40/16,HDPE Fittings,STK,0
HDPE/FT/BF/REDTEE/110X50/16,HDPE Fittings,STK,0
HDPE/FT/BF/REDTEE/110X63/10,HDPE Fittings,STK,0
HDPE/FT/BF/REDTEE/110X63/16,HDPE Fittings,STK,0
HDPE/FT/BF/REDTEE/110X75/10,HDPE Fittings,STK,0
HDPE/FT/BF/REDTEE/110X75/16,HDPE Fittings,STK,0
HDPE/FT/BF/REDTEE/110X90/10,HDPE Fittings,STK,0
HDPE/FT/BF/REDTEE/110X90/16,HDPE Fittings,STK,0
HDPE/FT/BF/REDTEE/125X110/10,HDPE Fittings,STK,0
HDPE/FT/BF/REDTEE/125X110/16,HDPE Fittings,STK,0
HDPE/FT/BF/REDTEE/125X63/10,HDPE Fittings,STK,0
HDPE/FT/BF/REDTEE/125X63/16,HDPE Fittings,STK,0
HDPE/FT/BF/REDTEE/125X63/20,HDPE Fittings,STK,0
HDPE/FT/BF/REDTEE/125X90/16,HDPE Fittings,STK,0
HDPE/FT/BF/REDTEE/125X90/20,HDPE Fittings,STK,0
HDPE/FT/BF/REDTEE/140X110/10,HDPE Fittings,STK,0
HDPE/FT/BF/REDTEE/140X110/16,HDPE Fittings,STK,0
HDPE/FT/BF/REDTEE/140X125/10,HDPE Fittings,STK,0
HDPE/FT/BF/REDTEE/140X125/16,HDPE Fittings,STK,0
HDPE/FT/BF/REDTEE/140X63/10,HDPE Fittings,STK,0
HDPE/FT/BF/REDTEE/140X63/16,HDPE Fittings,STK,0
HDPE/FT/BF/REDTEE/140X75/16,HDPE Fittings,STK,0
HDPE/FT/BF/REDTEE/140X90/16,HDPE Fittings,STK,0
HDPE/FT/BF/REDTEE/160X110/10,HDPE Fittings,STK,0
HDPE/FT/BF/REDTEE/160X110/16,HDPE Fittings,STK,0
HDPE/FT/BF/REDTEE/160X125/10,HDPE Fittings,STK,0
HDPE/FT/BF/REDTEE/160X125/16,HDPE Fittings,STK,0
HDPE/FT/BF/REDTEE/160X140/16,HDPE Fittings,STK,0
HDPE/FT/BF/REDTEE/160X63/10,HDPE Fittings,STK,0
HDPE/FT/BF/REDTEE/160X63/16,HDPE Fittings,STK,0
HDPE/FT/BF/REDTEE/160X75/10,HDPE Fittings,STK,0
HDPE/FT/BF/REDTEE/160X75/16,HDPE Fittings,STK,0
HDPE/FT/BF/REDTEE/160X90/16,HDPE Fittings,STK,0
HDPE/FT/BF/REDTEE/180X110/16,HDPE Fittings,STK,0
HDPE/FT/BF/REDTEE/180X125/16,HDPE Fittings,STK,0
HDPE/FT/BF/REDTEE/180X160/16,HDPE Fittings,STK,0
HDPE/FT/BF/REDTEE/180X90/16,HDPE Fittings,STK,0
HDPE/FT/BF/REDTEE/200X110/16,HDPE Fittings,STK,0
HDPE/FT/BF/REDTEE/200X125/16,HDPE Fittings,STK,0
HDPE/FT/BF/REDTEE/200X160/16,HDPE Fittings,STK,0
HDPE/FT/BF/REDTEE/200X63/16,HDPE Fittings,STK,0
HDPE/FT/BF/REDTEE/200x90/16,HDPE Fittings,STK,0
HDPE/FT/BF/REDTEE/225X110/10,HDPE Fittings,STK,0
HDPE/FT/BF/REDTEE/225X110/16,HDPE Fittings,STK,0
HDPE/FT/BF/REDTEE/225X125/16,HDPE Fittings,STK,0
HDPE/FT/BF/REDTEE/225X160/10,HDPE Fittings,STK,0
HDPE/FT/BF/REDTEE/225X160/16,HDPE Fittings,STK,0
HDPE/FT/BF/REDTEE/225X90/16,HDPE Fittings,STK,0
HDPE/FT/BF/REDTEE/250X125/16,HDPE Fittings,STK,0
HDPE/FT/BF/REDTEE/250X160/10,HDPE Fittings,STK,0
HDPE/FT/BF/REDTEE/250X160/16,HDPE Fittings,STK,0
HDPE/FT/BF/REDTEE/250X200/25,HDPE Fittings,STK,0
HDPE/FT/BF/REDTEE/250X90/16,HDPE Fittings,STK,0
HDPE/FT/BF/REDTEE/250x110/16,HDPE Fittings,STK,0
HDPE/FT/BF/REDTEE/250x200/16,HDPE Fittings,STK,0
HDPE/FT/BF/REDTEE/250x225/16,HDPE Fittings,STK,0
HDPE/FT/BF/REDTEE/280X110/10,HDPE Fittings,STK,0
HDPE/FT/BF/REDTEE/280X200/16,HDPE Fittings,STK,0
HDPE/FT/BF/REDTEE/280X225/16,HDPE Fittings,STK,0
HDPE/FT/BF/REDTEE/280X63/10,HDPE Fittings,STK,0
HDPE/FT/BF/REDTEE/280x110/16,HDPE Fittings,STK,0
HDPE/FT/BF/REDTEE/280x160/16,HDPE Fittings,STK,0
HDPE/FT/BF/REDTEE/280x250/16,HDPE Fittings,STK,0
HDPE/FT/BF/REDTEE/315X225/16,HDPE Fittings,STK,0
HDPE/FT/BF/REDTEE/315X250/16,HDPE Fittings,STK,0
HDPE/FT/BF/REDTEE/315X90/12.5,HDPE Fittings,STK,0
HDPE/FT/BF/REDTEE/315x110/10,HDPE Fittings,STK,0
HDPE/FT/BF/REDTEE/315x110/16,HDPE Fittings,STK,0
HDPE/FT/BF/REDTEE/315x110/25,HDPE Fittings,STK,0
HDPE/FT/BF/REDTEE/315x160/10,HDPE Fittings,STK,0
HDPE/FT/BF/REDTEE/315x160/16,HDPE Fittings,STK,0
HDPE/FT/BF/REDTEE/315x200/16,HDPE Fittings,STK,0
HDPE/FT/BF/REDTEE/315x90/10,HDPE Fittings,STK,0
HDPE/FT/BF/REDTEE/315x90/16,HDPE Fittings,STK,0
HDPE/FT/BF/REDTEE/315x90/20,HDPE Fittings,STK,0
HDPE/FT/BF/REDTEE/315x90/25,HDPE Fittings,STK,0
HDPE/FT/BF/REDTEE/355X110/10,HDPE Fittings,STK,0
HDPE/FT/BF/REDTEE/355X160/16,HDPE Fittings,STK,0
HDPE/FT/BF/REDTEE/355X63/10,HDPE Fittings,STK,0
HDPE/FT/BF/REDTEE/355x110/16,HDPE Fittings,STK,0
HDPE/FT/BF/REDTEE/355x250/10,HDPE Fittings,STK,0
HDPE/FT/BF/REDTEE/355x250/16,HDPE Fittings,STK,0
HDPE/FT/BF/REDTEE/355x90/16,HDPE Fittings,STK,0
HDPE/FT/BF/REDTEE/400X110/16,HDPE Fittings,STK,0
HDPE/FT/BF/REDTEE/400X160/16,HDPE Fittings,STK,0
HDPE/FT/BF/REDTEE/400X200/16,HDPE Fittings,STK,0
HDPE/FT/BF/REDTEE/400X225/16,HDPE Fittings,STK,0
HDPE/FT/BF/REDTEE/400X250/16,HDPE Fittings,STK,0
HDPE/FT/BF/REDTEE/400X280/16,HDPE Fittings,STK,0
HDPE/FT/BF/REDTEE/400X63/16,HDPE Fittings,STK,0
HDPE/FT/BF/REDTEE/450X225/16,HDPE Fittings,STK,0
HDPE/FT/BF/REDTEE/450X315/16,HDPE Fittings,STK,0
HDPE/FT/BF/REDTEE/500X200/16,HDPE Fittings,STK,0
HDPE/FT/BF/REDTEE/500X90/16,HDPE Fittings,STK,0
HDPE/FT/BF/REDTEE/50X25/16,HDPE Fittings,STK,0
HDPE/FT/BF/REDTEE/50X32/10,HDPE Fittings,STK,0
HDPE/FT/BF/REDTEE/50X32/16,HDPE Fittings,STK,0
HDPE/FT/BF/REDTEE/50X40/16,HDPE Fittings,STK,0
HDPE/FT/BF/REDTEE/560X225/16,HDPE Fittings,STK,0
HDPE/FT/BF/REDTEE/560X75/16,HDPE Fittings,STK,0
HDPE/FT/BF/REDTEE/63X32/16,HDPE Fittings,STK,0
HDPE/FT/BF/REDTEE/63X40/16,HDPE Fittings,STK,0
HDPE/FT/BF/REDTEE/63X50/16,HDPE Fittings,STK,0
HDPE/FT/BF/REDTEE/75X25/16,HDPE Fittings,STK,0
HDPE/FT/BF/REDTEE/75X40/16,HDPE Fittings,STK,0
HDPE/FT/BF/REDTEE/75X50/16,HDPE Fittings,STK,0
HDPE/FT/BF/REDTEE/75X63/16,HDPE Fittings,STK,0
HDPE/FT/BF/REDTEE/90X32/16,HDPE Fittings,STK,0
HDPE/FT/BF/REDTEE/90X50/10,HDPE Fittings,STK,0
HDPE/FT/BF/REDTEE/90X50/16,HDPE Fittings,STK,0
HDPE/FT/BF/REDTEE/90X63/10,HDPE Fittings,STK,0
HDPE/FT/BF/REDTEE/90X63/16,HDPE Fittings,STK,0
HDPE/FT/BF/REDTEE/90X75/10,HDPE Fittings,STK,0
HDPE/FT/BF/REDTEE/90X75/16,HDPE Fittings,STK,0
HDPE/FT/BF/REDUCER/110X50/10,HDPE Fittings,STK,0
HDPE/FT/BF/REDUCER/110X50/16,HDPE Fittings,STK,0
HDPE/FT/BF/REDUCER/110X63/10,HDPE Fittings,STK,0
HDPE/FT/BF/REDUCER/110X63/16,HDPE Fittings,STK,0
HDPE/FT/BF/REDUCER/110X75/10,HDPE Fittings,STK,0
HDPE/FT/BF/REDUCER/110X75/16,HDPE Fittings,STK,0
HDPE/FT/BF/REDUCER/110X90/10,HDPE Fittings,STK,0
HDPE/FT/BF/REDUCER/110X90/16,HDPE Fittings,STK,0
HDPE/FT/BF/REDUCER/125X110/10,HDPE Fittings,STK,0
HDPE/FT/BF/REDUCER/125X110/16,HDPE Fittings,STK,0
HDPE/FT/BF/REDUCER/125X63/16,HDPE Fittings,STK,0
HDPE/FT/BF/REDUCER/125X75/10,HDPE Fittings,STK,0
HDPE/FT/BF/REDUCER/125X75/16,HDPE Fittings,STK,0
HDPE/FT/BF/REDUCER/125X90/10,HDPE Fittings,STK,0
HDPE/FT/BF/REDUCER/125X90/16,HDPE Fittings,STK,0
HDPE/FT/BF/REDUCER/140X110/10,HDPE Fittings,STK,0
HDPE/FT/BF/REDUCER/140X110/16,HDPE Fittings,STK,0
HDPE/FT/BF/REDUCER/140X125/10,HDPE Fittings,STK,0
HDPE/FT/BF/REDUCER/140X125/16,HDPE Fittings,STK,0
HDPE/FT/BF/REDUCER/140X63/16,HDPE Fittings,STK,0
HDPE/FT/BF/REDUCER/140X75/10,HDPE Fittings,STK,0
HDPE/FT/BF/REDUCER/140X75/16,HDPE Fittings,STK,0
HDPE/FT/BF/REDUCER/140X90/10,HDPE Fittings,STK,0
HDPE/FT/BF/REDUCER/140X90/16,HDPE Fittings,STK,0
HDPE/FT/BF/REDUCER/160X110/10,HDPE Fittings,STK,0
HDPE/FT/BF/REDUCER/160X110/16,HDPE Fittings,STK,0
HDPE/FT/BF/REDUCER/160X125/10,HDPE Fittings,STK,0
HDPE/FT/BF/REDUCER/160X125/16,HDPE Fittings,STK,0
HDPE/FT/BF/REDUCER/160X140/10,HDPE Fittings,STK,0
HDPE/FT/BF/REDUCER/160X140/16,HDPE Fittings,STK,0
HDPE/FT/BF/REDUCER/160X63/16,HDPE Fittings,STK,0
HDPE/FT/BF/REDUCER/160X90/16,HDPE Fittings,STK,0
HDPE/FT/BF/REDUCER/180X110/16,HDPE Fittings,STK,0
HDPE/FT/BF/REDUCER/180X125/16,HDPE Fittings,STK,0
HDPE/FT/BF/REDUCER/180X140/16,HDPE Fittings,STK,0
HDPE/FT/BF/REDUCER/180X160/16,HDPE Fittings,STK,0
HDPE/FT/BF/REDUCER/200X110/16,HDPE Fittings,STK,0
HDPE/FT/BF/REDUCER/200X140/16,HDPE Fittings,STK,0
HDPE/FT/BF/REDUCER/200X160/16,HDPE Fittings,STK,0
HDPE/FT/BF/REDUCER/200X180/16,HDPE Fittings,STK,0
HDPE/FT/BF/REDUCER/225X110/16,HDPE Fittings,STK,0
HDPE/FT/BF/REDUCER/225X160/10,HDPE Fittings,STK,0
HDPE/FT/BF/REDUCER/225X160/16,HDPE Fittings,STK,0
HDPE/FT/BF/REDUCER/225X180/16,HDPE Fittings,STK,0
HDPE/FT/BF/REDUCER/225X200/16,HDPE Fittings,STK,0
HDPE/FT/BF/REDUCER/250X125/16,HDPE Fittings,STK,0
HDPE/FT/BF/REDUCER/250X160/16,HDPE Fittings,STK,0
HDPE/FT/BF/REDUCER/250X180/16,HDPE Fittings,STK,0
HDPE/FT/BF/REDUCER/250X200/10,HDPE Fittings,STK,0
HDPE/FT/BF/REDUCER/250X200/16,HDPE Fittings,STK,0
HDPE/FT/BF/REDUCER/250X225/16,HDPE Fittings,STK,0
HDPE/FT/BF/REDUCER/25X20/16,HDPE Fittings,STK,0
HDPE/FT/BF/REDUCER/280X180/16,HDPE Fittings,STK,0
HDPE/FT/BF/REDUCER/280X200/16,HDPE Fittings,STK,0
HDPE/FT/BF/REDUCER/280X225/16,HDPE Fittings,STK,0
HDPE/FT/BF/REDUCER/280X250/16,HDPE Fittings,STK,0
HDPE/FT/BF/REDUCER/315X160/16,HDPE Fittings,STK,0
HDPE/FT/BF/REDUCER/315X200/10,HDPE Fittings,STK,0
HDPE/FT/BF/REDUCER/315X225/16,HDPE Fittings,STK,0
HDPE/FT/BF/REDUCER/315X250/16,HDPE Fittings,STK,0
HDPE/FT/BF/REDUCER/315X280/16,HDPE Fittings,STK,0
HDPE/FT/BF/REDUCER/32X20/16,HDPE Fittings,STK,0
HDPE/FT/BF/REDUCER/32X25/16,HDPE Fittings,STK,0
HDPE/FT/BF/REDUCER/355X250/10,HDPE Fittings,STK,0
HDPE/FT/BF/REDUCER/355X250/16,HDPE Fittings,STK,0
HDPE/FT/BF/REDUCER/355X315/16,HDPE Fittings,STK,0
HDPE/FT/BF/REDUCER/400X160/16,HDPE Fittings,STK,0
HDPE/FT/BF/REDUCER/400X200/16,HDPE Fittings,STK,0
HDPE/FT/BF/REDUCER/400X250/16,HDPE Fittings,STK,0
HDPE/FT/BF/REDUCER/400X355/16,HDPE Fittings,STK,0
HDPE/FT/BF/REDUCER/40X20/16,HDPE Fittings,STK,0
HDPE/FT/BF/REDUCER/40X25/16,HDPE Fittings,STK,0
HDPE/FT/BF/REDUCER/40X32/16,HDPE Fittings,STK,0
HDPE/FT/BF/REDUCER/450X200/16,HDPE Fittings,STK,0
HDPE/FT/BF/REDUCER/450X315/10,HDPE Fittings,STK,0
HDPE/FT/BF/REDUCER/500X160/16,HDPE Fittings,STK,0
HDPE/FT/BF/REDUCER/500X400/16,HDPE Fittings,STK,0
HDPE/FT/BF/REDUCER/500X450/125,HDPE Fittings,STK,0
HDPE/FT/BF/REDUCER/500X450/16,HDPE Fittings,STK,0
HDPE/FT/BF/REDUCER/50X20/16,HDPE Fittings,STK,0
HDPE/FT/BF/REDUCER/50X25/16,HDPE Fittings,STK,0
HDPE/FT/BF/REDUCER/50X32/10,HDPE Fittings,STK,0
HDPE/FT/BF/REDUCER/50X32/16,HDPE Fittings,STK,0
HDPE/FT/BF/REDUCER/50X40/16,HDPE Fittings,STK,0
HDPE/FT/BF/REDUCER/560X500/16,HDPE Fittings,STK,0
HDPE/FT/BF/REDUCER/630X250/16,HDPE Fittings,STK,0
HDPE/FT/BF/REDUCER/630X400/16,HDPE Fittings,STK,0
HDPE/FT/BF/REDUCER/63X25/16,HDPE Fittings,STK,0
HDPE/FT/BF/REDUCER/63X32/16,HDPE Fittings,STK,0
HDPE/FT/BF/REDUCER/63X40/16,HDPE Fittings,STK,0
HDPE/FT/BF/REDUCER/63X50/10,HDPE Fittings,STK,0
HDPE/FT/BF/REDUCER/63X50/16,HDPE Fittings,STK,0
HDPE/FT/BF/REDUCER/75X32/16,HDPE Fittings,STK,0
HDPE/FT/BF/REDUCER/75X40/16,HDPE Fittings,STK,0
HDPE/FT/BF/REDUCER/75X50/10,HDPE Fittings,STK,0
HDPE/FT/BF/REDUCER/75X50/16,HDPE Fittings,STK,0
HDPE/FT/BF/REDUCER/75X63/10,HDPE Fittings,STK,0
HDPE/FT/BF/REDUCER/75X63/16,HDPE Fittings,STK,0
HDPE/FT/BF/REDUCER/90X50/10,HDPE Fittings,STK,0
HDPE/FT/BF/REDUCER/90X50/16,HDPE Fittings,STK,0
HDPE/FT/BF/REDUCER/90X63/10,HDPE Fittings,STK,0
HDPE/FT/BF/REDUCER/90X63/16,HDPE Fittings,STK,0
HDPE/FT/BF/REDUCER/90X75/16,HDPE Fittings,STK,0
HDPE/FT/BF/STREDUCER/450X315/1,HDPE Fittings,STK,0
HDPE/FT/BF/STUB/110/10,HDPE Fittings,STK,0
HDPE/FT/BF/STUB/110/16,HDPE Fittings,STK,0
HDPE/FT/BF/STUB/110/20,HDPE Fittings,STK,0
HDPE/FT/BF/STUB/110/25,HDPE Fittings,STK,0
HDPE/FT/BF/STUB/125/10,HDPE Fittings,STK,0
HDPE/FT/BF/STUB/125/16,HDPE Fittings,STK,0
HDPE/FT/BF/STUB/125/20,HDPE Fittings,STK,0
HDPE/FT/BF/STUB/140/10,HDPE Fittings,STK,0
HDPE/FT/BF/STUB/140/16,HDPE Fittings,STK,0
HDPE/FT/BF/STUB/160/10,HDPE Fittings,STK,0
HDPE/FT/BF/STUB/160/16,HDPE Fittings,STK,0
HDPE/FT/BF/STUB/180/10,HDPE Fittings,STK,0
HDPE/FT/BF/STUB/180/16,HDPE Fittings,STK,0
HDPE/FT/BF/STUB/20/16,HDPE Fittings,STK,0
HDPE/FT/BF/STUB/200/10,HDPE Fittings,STK,0
HDPE/FT/BF/STUB/200/16,HDPE Fittings,STK,0
HDPE/FT/BF/STUB/225/10,HDPE Fittings,STK,0
HDPE/FT/BF/STUB/225/16,HDPE Fittings,STK,0
HDPE/FT/BF/STUB/225/25,HDPE Fittings,STK,0
HDPE/FT/BF/STUB/25/16,HDPE Fittings,STK,0
HDPE/FT/BF/STUB/250/10,HDPE Fittings,STK,0
HDPE/FT/BF/STUB/250/16,HDPE Fittings,STK,0
HDPE/FT/BF/STUB/280/10,HDPE Fittings,STK,0
HDPE/FT/BF/STUB/280/12.5,HDPE Fittings,STK,0
HDPE/FT/BF/STUB/280/16,HDPE Fittings,STK,0
HDPE/FT/BF/STUB/315/10,HDPE Fittings,STK,0
HDPE/FT/BF/STUB/315/12.5,HDPE Fittings,STK,0
HDPE/FT/BF/STUB/315/16,HDPE Fittings,STK,0
HDPE/FT/BF/STUB/315/20,HDPE Fittings,STK,0
HDPE/FT/BF/STUB/315/25,HDPE Fittings,STK,0
HDPE/FT/BF/STUB/32/10,HDPE Fittings,STK,0
HDPE/FT/BF/STUB/32/16,HDPE Fittings,STK,0
HDPE/FT/BF/STUB/355/10,HDPE Fittings,STK,0
HDPE/FT/BF/STUB/355/16,HDPE Fittings,STK,0
HDPE/FT/BF/STUB/355/25,HDPE Fittings,STK,0
HDPE/FT/BF/STUB/40/10,HDPE Fittings,STK,0
HDPE/FT/BF/STUB/40/16,HDPE Fittings,STK,0
HDPE/FT/BF/STUB/400/10,HDPE Fittings,STK,0
HDPE/FT/BF/STUB/400/16,HDPE Fittings,STK,0
HDPE/FT/BF/STUB/400/25,HDPE Fittings,STK,0
HDPE/FT/BF/STUB/450/10,HDPE Fittings,STK,0
HDPE/FT/BF/STUB/450/12.5,HDPE Fittings,STK,0
HDPE/FT/BF/STUB/450/16,HDPE Fittings,STK,0
HDPE/FT/BF/STUB/450/25,HDPE Fittings,STK,0
HDPE/FT/BF/STUB/50/10,HDPE Fittings,STK,0
HDPE/FT/BF/STUB/50/16,HDPE Fittings,STK,0
HDPE/FT/BF/STUB/500/10,HDPE Fittings,STK,0
HDPE/FT/BF/STUB/500/16,HDPE Fittings,STK,0
HDPE/FT/BF/STUB/560/12.5,HDPE Fittings,STK,0
HDPE/FT/BF/STUB/560/16,HDPE Fittings,STK,0
HDPE/FT/BF/STUB/63/10,HDPE Fittings,STK,0
HDPE/FT/BF/STUB/63/16,HDPE Fittings,STK,0
HDPE/FT/BF/STUB/63/20,HDPE Fittings,STK,0
HDPE/FT/BF/STUB/630/16,HDPE Fittings,STK,0
HDPE/FT/BF/STUB/75/10,HDPE Fittings,STK,0
HDPE/FT/BF/STUB/75/16,HDPE Fittings,STK,0
HDPE/FT/BF/STUB/90/10,HDPE Fittings,STK,0
HDPE/FT/BF/STUB/90/16,HDPE Fittings,STK,0
HDPE/FT/BF/STUB/90/20,HDPE Fittings,STK,0
HDPE/FT/BF/STUB/90/25,HDPE Fittings,STK,0
HDPE/FT/BF/TRANSML/110X4/16,HDPE Fittings,STK,0
HDPE/FT/BF/TRANSML/32X1/16,HDPE Fittings,STK,0
HDPE/FT/BF/TRANSML/40X1.25/16,HDPE Fittings,STK,0
HDPE/FT/BF/TRANSML/50X1.5/16,HDPE Fittings,STK,0
HDPE/FT/BF/TRANSML/63X2/16,HDPE Fittings,STK,0
HDPE/FT/BF/YTEE/280/6,HDPE Fittings,STK,0
HDPE/FT/BF/YTEE110/16,HDPE Fittings,STK,0
HDPE/FT/BF/YTEE160/13.6,HDPE Fittings,STK,0
HDPE/FT/BF/YTEE160/16,HDPE Fittings,STK,0
HDPE/FT/COMP/BV/20/10,HDPE Fittings,STK,0
HDPE/FT/COMP/BV/20/16,HDPE Fittings,STK,0
HDPE/FT/COMP/BV/25/10,HDPE Fittings,STK,0
HDPE/FT/COMP/BV/25/16,HDPE Fittings,STK,0
HDPE/FT/COMP/BV/32/10,HDPE Fittings,STK,0
HDPE/FT/COMP/BV/32/16,HDPE Fittings,STK,0
HDPE/FT/COMP/BV/40/10,HDPE Fittings,STK,0
HDPE/FT/COMP/BV/40/16,HDPE Fittings,STK,0
HDPE/FT/COMP/BV/50/10,HDPE Fittings,STK,0
HDPE/FT/COMP/BV/50/16,HDPE Fittings,STK,0
HDPE/FT/COMP/BV/63/10,HDPE Fittings,STK,0
HDPE/FT/COMP/BV/63/16,HDPE Fittings,STK,0
HDPE/FT/COMP/BV/FEM/20X0.5/16,HDPE Fittings,STK,0
HDPE/FT/COMP/BV/FEM/25X0.75/16,HDPE Fittings,STK,0
HDPE/FT/COMP/BV/FEM/32X1/16,HDPE Fittings,STK,0
HDPE/FT/COMP/BV/FEM/40X1.25/16,HDPE Fittings,STK,0
HDPE/FT/COMP/BV/FEM/50X1.5/16,HDPE Fittings,STK,0
HDPE/FT/COMP/BV/FEM/63X2/16,HDPE Fittings,STK,0
HDPE/FT/COMP/BV/FEM/FEM/0.5,HDPE Fittings,STK,0
HDPE/FT/COMP/BV/FEM/FEM/0.75,HDPE Fittings,STK,0
HDPE/FT/COMP/BV/FEM/FEM/1,HDPE Fittings,STK,0
HDPE/FT/COMP/BV/FEM/FEM/1.25,HDPE Fittings,STK,0
HDPE/FT/COMP/BV/FEM/FEM/1.5,HDPE Fittings,STK,0
HDPE/FT/COMP/BV/FEM/FEM/2,HDPE Fittings,STK,0
HDPE/FT/COMP/BV/FEM/FEM/3,HDPE Fittings,STK,0
HDPE/FT/COMP/BV/MAL/20X0.5/16,HDPE Fittings,STK,0
HDPE/FT/COMP/BV/MAL/25X0.75/16,HDPE Fittings,STK,0
HDPE/FT/COMP/BV/MAL/32X1/16,HDPE Fittings,STK,0
HDPE/FT/COMP/BV/MAL/40X1.25/16,HDPE Fittings,STK,0
HDPE/FT/COMP/BV/MAL/50X1.5/16,HDPE Fittings,STK,0
HDPE/FT/COMP/BV/MAL/63X2/16,HDPE Fittings,STK,0
HDPE/FT/COMP/BV/MAL/FEM/0.5,HDPE Fittings,STK,0
HDPE/FT/COMP/BV/MAL/FEM/0.75,HDPE Fittings,STK,0
HDPE/FT/COMP/BV/MAL/FEM/1,HDPE Fittings,STK,0
HDPE/FT/COMP/BV/MAL/FEM/1.25,HDPE Fittings,STK,0
HDPE/FT/COMP/BV/MAL/FEM/1.5,HDPE Fittings,STK,0
HDPE/FT/COMP/BV/MAL/FEM/2,HDPE Fittings,STK,0
HDPE/FT/COMP/BV/MAL/MAL/0.5,HDPE Fittings,STK,0
HDPE/FT/COMP/BV/MAL/MAL/0.75,HDPE Fittings,STK,0
HDPE/FT/COMP/BV/MAL/MAL/1,HDPE Fittings,STK,0
HDPE/FT/COMP/BV/MAL/MAL/1.25,HDPE Fittings,STK,0
HDPE/FT/COMP/BV/MAL/MAL/1.5,HDPE Fittings,STK,0
HDPE/FT/COMP/BV/MAL/MAL/2,HDPE Fittings,STK,0
HDPE/FT/COMP/CPLER/110/10,HDPE Fittings,STK,0
HDPE/FT/COMP/CPLER/110/16,HDPE Fittings,STK,0
HDPE/FT/COMP/CPLER/20/10,HDPE Fittings,STK,0
HDPE/FT/COMP/CPLER/20/16,HDPE Fittings,STK,0
HDPE/FT/COMP/CPLER/25/10,HDPE Fittings,STK,0
HDPE/FT/COMP/CPLER/25/16,HDPE Fittings,STK,0
HDPE/FT/COMP/CPLER/32/10,HDPE Fittings,STK,0
HDPE/FT/COMP/CPLER/32/16,HDPE Fittings,STK,0
HDPE/FT/COMP/CPLER/40/10,HDPE Fittings,STK,0
HDPE/FT/COMP/CPLER/40/16,HDPE Fittings,STK,0
HDPE/FT/COMP/CPLER/50/10,HDPE Fittings,STK,0
HDPE/FT/COMP/CPLER/50/16,HDPE Fittings,STK,0
HDPE/FT/COMP/CPLER/63/10,HDPE Fittings,STK,0
HDPE/FT/COMP/CPLER/63/16,HDPE Fittings,STK,0
HDPE/FT/COMP/CPLER/75/16,HDPE Fittings,STK,0
HDPE/FT/COMP/CPLER/90/16,HDPE Fittings,STK,0
HDPE/FT/COMP/ELBOW45/25/16,HDPE Fittings,STK,0
HDPE/FT/COMP/ELBOW45/32/16,HDPE Fittings,STK,0
HDPE/FT/COMP/ELBOW45/40/16,HDPE Fittings,STK,0
HDPE/FT/COMP/ELBOW45/50/10,HDPE Fittings,STK,0
HDPE/FT/COMP/ELBOW45/50/16,HDPE Fittings,STK,0
HDPE/FT/COMP/ELBOW45/63/10,HDPE Fittings,STK,0
HDPE/FT/COMP/ELBOW45/63/16,HDPE Fittings,STK,0
HDPE/FT/COMP/ELBOW45/90/16,HDPE Fittings,STK,0
HDPE/FT/COMP/ELBOW90/110/10,HDPE Fittings,STK,0
HDPE/FT/COMP/ELBOW90/110/16,HDPE Fittings,STK,0
HDPE/FT/COMP/ELBOW90/20/10,HDPE Fittings,STK,0
HDPE/FT/COMP/ELBOW90/20/16,HDPE Fittings,STK,0
HDPE/FT/COMP/ELBOW90/25/10,HDPE Fittings,STK,0
HDPE/FT/COMP/ELBOW90/25/16,HDPE Fittings,STK,0
HDPE/FT/COMP/ELBOW90/32/10,HDPE Fittings,STK,0
HDPE/FT/COMP/ELBOW90/32/16,HDPE Fittings,STK,0
HDPE/FT/COMP/ELBOW90/40/10,HDPE Fittings,STK,0
HDPE/FT/COMP/ELBOW90/40/16,HDPE Fittings,STK,0
HDPE/FT/COMP/ELBOW90/50/10,HDPE Fittings,STK,0
HDPE/FT/COMP/ELBOW90/50/16,HDPE Fittings,STK,0
HDPE/FT/COMP/ELBOW90/63/10,HDPE Fittings,STK,0
HDPE/FT/COMP/ELBOW90/63/16,HDPE Fittings,STK,0
HDPE/FT/COMP/ELBOW90/75/10,HDPE Fittings,STK,0
HDPE/FT/COMP/ELBOW90/75/16,HDPE Fittings,STK,0
HDPE/FT/COMP/ELBOW90/90/10,HDPE Fittings,STK,0
HDPE/FT/COMP/ELBOW90/90/16,HDPE Fittings,STK,0
HDPE/FT/COMP/ENDPLUG/110/10,HDPE Fittings,STK,0
HDPE/FT/COMP/ENDPLUG/110/16,HDPE Fittings,STK,0
HDPE/FT/COMP/ENDPLUG/20/10,HDPE Fittings,STK,0
HDPE/FT/COMP/ENDPLUG/20/16,HDPE Fittings,STK,0
HDPE/FT/COMP/ENDPLUG/25/10,HDPE Fittings,STK,0
HDPE/FT/COMP/ENDPLUG/25/16,HDPE Fittings,STK,0
HDPE/FT/COMP/ENDPLUG/32/10,HDPE Fittings,STK,0
HDPE/FT/COMP/ENDPLUG/32/16,HDPE Fittings,STK,0
HDPE/FT/COMP/ENDPLUG/40/10,HDPE Fittings,STK,0
HDPE/FT/COMP/ENDPLUG/40/16,HDPE Fittings,STK,0
HDPE/FT/COMP/ENDPLUG/50/10,HDPE Fittings,STK,0
HDPE/FT/COMP/ENDPLUG/50/16,HDPE Fittings,STK,0
HDPE/FT/COMP/ENDPLUG/63/10,HDPE Fittings,STK,0
HDPE/FT/COMP/ENDPLUG/63/16,HDPE Fittings,STK,0
HDPE/FT/COMP/ENDPLUG/75/10,HDPE Fittings,STK,0
HDPE/FT/COMP/ENDPLUG/75/16,HDPE Fittings,STK,0
HDPE/FT/COMP/ENDPLUG/90/10,HDPE Fittings,STK,0
HDPE/FT/COMP/ENDPLUG/90/16,HDPE Fittings,STK,0
HDPE/FT/COMP/EQT/110/10,HDPE Fittings,STK,0
HDPE/FT/COMP/EQT/110/16,HDPE Fittings,STK,0
HDPE/FT/COMP/EQT/20/10,HDPE Fittings,STK,0
HDPE/FT/COMP/EQT/20/16,HDPE Fittings,STK,0
HDPE/FT/COMP/EQT/25/10,HDPE Fittings,STK,0
HDPE/FT/COMP/EQT/25/16,HDPE Fittings,STK,0
HDPE/FT/COMP/EQT/32/10,HDPE Fittings,STK,0
HDPE/FT/COMP/EQT/32/16,HDPE Fittings,STK,0
HDPE/FT/COMP/EQT/40/10,HDPE Fittings,STK,0
HDPE/FT/COMP/EQT/40/16,HDPE Fittings,STK,0
HDPE/FT/COMP/EQT/50/10,HDPE Fittings,STK,0
HDPE/FT/COMP/EQT/50/16,HDPE Fittings,STK,0
HDPE/FT/COMP/EQT/63/10,HDPE Fittings,STK,0
HDPE/FT/COMP/EQT/63/16,HDPE Fittings,STK,0
HDPE/FT/COMP/EQT/75/10,HDPE Fittings,STK,0
HDPE/FT/COMP/EQT/75/16,HDPE Fittings,STK,0
HDPE/FT/COMP/EQT/90/10,HDPE Fittings,STK,0
HDPE/FT/COMP/EQT/90/16,HDPE Fittings,STK,0
HDPE/FT/COMP/FADAPT/20X0.5/10,HDPE Fittings,STK,0
HDPE/FT/COMP/FADAPT/20X0.5/16,HDPE Fittings,STK,0
HDPE/FT/COMP/FADAPT/25X0.5/10,HDPE Fittings,STK,0
HDPE/FT/COMP/FADAPT/25X0.5/16,HDPE Fittings,STK,0
HDPE/FT/COMP/FADAPT/25X0.75/10,HDPE Fittings,STK,0
HDPE/FT/COMP/FADAPT/25X0.75/16,HDPE Fittings,STK,0
HDPE/FT/COMP/FADAPT/32X0.5/10,HDPE Fittings,STK,0
HDPE/FT/COMP/FADAPT/32X0.5/16,HDPE Fittings,STK,0
HDPE/FT/COMP/FADAPT/32X0.75/10,HDPE Fittings,STK,0
HDPE/FT/COMP/FADAPT/32X0.75/16,HDPE Fittings,STK,0
HDPE/FT/COMP/FADAPT/32X1/10,HDPE Fittings,STK,0
HDPE/FT/COMP/FADAPT/32X1/16,HDPE Fittings,STK,0
HDPE/FT/COMP/FADAPT/40X1.25/10,HDPE Fittings,STK,0
HDPE/FT/COMP/FADAPT/40X1.25/16,HDPE Fittings,STK,0
HDPE/FT/COMP/FADAPT/40X1/10,HDPE Fittings,STK,0
HDPE/FT/COMP/FADAPT/40X1/16,HDPE Fittings,STK,0
HDPE/FT/COMP/FADAPT/50X1.5/10,HDPE Fittings,STK,0
HDPE/FT/COMP/FADAPT/50X1.5/16,HDPE Fittings,STK,0
HDPE/FT/COMP/FADAPT/63X2/10,HDPE Fittings,STK,0
HDPE/FT/COMP/FADAPT/63X2/16,HDPE Fittings,STK,0
HDPE/FT/COMP/FADAPT/75X2.5/10,HDPE Fittings,STK,0
HDPE/FT/COMP/FADAPT/75X2.5/16,HDPE Fittings,STK,0
HDPE/FT/COMP/FADAPT/90X3/10,HDPE Fittings,STK,0
HDPE/FT/COMP/FADAPT/90X3/16,HDPE Fittings,STK,0
HDPE/FT/COMP/FEMTEE/110X4/10,HDPE Fittings,STK,0
HDPE/FT/COMP/FEMTEE/110X4/16,HDPE Fittings,STK,0
HDPE/FT/COMP/FEMTEE/25X0.75/10,HDPE Fittings,STK,0
HDPE/FT/COMP/FEMTEE/25X0.75/16,HDPE Fittings,STK,0
HDPE/FT/COMP/FEMTEE/32X1/10,HDPE Fittings,STK,0
HDPE/FT/COMP/FEMTEE/32X1/16,HDPE Fittings,STK,0
HDPE/FT/COMP/FEMTEE/40X1.25/10,HDPE Fittings,STK,0
HDPE/FT/COMP/FEMTEE/40X1.25/16,HDPE Fittings,STK,0
HDPE/FT/COMP/FEMTEE/40X1/10,HDPE Fittings,STK,0
HDPE/FT/COMP/FEMTEE/40X1/16,HDPE Fittings,STK,0
HDPE/FT/COMP/FEMTEE/50X1.25/10,HDPE Fittings,STK,0
HDPE/FT/COMP/FEMTEE/50X1.25/16,HDPE Fittings,STK,0
HDPE/FT/COMP/FEMTEE/50X1.5/10,HDPE Fittings,STK,0
HDPE/FT/COMP/FEMTEE/50X1.5/16,HDPE Fittings,STK,0
HDPE/FT/COMP/FEMTEE/63X2/10,HDPE Fittings,STK,0
HDPE/FT/COMP/FEMTEE/63X2/16,HDPE Fittings,STK,0
HDPE/FT/COMP/FEMTEE/75X2.5/10,HDPE Fittings,STK,0
HDPE/FT/COMP/FEMTEE/75X2.5/16,HDPE Fittings,STK,0
HDPE/FT/COMP/FEMTEE/75X3/10,HDPE Fittings,STK,0
HDPE/FT/COMP/FEMTEE/75X3/16,HDPE Fittings,STK,0
HDPE/FT/COMP/FEMTEE/90X1.5/10,HDPE Fittings,STK,0
HDPE/FT/COMP/FEMTEE/90X1.5/16,HDPE Fittings,STK,0
HDPE/FT/COMP/FEMTEE/90X3/10,HDPE Fittings,STK,0
HDPE/FT/COMP/FEMTEE/90X3/16,HDPE Fittings,STK,0
HDPE/FT/COMP/FLAADAPT/110X4/10,HDPE Fittings,STK,0
HDPE/FT/COMP/FLAADAPT/110X4/16,HDPE Fittings,STK,0
HDPE/FT/COMP/FLAADAPT/50X2/10,HDPE Fittings,STK,0
HDPE/FT/COMP/FLAADAPT/50X2/16,HDPE Fittings,STK,0
HDPE/FT/COMP/FLADP/40X1.5/10,HDPE Fittings,STK,0
HDPE/FT/COMP/FLADP/40X1.5/16,HDPE Fittings,STK,0
HDPE/FT/COMP/FLADP/50X1.5/10,HDPE Fittings,STK,0
HDPE/FT/COMP/FLADP/50X1.5/16,HDPE Fittings,STK,0
HDPE/FT/COMP/FLADP/50X1/10,HDPE Fittings,STK,0
HDPE/FT/COMP/FLADP/50X1/16,HDPE Fittings,STK,0
HDPE/FT/COMP/FLADP/63X2/10,HDPE Fittings,STK,0
HDPE/FT/COMP/FLADP/63X2/16,HDPE Fittings,STK,0
HDPE/FT/COMP/FLADP/75X2.5/10,HDPE Fittings,STK,0
HDPE/FT/COMP/FLADP/75X2.5/16,HDPE Fittings,STK,0
HDPE/FT/COMP/FLADP/90X3/10,HDPE Fittings,STK,0
HDPE/FT/COMP/FLADP/90X3/16,HDPE Fittings,STK,0
HDPE/FT/COMP/FMB90/110X3/10,HDPE Fittings,STK,0
HDPE/FT/COMP/FMB90/110X3/16,HDPE Fittings,STK,0
HDPE/FT/COMP/FMB90/110X4/10,HDPE Fittings,STK,0
HDPE/FT/COMP/FMB90/110X4/16,HDPE Fittings,STK,0
HDPE/FT/COMP/FMB90/20X0.5/10,HDPE Fittings,STK,0
HDPE/FT/COMP/FMB90/20X0.5/16,HDPE Fittings,STK,0
HDPE/FT/COMP/FMB90/25X0.5/10,HDPE Fittings,STK,0
HDPE/FT/COMP/FMB90/25X0.5/16,HDPE Fittings,STK,0
HDPE/FT/COMP/FMB90/25X0.75/10,HDPE Fittings,STK,0
HDPE/FT/COMP/FMB90/25X0.75/16,HDPE Fittings,STK,0
HDPE/FT/COMP/FMB90/32X0.5/10,HDPE Fittings,STK,0
HDPE/FT/COMP/FMB90/32X0.5/16,HDPE Fittings,STK,0
HDPE/FT/COMP/FMB90/32X0.75/10,HDPE Fittings,STK,0
HDPE/FT/COMP/FMB90/32X0.75/16,HDPE Fittings,STK,0
HDPE/FT/COMP/FMB90/32X1/10,HDPE Fittings,STK,0
HDPE/FT/COMP/FMB90/32X1/16,HDPE Fittings,STK,0
HDPE/FT/COMP/FMB90/40X1.25/10,HDPE Fittings,STK,0
HDPE/FT/COMP/FMB90/40X1.25/16,HDPE Fittings,STK,0
HDPE/FT/COMP/FMB90/50X1.5/10,HDPE Fittings,STK,0
HDPE/FT/COMP/FMB90/50X1.5/16,HDPE Fittings,STK,0
HDPE/FT/COMP/FMB90/63X2/10,HDPE Fittings,STK,0
HDPE/FT/COMP/FMB90/63X2/16,HDPE Fittings,STK,0
HDPE/FT/COMP/FMB90/75X2.5/10,HDPE Fittings,STK,0
HDPE/FT/COMP/FMB90/75X2.5/16,HDPE Fittings,STK,0
HDPE/FT/COMP/FMB90/90X3/10,HDPE Fittings,STK,0
HDPE/FT/COMP/FMB90/90X3/16,HDPE Fittings,STK,0
HDPE/FT/COMP/FMLADAPT/110X4/10,HDPE Fittings,STK,0
HDPE/FT/COMP/FMLADAPT/110X4/16,HDPE Fittings,STK,0
HDPE/FT/COMP/FMLADAPT/32X1/10,HDPE Fittings,STK,0
HDPE/FT/COMP/FMLADAPT/32X1/16,HDPE Fittings,STK,0
HDPE/FT/COMP/FMLADAPT/63X2/10,HDPE Fittings,STK,0
HDPE/FT/COMP/FMLADAPT/63X2/16,HDPE Fittings,STK,0
HDPE/FT/COMP/FMLADAPT/90X3/10,HDPE Fittings,STK,0
HDPE/FT/COMP/FMLADAPT/90X3/16,HDPE Fittings,STK,0
HDPE/FT/COMP/LELB90/20X0.5/10,HDPE Fittings,STK,0
HDPE/FT/COMP/LELB90/20X0.5/16,HDPE Fittings,STK,0
HDPE/FT/COMP/LELB90/25X0.5/10,HDPE Fittings,STK,0
HDPE/FT/COMP/LELB90/25X0.5/16,HDPE Fittings,STK,0
HDPE/FT/COMP/LELB90/32X0.5/10,HDPE Fittings,STK,0
HDPE/FT/COMP/LELB90/32X0.5/16,HDPE Fittings,STK,0
HDPE/FT/COMP/LELB90/32X0.75/10,HDPE Fittings,STK,0
HDPE/FT/COMP/LELB90/32X0.75/16,HDPE Fittings,STK,0
HDPE/FT/COMP/MALELB90/110X4/10,HDPE Fittings,STK,0
HDPE/FT/COMP/MALELB90/110X4/16,HDPE Fittings,STK,0
HDPE/FT/COMP/MALELB90/32X1/10,HDPE Fittings,STK,0
HDPE/FT/COMP/MALELB90/32X1/16,HDPE Fittings,STK,0
HDPE/FT/COMP/MALELB90/63X2/10,HDPE Fittings,STK,0
HDPE/FT/COMP/MALELB90/63X2/16,HDPE Fittings,STK,0
HDPE/FT/COMP/MALELB90/90X3/10,HDPE Fittings,STK,0
HDPE/FT/COMP/MALELB90/90X3/16,HDPE Fittings,STK,0
HDPE/FT/COMP/MALTEE/110X4/10,HDPE Fittings,STK,0
HDPE/FT/COMP/MALTEE/110X4/16,HDPE Fittings,STK,0
HDPE/FT/COMP/MALTEE/20X0.5/10,HDPE Fittings,STK,0
HDPE/FT/COMP/MALTEE/20X0.5/16,HDPE Fittings,STK,0
HDPE/FT/COMP/MALTEE/25X0.75/10,HDPE Fittings,STK,0
HDPE/FT/COMP/MALTEE/25X0.75/16,HDPE Fittings,STK,0
HDPE/FT/COMP/MALTEE/32X1/10,HDPE Fittings,STK,0
HDPE/FT/COMP/MALTEE/32X1/16,HDPE Fittings,STK,0
HDPE/FT/COMP/MALTEE/40X1.25/10,HDPE Fittings,STK,0
HDPE/FT/COMP/MALTEE/40X1.25/16,HDPE Fittings,STK,0
HDPE/FT/COMP/MALTEE/50X1.5/10,HDPE Fittings,STK,0
HDPE/FT/COMP/MALTEE/50X1.5/16,HDPE Fittings,STK,0
HDPE/FT/COMP/MALTEE/63X2/10,HDPE Fittings,STK,0
HDPE/FT/COMP/MALTEE/63X2/16,HDPE Fittings,STK,0
HDPE/FT/COMP/MALTEE/75X2.5/10,HDPE Fittings,STK,0
HDPE/FT/COMP/MALTEE/75X2.5/16,HDPE Fittings,STK,0
HDPE/FT/COMP/MALTEE/90X3/10,HDPE Fittings,STK,0
HDPE/FT/COMP/MALTEE/90X3/16,HDPE Fittings,STK,0
HDPE/FT/COMP/MLADAPT/110X4/10,HDPE Fittings,STK,0
HDPE/FT/COMP/MLADAPT/110X4/16,HDPE Fittings,STK,0
HDPE/FT/COMP/MLADAPT/20X0.5/10,HDPE Fittings,STK,0
HDPE/FT/COMP/MLADAPT/20X0.5/16,HDPE Fittings,STK,0
HDPE/FT/COMP/MLADAPT/32X0.5/16,HDPE Fittings,STK,0
HDPE/FT/COMP/MLADAPT/32X0.75/1,HDPE Fittings,STK,0
HDPE/FT/COMP/MLADAPT/32X1/10,HDPE Fittings,STK,0
HDPE/FT/COMP/MLADAPT/32X1/16,HDPE Fittings,STK,0
HDPE/FT/COMP/MLADAPT/50X1.5/10,HDPE Fittings,STK,0
HDPE/FT/COMP/MLADAPT/50X1.5/16,HDPE Fittings,STK,0
HDPE/FT/COMP/MLADAPT/50X2/10,HDPE Fittings,STK,0
HDPE/FT/COMP/MLADAPT/50X2/16,HDPE Fittings,STK,0
HDPE/FT/COMP/MLADAPT/63X1.5/16,HDPE Fittings,STK,0
HDPE/FT/COMP/MLADAPT/63X2/10,HDPE Fittings,STK,0
HDPE/FT/COMP/MLADAPT/63X2/16,HDPE Fittings,STK,0
HDPE/FT/COMP/MLADAPT/75X2.5/10,HDPE Fittings,STK,0
HDPE/FT/COMP/MLADAPT/75X2.5/16,HDPE Fittings,STK,0
HDPE/FT/COMP/MLADAPT/90X2.5/16,HDPE Fittings,STK,0
HDPE/FT/COMP/MLADAPT/90X3/10,HDPE Fittings,STK,0
HDPE/FT/COMP/MLADAPT/90X3/16,HDPE Fittings,STK,0
HDPE/FT/COMP/MLADPT/25X0.75/10,HDPE Fittings,STK,0
HDPE/FT/COMP/MLADPT/25X0.75/16,HDPE Fittings,STK,0
HDPE/FT/COMP/MLADPT/40X1.25/10,HDPE Fittings,STK,0
HDPE/FT/COMP/MLADPT/40X1.25/16,HDPE Fittings,STK,0
HDPE/FT/COMP/MLLB90/110X4/10,HDPE Fittings,STK,0
HDPE/FT/COMP/MLLB90/110X4/16,HDPE Fittings,STK,0
HDPE/FT/COMP/MLLB90/20X0.5/10,HDPE Fittings,STK,0
HDPE/FT/COMP/MLLB90/20X0.5/16,HDPE Fittings,STK,0
HDPE/FT/COMP/MLLB90/25X0.75/10,HDPE Fittings,STK,0
HDPE/FT/COMP/MLLB90/25X0.75/16,HDPE Fittings,STK,0
HDPE/FT/COMP/MLLB90/32X1/10,HDPE Fittings,STK,0
HDPE/FT/COMP/MLLB90/32X1/16,HDPE Fittings,STK,0
HDPE/FT/COMP/MLLB90/40X1.25/10,HDPE Fittings,STK,0
HDPE/FT/COMP/MLLB90/40X1.25/16,HDPE Fittings,STK,0
HDPE/FT/COMP/MLLB90/50X1.5/10,HDPE Fittings,STK,0
HDPE/FT/COMP/MLLB90/50X1.5/16,HDPE Fittings,STK,0
HDPE/FT/COMP/MLLB90/63X1.5/10,HDPE Fittings,STK,0
HDPE/FT/COMP/MLLB90/63X1.5/16,HDPE Fittings,STK,0
HDPE/FT/COMP/MLLB90/63X2/10,HDPE Fittings,STK,0
HDPE/FT/COMP/MLLB90/63X2/16,HDPE Fittings,STK,0
HDPE/FT/COMP/MLLB90/75X2.5/10,HDPE Fittings,STK,0
HDPE/FT/COMP/MLLB90/75X2.5/16,HDPE Fittings,STK,0
HDPE/FT/COMP/MLLB90/90X3/10,HDPE Fittings,STK,0
HDPE/FT/COMP/MLLB90/90X3/16,HDPE Fittings,STK,0
"HDPE/FT/COMP/PEG/3/4""X0.75""/10",HDPE Fittings,STK,0
"HDPE/FT/COMP/PEG/3/4""X0.75""/16",HDPE Fittings,STK,0
"HDPE/FT/COMP/PEGEXT/0.75""/10",HDPE Fittings,STK,0
"HDPE/FT/COMP/PEGEXT/0.75""/16",HDPE Fittings,STK,0
HDPE/FT/COMP/PEGTEE/32X0.75/10,HDPE Fittings,STK,0
HDPE/FT/COMP/PEGTEE/32X0.75/16,HDPE Fittings,STK,0
HDPE/FT/COMP/REDCPLER/110X75/1,HDPE Fittings,STK,0
HDPE/FT/COMP/REDCPLER/110X90/1,HDPE Fittings,STK,0
HDPE/FT/COMP/REDCPLER/25X20/10,HDPE Fittings,STK,0
HDPE/FT/COMP/REDCPLER/25X20/16,HDPE Fittings,STK,0
HDPE/FT/COMP/REDCPLER/32X20/10,HDPE Fittings,STK,0
HDPE/FT/COMP/REDCPLER/32X20/16,HDPE Fittings,STK,0
HDPE/FT/COMP/REDCPLER/32X25/10,HDPE Fittings,STK,0
HDPE/FT/COMP/REDCPLER/32X25/16,HDPE Fittings,STK,0
HDPE/FT/COMP/REDCPLER/40X25/10,HDPE Fittings,STK,0
HDPE/FT/COMP/REDCPLER/40X25/16,HDPE Fittings,STK,0
HDPE/FT/COMP/REDCPLER/40X32/10,HDPE Fittings,STK,0
HDPE/FT/COMP/REDCPLER/40X32/16,HDPE Fittings,STK,0
HDPE/FT/COMP/REDCPLER/50X25/10,HDPE Fittings,STK,0
HDPE/FT/COMP/REDCPLER/50X25/16,HDPE Fittings,STK,0
HDPE/FT/COMP/REDCPLER/50X32/10,HDPE Fittings,STK,0
HDPE/FT/COMP/REDCPLER/50X32/16,HDPE Fittings,STK,0
HDPE/FT/COMP/REDCPLER/50X40/10,HDPE Fittings,STK,0
HDPE/FT/COMP/REDCPLER/50X40/16,HDPE Fittings,STK,0
HDPE/FT/COMP/REDCPLER/63X25/10,HDPE Fittings,STK,0
HDPE/FT/COMP/REDCPLER/63X25/16,HDPE Fittings,STK,0
HDPE/FT/COMP/REDCPLER/63X32/10,HDPE Fittings,STK,0
HDPE/FT/COMP/REDCPLER/63X32/16,HDPE Fittings,STK,0
HDPE/FT/COMP/REDCPLER/63X40/10,HDPE Fittings,STK,0
HDPE/FT/COMP/REDCPLER/63X40/16,HDPE Fittings,STK,0
HDPE/FT/COMP/REDCPLER/63X50/10,HDPE Fittings,STK,0
HDPE/FT/COMP/REDCPLER/63X50/16,HDPE Fittings,STK,0
HDPE/FT/COMP/REDCPLER/75X50/10,HDPE Fittings,STK,0
HDPE/FT/COMP/REDCPLER/75X50/16,HDPE Fittings,STK,0
HDPE/FT/COMP/REDCPLER/75X63/10,HDPE Fittings,STK,0
HDPE/FT/COMP/REDCPLER/75X63/16,HDPE Fittings,STK,0
HDPE/FT/COMP/REDCPLER/90X50/10,HDPE Fittings,STK,0
HDPE/FT/COMP/REDCPLER/90X50/16,HDPE Fittings,STK,0
HDPE/FT/COMP/REDCPLER/90X63/10,HDPE Fittings,STK,0
HDPE/FT/COMP/REDCPLER/90X63/16,HDPE Fittings,STK,0
HDPE/FT/COMP/REDCPLER/90X75/10,HDPE Fittings,STK,0
HDPE/FT/COMP/REDCPLER/90X75/16,HDPE Fittings,STK,0
HDPE/FT/COMP/REDCPLR/110X32/10,HDPE Fittings,STK,0
HDPE/FT/COMP/REDCPLR/110X32/16,HDPE Fittings,STK,0
HDPE/FT/COMP/REDCPLR/110X75/10,HDPE Fittings,STK,0
HDPE/FT/COMP/REDCPLR/110X75/16,HDPE Fittings,STK,0
HDPE/FT/COMP/REDCPLR/110X90/10,HDPE Fittings,STK,0
HDPE/FT/COMP/REDCPLR/110X90/16,HDPE Fittings,STK,0
HDPE/FT/COMP/REDTEE/110X32/10,HDPE Fittings,STK,0
HDPE/FT/COMP/REDTEE/110X32/16,HDPE Fittings,STK,0
HDPE/FT/COMP/REDTEE/110X75/10,HDPE Fittings,STK,0
HDPE/FT/COMP/REDTEE/110X75/16,HDPE Fittings,STK,0
HDPE/FT/COMP/REDTEE/110X90/10,HDPE Fittings,STK,0
HDPE/FT/COMP/REDTEE/110X90/16,HDPE Fittings,STK,0
HDPE/FT/COMP/REDTEE/25X20/10,HDPE Fittings,STK,0
HDPE/FT/COMP/REDTEE/25X20/16,HDPE Fittings,STK,0
HDPE/FT/COMP/REDTEE/32X20/10,HDPE Fittings,STK,0
HDPE/FT/COMP/REDTEE/32X20/16,HDPE Fittings,STK,0
HDPE/FT/COMP/REDTEE/32X25/10,HDPE Fittings,STK,0
HDPE/FT/COMP/REDTEE/32X25/16,HDPE Fittings,STK,0
HDPE/FT/COMP/REDTEE/40X25/10,HDPE Fittings,STK,0
HDPE/FT/COMP/REDTEE/40X25/16,HDPE Fittings,STK,0
HDPE/FT/COMP/REDTEE/40X32/10,HDPE Fittings,STK,0
HDPE/FT/COMP/REDTEE/40X32/16,HDPE Fittings,STK,0
HDPE/FT/COMP/REDTEE/50X25/10,HDPE Fittings,STK,0
HDPE/FT/COMP/REDTEE/50X25/16,HDPE Fittings,STK,0
HDPE/FT/COMP/REDTEE/50X32/10,HDPE Fittings,STK,0
HDPE/FT/COMP/REDTEE/50X32/16,HDPE Fittings,STK,0
HDPE/FT/COMP/REDTEE/50X40/10,HDPE Fittings,STK,0
HDPE/FT/COMP/REDTEE/50X40/16,HDPE Fittings,STK,0
HDPE/FT/COMP/REDTEE/63X25/10,HDPE Fittings,STK,0
HDPE/FT/COMP/REDTEE/63X25/16,HDPE Fittings,STK,0
HDPE/FT/COMP/REDTEE/63X32/10,HDPE Fittings,STK,0
HDPE/FT/COMP/REDTEE/63X32/16,HDPE Fittings,STK,0
HDPE/FT/COMP/REDTEE/63X40/10,HDPE Fittings,STK,0
HDPE/FT/COMP/REDTEE/63X40/16,HDPE Fittings,STK,0
HDPE/FT/COMP/REDTEE/63X50/10,HDPE Fittings,STK,0
HDPE/FT/COMP/REDTEE/63X50/16,HDPE Fittings,STK,0
HDPE/FT/COMP/REDTEE/75X32/10,HDPE Fittings,STK,0
HDPE/FT/COMP/REDTEE/75X32/16,HDPE Fittings,STK,0
HDPE/FT/COMP/REDTEE/75X40/10,HDPE Fittings,STK,0
HDPE/FT/COMP/REDTEE/75X40/16,HDPE Fittings,STK,0
HDPE/FT/COMP/REDTEE/75X50/10,HDPE Fittings,STK,0
HDPE/FT/COMP/REDTEE/75X50/16,HDPE Fittings,STK,0
HDPE/FT/COMP/REDTEE/75X63/10,HDPE Fittings,STK,0
HDPE/FT/COMP/REDTEE/75X63/16,HDPE Fittings,STK,0
HDPE/FT/COMP/REDTEE/90X63/10,HDPE Fittings,STK,0
HDPE/FT/COMP/REDTEE/90X63/16,HDPE Fittings,STK,0
HDPE/FT/COMP/REDTEE/90X75/10,HDPE Fittings,STK,0
HDPE/FT/COMP/REDTEE/90X75/16,HDPE Fittings,STK,0
HDPE/FT/COMP/REPCPLER/110/16,HDPE Fittings,STK,0
HDPE/FT/COMP/REPCPLER/25/16,HDPE Fittings,STK,0
HDPE/FT/COMP/REPCPLER/32/16,HDPE Fittings,STK,0
HDPE/FT/COMP/REPCPLER/40/16,HDPE Fittings,STK,0
HDPE/FT/COMP/REPCPLER/50/16,HDPE Fittings,STK,0
HDPE/FT/COMP/REPCPLER/63/16,HDPE Fittings,STK,0
HDPE/FT/COMP/REPCPLER/75/16,HDPE Fittings,STK,0
HDPE/FT/COMP/REPCPLER/90/16,HDPE Fittings,STK,0
HDPE/FT/COMP/SDLE/110X20/16,HDPE Fittings,STK,0
HDPE/FT/COMP/SDLE/110X25/16,HDPE Fittings,STK,0
HDPE/FT/COMP/SDLE/110X32/16,HDPE Fittings,STK,0
HDPE/FT/COMP/SDLE/160X20/16,HDPE Fittings,STK,0
HDPE/FT/COMP/SDLE/160X25/16,HDPE Fittings,STK,0
HDPE/FT/COMP/SDLE/160X32/16,HDPE Fittings,STK,0
HDPE/FT/COMP/SDLE/63X32/16,HDPE Fittings,STK,0
HDPE/FT/COMP/SDLE/90X32/16,HDPE Fittings,STK,0
HDPE/FT/COMP/TCPLR/20/27X25/16,HDPE Fittings,STK,0
HDPE/FT/COMP/TCPLR/20/34X32/16,HDPE Fittings,STK,0
HDPE/FT/COMP/WRENCH/16-63,HDPE Fittings,STK,0
HDPE/FT/COMP/WRENCH/63-110,HDPE Fittings,STK,0
HDPE/FT/DBLSDLE/75X1.5/16,HDPE Fittings,STK,0
HDPE/FT/DBLSDLE/75X2/16,HDPE Fittings,STK,0
HDPE/FT/EF/CPLER/110/16,HDPE Fittings,STK,0
HDPE/FT/EF/CPLER/125/16,HDPE Fittings,STK,0
HDPE/FT/EF/CPLER/140/16,HDPE Fittings,STK,0
HDPE/FT/EF/CPLER/160/16,HDPE Fittings,STK,0
HDPE/FT/EF/CPLER/180/16,HDPE Fittings,STK,0
HDPE/FT/EF/CPLER/20/16,HDPE Fittings,STK,0
HDPE/FT/EF/CPLER/200/16,HDPE Fittings,STK,0
HDPE/FT/EF/CPLER/225/10,HDPE Fittings,STK,0
HDPE/FT/EF/CPLER/225/16,HDPE Fittings,STK,0
HDPE/FT/EF/CPLER/25/16,HDPE Fittings,STK,0
HDPE/FT/EF/CPLER/250/10,HDPE Fittings,STK,0
HDPE/FT/EF/CPLER/250/16,HDPE Fittings,STK,0
HDPE/FT/EF/CPLER/280/10,HDPE Fittings,STK,0
HDPE/FT/EF/CPLER/280/16,HDPE Fittings,STK,0
HDPE/FT/EF/CPLER/315/10,HDPE Fittings,STK,0
HDPE/FT/EF/CPLER/315/16,HDPE Fittings,STK,0
HDPE/FT/EF/CPLER/315/20,HDPE Fittings,STK,0
HDPE/FT/EF/CPLER/32/16,HDPE Fittings,STK,0
HDPE/FT/EF/CPLER/355/10,HDPE Fittings,STK,0
HDPE/FT/EF/CPLER/355/16,HDPE Fittings,STK,0
HDPE/FT/EF/CPLER/40/16,HDPE Fittings,STK,0
HDPE/FT/EF/CPLER/400/10,HDPE Fittings,STK,0
HDPE/FT/EF/CPLER/400/16,HDPE Fittings,STK,0
HDPE/FT/EF/CPLER/400/20,HDPE Fittings,STK,0
HDPE/FT/EF/CPLER/50/16,HDPE Fittings,STK,0
HDPE/FT/EF/CPLER/500/10,HDPE Fittings,STK,0
HDPE/FT/EF/CPLER/500/16,HDPE Fittings,STK,0
HDPE/FT/EF/CPLER/63/16,HDPE Fittings,STK,0
HDPE/FT/EF/CPLER/630/16,HDPE Fittings,STK,0
HDPE/FT/EF/CPLER/75/16,HDPE Fittings,STK,0
HDPE/FT/EF/CPLER/90/16,HDPE Fittings,STK,0
HDPE/FT/EF/ELBOW45/110/16,HDPE Fittings,STK,0
HDPE/FT/EF/ELBOW45/125/16,HDPE Fittings,STK,0
HDPE/FT/EF/ELBOW45/160/16,HDPE Fittings,STK,0
HDPE/FT/EF/ELBOW45/180/16,HDPE Fittings,STK,0
HDPE/FT/EF/ELBOW45/32/16,HDPE Fittings,STK,0
HDPE/FT/EF/ELBOW45/40/16,HDPE Fittings,STK,0
HDPE/FT/EF/ELBOW45/50/16,HDPE Fittings,STK,0
HDPE/FT/EF/ELBOW45/63/16,HDPE Fittings,STK,0
HDPE/FT/EF/ELBOW45/75/16,HDPE Fittings,STK,0
HDPE/FT/EF/ELBOW45/90/16,HDPE Fittings,STK,0
HDPE/FT/EF/ELBOW90/110/16,HDPE Fittings,STK,0
HDPE/FT/EF/ELBOW90/125/16,HDPE Fittings,STK,0
HDPE/FT/EF/ELBOW90/160/16,HDPE Fittings,STK,0
HDPE/FT/EF/ELBOW90/180/16,HDPE Fittings,STK,0
HDPE/FT/EF/ELBOW90/25/16,HDPE Fittings,STK,0
HDPE/FT/EF/ELBOW90/32/16,HDPE Fittings,STK,0
HDPE/FT/EF/ELBOW90/40/16,HDPE Fittings,STK,0
HDPE/FT/EF/ELBOW90/50/16,HDPE Fittings,STK,0
HDPE/FT/EF/ELBOW90/63/16,HDPE Fittings,STK,0
HDPE/FT/EF/ELBOW90/75/16,HDPE Fittings,STK,0
HDPE/FT/EF/ELBOW90/90/16,HDPE Fittings,STK,0
HDPE/FT/EF/ENDCAP/110/16,HDPE Fittings,STK,0
HDPE/FT/EF/ENDCAP/125/16,HDPE Fittings,STK,0
HDPE/FT/EF/ENDCAP/160/16,HDPE Fittings,STK,0
HDPE/FT/EF/ENDCAP/180/16,HDPE Fittings,STK,0
HDPE/FT/EF/ENDCAP/20/16,HDPE Fittings,STK,0
HDPE/FT/EF/ENDCAP/200/16,HDPE Fittings,STK,0
HDPE/FT/EF/ENDCAP/225/16,HDPE Fittings,STK,0
HDPE/FT/EF/ENDCAP/25/16,HDPE Fittings,STK,0
HDPE/FT/EF/ENDCAP/32/16,HDPE Fittings,STK,0
HDPE/FT/EF/ENDCAP/40/16,HDPE Fittings,STK,0
HDPE/FT/EF/ENDCAP/50/16,HDPE Fittings,STK,0
HDPE/FT/EF/ENDCAP/63/16,HDPE Fittings,STK,0
HDPE/FT/EF/ENDCAP/90/16,HDPE Fittings,STK,0
HDPE/FT/EF/REDCPLER/110X63/16,HDPE Fittings,STK,0
HDPE/FT/EF/REDCPLER/110X90/16,HDPE Fittings,STK,0
HDPE/FT/EF/REDCPLER/125X63/16,HDPE Fittings,STK,0
HDPE/FT/EF/REDCPLER/125X90/16,HDPE Fittings,STK,0
HDPE/FT/EF/REDCPLER/160X110/16,HDPE Fittings,STK,0
HDPE/FT/EF/REDCPLER/180X125/16,HDPE Fittings,STK,0
HDPE/FT/EF/REDCPLER/200X160/16,HDPE Fittings,STK,0
HDPE/FT/EF/REDCPLER/225X160/16,HDPE Fittings,STK,0
HDPE/FT/EF/REDCPLER/250X180/16,HDPE Fittings,STK,0
HDPE/FT/EF/REDCPLER/25X20/16,HDPE Fittings,STK,0
HDPE/FT/EF/REDCPLER/315X250/16,HDPE Fittings,STK,0
HDPE/FT/EF/REDCPLER/32X20/16,HDPE Fittings,STK,0
HDPE/FT/EF/REDCPLER/32X25/16,HDPE Fittings,STK,0
HDPE/FT/EF/REDCPLER/40X32/16,HDPE Fittings,STK,0
HDPE/FT/EF/REDCPLER/50X32/16,HDPE Fittings,STK,0
HDPE/FT/EF/REDCPLER/63X32/16,HDPE Fittings,STK,0
HDPE/FT/EF/REDCPLER/63X40/16,HDPE Fittings,STK,0
HDPE/FT/EF/REDCPLER/63X50/16,HDPE Fittings,STK,0
HDPE/FT/EF/REDCPLER/90X63/16,HDPE Fittings,STK,0
HDPE/FT/EF/REDCPLER/90X75/16,HDPE Fittings,STK,0
HDPE/FT/EF/REDUCER/355X315/10,HDPE Fittings,STK,0
HDPE/FT/EF/TEE/110/16,HDPE Fittings,STK,0
HDPE/FT/EF/TEE/125/16,HDPE Fittings,STK,0
HDPE/FT/EF/TEE/160/16,HDPE Fittings,STK,0
HDPE/FT/EF/TEE/180/16,HDPE Fittings,STK,0
HDPE/FT/EF/TEE/20/16,HDPE Fittings,STK,0
HDPE/FT/EF/TEE/200/16,HDPE Fittings,STK,0
HDPE/FT/EF/TEE/25/16,HDPE Fittings,STK,0
HDPE/FT/EF/TEE/32/16,HDPE Fittings,STK,0
HDPE/FT/EF/TEE/40/16,HDPE Fittings,STK,0
HDPE/FT/EF/TEE/50/16,HDPE Fittings,STK,0
HDPE/FT/EF/TEE/63/16,HDPE Fittings,STK,0
HDPE/FT/EF/TEE/75/16,HDPE Fittings,STK,0
HDPE/FT/EF/TEE/90/16,HDPE Fittings,STK,0
HDPE/FT/EF/TPSADDLE/315X50/16,HDPE Fittings,STK,0
HDPE/FT/EF/TPSADDLE/450X50/16,HDPE Fittings,STK,0
HDPE/FT/EF/TPSADDLE/500X160/16,HDPE Fittings,STK,0
HDPE/FT/EF/TPSADDLE/500X250/16,HDPE Fittings,STK,0
HDPE/FT/EF/TPSADDLE/500X50/16,HDPE Fittings,STK,0
HDPE/FT/EF/TPSADDLE/560X110/16,HDPE Fittings,STK,0
HDPE/FT/EF/TPSADDLE/630X200/16,HDPE Fittings,STK,0
HDPE/FT/EF/TPSADDLE/630X250/16,HDPE Fittings,STK,0
HDPE/FT/EF/TPSADDLE/630X90/16,HDPE Fittings,STK,0
HDPE/FT/EF/TRANSML/32X1/16,HDPE Fittings,STK,0
HDPE/FT/EF/TRANSML/63X2/16,HDPE Fittings,STK,0
HDPE/FT/EF/TRANSML/90X3/16,HDPE Fittings,STK,0
HDPE/FT/EF/UCBRNSADL/110X32/16,HDPE Fittings,STK,0
HDPE/FT/EF/UCBRNSADL/110X63/16,HDPE Fittings,STK,0
HDPE/FT/EF/UCBRNSADL/125X32/16,HDPE Fittings,STK,0
HDPE/FT/EF/UCBRNSADL/125X63/16,HDPE Fittings,STK,0
HDPE/FT/EF/UCBRNSADL/140X32/16,HDPE Fittings,STK,0
HDPE/FT/EF/UCBRNSADL/140X63/16,HDPE Fittings,STK,0
HDPE/FT/EF/UCBRNSADL/160X32/16,HDPE Fittings,STK,0
HDPE/FT/EF/UCBRNSADL/160X63/16,HDPE Fittings,STK,0
HDPE/FT/EF/UCBRNSADL/160X90/16,HDPE Fittings,STK,0
HDPE/FT/EF/UCBRNSADL/180X32/16,HDPE Fittings,STK,0
HDPE/FT/EF/UCBRNSADL/180X63/16,HDPE Fittings,STK,0
HDPE/FT/EF/UCBRNSADL/180X90/16,HDPE Fittings,STK,0
HDPE/FT/EF/UCBRNSADL/200X32/16,HDPE Fittings,STK,0
HDPE/FT/EF/UCBRNSADL/200X63/16,HDPE Fittings,STK,0
HDPE/FT/EF/UCBRNSADL/225X32/16,HDPE Fittings,STK,0
HDPE/FT/EF/UCBRNSADL/225X63/16,HDPE Fittings,STK,0
HDPE/FT/EF/UCBRNSADL/250X32/16,HDPE Fittings,STK,0
HDPE/FT/EF/UCBRNSADL/250X63/16,HDPE Fittings,STK,0
HDPE/FT/EF/UCBRNSADL/63X32/16,HDPE Fittings,STK,0
HDPE/FT/EF/UCBRNSADL/75X32/16,HDPE Fittings,STK,0
HDPE/FT/EF/UCBRNSADL/90X32/16,HDPE Fittings,STK,0
HDPE/FT/EF/UCBRNSADL/90X63/16,HDPE Fittings,STK,0
HDPE/FT/EF/UCSADDLE/200X90/10,HDPE Fittings,STK,0
HDPE/FT/EF/UCSADDLE/225X90/10,HDPE Fittings,STK,0
HDPE/FT/EF/UCSADDLE/250X90/10,HDPE Fittings,STK,0
HDPE/FT/EF/UCTAPNGTE/110X20/16,HDPE Fittings,STK,0
HDPE/FT/EF/UCTAPNGTE/110X25/16,HDPE Fittings,STK,0
HDPE/FT/EF/UCTAPNGTE/110X32/16,HDPE Fittings,STK,0
HDPE/FT/EF/UCTAPNGTE/110X63/16,HDPE Fittings,STK,0
HDPE/FT/EF/UCTAPNGTE/125X32/16,HDPE Fittings,STK,0
HDPE/FT/EF/UCTAPNGTE/125X63/16,HDPE Fittings,STK,0
HDPE/FT/EF/UCTAPNGTE/140X32/16,HDPE Fittings,STK,0
HDPE/FT/EF/UCTAPNGTE/140X63/16,HDPE Fittings,STK,0
HDPE/FT/EF/UCTAPNGTE/160X20/16,HDPE Fittings,STK,0
HDPE/FT/EF/UCTAPNGTE/160X25/16,HDPE Fittings,STK,0
HDPE/FT/EF/UCTAPNGTE/160X32/16,HDPE Fittings,STK,0
HDPE/FT/EF/UCTAPNGTE/160X63/16,HDPE Fittings,STK,0
HDPE/FT/EF/UCTAPNGTE/180X32/16,HDPE Fittings,STK,0
HDPE/FT/EF/UCTAPNGTE/180X63/16,HDPE Fittings,STK,0
HDPE/FT/EF/UCTAPNGTE/200X32/16,HDPE Fittings,STK,0
HDPE/FT/EF/UCTAPNGTE/200X63/16,HDPE Fittings,STK,0
HDPE/FT/EF/UCTAPNGTE/225X32/16,HDPE Fittings,STK,0
HDPE/FT/EF/UCTAPNGTE/225X63/16,HDPE Fittings,STK,0
HDPE/FT/EF/UCTAPNGTE/250X32/16,HDPE Fittings,STK,0
HDPE/FT/EF/UCTAPNGTE/250X63/16,HDPE Fittings,STK,0
HDPE/FT/EF/UCTAPNGTE/40X20/16,HDPE Fittings,STK,0
HDPE/FT/EF/UCTAPNGTE/40X25/16,HDPE Fittings,STK,0
HDPE/FT/EF/UCTAPNGTE/40X32/16,HDPE Fittings,STK,0
HDPE/FT/EF/UCTAPNGTE/50X20/16,HDPE Fittings,STK,0
HDPE/FT/EF/UCTAPNGTE/50X25/16,HDPE Fittings,STK,0
HDPE/FT/EF/UCTAPNGTE/50X32/16,HDPE Fittings,STK,0
HDPE/FT/EF/UCTAPNGTE/63X20/16,HDPE Fittings,STK,0
HDPE/FT/EF/UCTAPNGTE/63X25/16,HDPE Fittings,STK,0
HDPE/FT/EF/UCTAPNGTE/63X32/16,HDPE Fittings,STK,0
HDPE/FT/EF/UCTAPNGTE/75X20/16,HDPE Fittings,STK,0
HDPE/FT/EF/UCTAPNGTE/75X25/16,HDPE Fittings,STK,0
HDPE/FT/EF/UCTAPNGTE/75X32/16,HDPE Fittings,STK,0
HDPE/FT/EF/UCTAPNGTE/90X20/16,HDPE Fittings,STK,0
HDPE/FT/EF/UCTAPNGTE/90X25/16,HDPE Fittings,STK,0
HDPE/FT/EF/UCTAPNGTE/90X32/16,HDPE Fittings,STK,0
HDPE/FT/EF/UCTAPNGTE/90X363/16,HDPE Fittings,STK,0
HDPE/FT/EF/UCTAPNGTE/90X63/16,HDPE Fittings,STK,0
HDPE/FT/LCL/COMP/BV/32/16,HDPE Fittings,STK,0
HDPE/FT/LCL/COMP/BV/63/16,HDPE Fittings,STK,0
HDPE/FT/LCL/COMP/ENDPLUG/25/16,HDPE Fittings,STK,0
HDPE/FT/LCL/COMP/ENDPLUG/75/16,HDPE Fittings,STK,0
HDPE/FT/LCL/COMP/FADAPT/20X0.5,HDPE Fittings,STK,0
HDPE/FT/LCL/COMP/FEMTEE/25X0.7,HDPE Fittings,STK,0
HDPE/FT/LCL/COMP/FLADP/63X2/16,HDPE Fittings,STK,0
HDPE/FT/LCL/COMP/FLADP/75X2.5/,HDPE Fittings,STK,0
HDPE/FT/LCL/COMP/FLADP/90X3/16,HDPE Fittings,STK,0
HDPE/FT/LCL/COMP/FMB90/25X0.5/,HDPE Fittings,STK,0
HDPE/FT/LCL/COMP/MLDAPT/20X0.5,HDPE Fittings,STK,0
HDPE/FT/LCL/COMP/REDCPLER/63X2,HDPE Fittings,STK,0
HDPE/FT/LCL/COMP/REDCPLER/75X6,HDPE Fittings,STK,0
HDPE/FT/LCL/COMP/REDCPLR/90X75,HDPE Fittings,STK,0
HDPE/FT/LCL/COMP/REDTEE/40X20/,HDPE Fittings,STK,0
HDPE/FT/LCL/COMP/REDTEE/50X32/,HDPE Fittings,STK,0
HDPE/FT/LCL/COMP/REDTEE/63X32/,HDPE Fittings,STK,0
HDPE/FT/LCL/COMP/REDTEE/63X40/,HDPE Fittings,STK,0
HDPE/FT/LCL/COMP/REDTEE/63X50/,HDPE Fittings,STK,0
HDPE/FT/LCL/COMP/REDTEE/75X63/,HDPE Fittings,STK,0
HDPE/FT/LCL/COMP/SDLE/50X0.75/,HDPE Fittings,STK,0
HDPE/FT/LCL/COMP/SDLE/50X1.25/,HDPE Fittings,STK,0
HDPE/FT/LCL/COMP/SDLE/63X1.5/1,HDPE Fittings,STK,0
HDPE/FT/LCL/COMP/SDLE/90X32/16,HDPE Fittings,STK,0
HDPE/FT/LCL/CPLER/110/16,HDPE Fittings,STK,0
HDPE/FT/LCL/CPLER/20/10,HDPE Fittings,STK,0
HDPE/FT/LCL/CPLER/20/16,HDPE Fittings,STK,0
HDPE/FT/LCL/CPLER/25/10,HDPE Fittings,STK,0
HDPE/FT/LCL/CPLER/25/16,HDPE Fittings,STK,0
HDPE/FT/LCL/CPLER/32/10,HDPE Fittings,STK,0
HDPE/FT/LCL/CPLER/32/16,HDPE Fittings,STK,0
HDPE/FT/LCL/CPLER/40/16,HDPE Fittings,STK,0
HDPE/FT/LCL/CPLER/50/16,HDPE Fittings,STK,0
HDPE/FT/LCL/CPLER/63/16,HDPE Fittings,STK,0
HDPE/FT/LCL/CPLER/75/16,HDPE Fittings,STK,0
HDPE/FT/LCL/CPLER/90/16,HDPE Fittings,STK,0
HDPE/FT/LCL/ELBOW90/125/16,HDPE Fittings,STK,0
HDPE/FT/LCL/ELBOW90/32/16,HDPE Fittings,STK,0
HDPE/FT/LCL/ELBOW90/40/16,HDPE Fittings,STK,0
HDPE/FT/LCL/ELBOW90/50/16,HDPE Fittings,STK,0
HDPE/FT/LCL/ELBOW90/63/16,HDPE Fittings,STK,0
HDPE/FT/LCL/ELBOW90/75/16,HDPE Fittings,STK,0
HDPE/FT/LCL/ELBOW90/90/16,HDPE Fittings,STK,0
HDPE/FT/LCL/ENDPLUG/32/16,HDPE Fittings,STK,0
HDPE/FT/LCL/ENDPLUG/40/16,HDPE Fittings,STK,0
HDPE/FT/LCL/ENDPLUG/50/16,HDPE Fittings,STK,0
HDPE/FT/LCL/ENDPLUG/63/16,HDPE Fittings,STK,0
HDPE/FT/LCL/EQT/110/16,HDPE Fittings,STK,0
HDPE/FT/LCL/EQT/125/16,HDPE Fittings,STK,0
HDPE/FT/LCL/EQT/20/10,HDPE Fittings,STK,0
HDPE/FT/LCL/EQT/25/16,HDPE Fittings,STK,0
HDPE/FT/LCL/EQT/32/10,HDPE Fittings,STK,0
HDPE/FT/LCL/EQT/32/16,HDPE Fittings,STK,0
HDPE/FT/LCL/EQT/40/16,HDPE Fittings,STK,0
HDPE/FT/LCL/EQT/50/16,HDPE Fittings,STK,0
HDPE/FT/LCL/EQT/63/16,HDPE Fittings,STK,0
HDPE/FT/LCL/EQT/90/16,HDPE Fittings,STK,0
HDPE/FT/LCL/FMLADAPT/20X0.5/16,HDPE Fittings,STK,0
HDPE/FT/LCL/FMLADAPT/25X0.75/1,HDPE Fittings,STK,0
HDPE/FT/LCL/FMLADAPT/32X1/16,HDPE Fittings,STK,0
HDPE/FT/LCL/FMLADAPT/40X11/4/1,HDPE Fittings,STK,0
HDPE/FT/LCL/FMLADAPT/50X1.5/16,HDPE Fittings,STK,0
HDPE/FT/LCL/FMLADAPT/63X2/16,HDPE Fittings,STK,0
HDPE/FT/LCL/MLADAPT/110X4/16,HDPE Fittings,STK,0
HDPE/FT/LCL/MLADAPT/20X0.5/16,HDPE Fittings,STK,0
HDPE/FT/LCL/MLADAPT/25X0.75/16,HDPE Fittings,STK,0
HDPE/FT/LCL/MLADAPT/32X1/16,HDPE Fittings,STK,0
HDPE/FT/LCL/MLADAPT/40X11/4/16,HDPE Fittings,STK,0
HDPE/FT/LCL/MLADAPT/50X1.5/16,HDPE Fittings,STK,0
HDPE/FT/LCL/MLADAPT/63X1.5/16,HDPE Fittings,STK,0
HDPE/FT/LCL/MLADAPT/63X2/16,HDPE Fittings,STK,0
HDPE/FT/LCL/MLADAPT/75X2.5/16,HDPE Fittings,STK,0
HDPE/FT/LCL/MLADAPT/90X3/16,HDPE Fittings,STK,0
HDPE/FT/LCL/MLLB90/63X2/16,HDPE Fittings,STK,0
HDPE/FT/LCL/QUKCPLER/KEY/3/4,HDPE Fittings,STK,0
HDPE/FT/LCL/QUKCPLER/VALKEY/3/,HDPE Fittings,STK,0
HDPE/FT/LCL/QUKCPLER/VALVE/3/4,HDPE Fittings,STK,0
HDPE/FT/LCL/REDCPLER/110X75/16,HDPE Fittings,STK,0
HDPE/FT/LCL/REDCPLER/110X90/16,HDPE Fittings,STK,0
HDPE/FT/LCL/REDCPLER/40X32/16,HDPE Fittings,STK,0
HDPE/FT/LCL/REDCPLER/50X40/16,HDPE Fittings,STK,0
HDPE/FT/LCL/REDCPLER/63X40/16,HDPE Fittings,STK,0
HDPE/FT/LCL/REDCPLER/63X50/16,HDPE Fittings,STK,0
HDPE/FT/LCL/REDCPLER/75X50/16,HDPE Fittings,STK,0
HDPE/FT/LCL/REDCPLER/90X63/16,HDPE Fittings,STK,0
HDPE/FT/LCL/REDTEE/125X110/16,HDPE Fittings,STK,0
HDPE/FT/LCL/REDTEE/32X25/16,HDPE Fittings,STK,0
HDPE/FT/LCL/REDTEE/40X25/16,HDPE Fittings,STK,0
HDPE/FT/LCL/REDTEE/63X25/16,HDPE Fittings,STK,0
HDPE/FT/LCL/SDLE/110X0.5/16,HDPE Fittings,STK,0
HDPE/FT/LCL/SDLE/110X0.75/10,HDPE Fittings,STK,0
HDPE/FT/LCL/SDLE/110X1.5/10,HDPE Fittings,STK,0
HDPE/FT/LCL/SDLE/200X1/10,HDPE Fittings,STK,0
HDPE/FT/LCL/SDLE/200X2/10,HDPE Fittings,STK,0
HDPE/FT/LCL/SDLE/32X0.5/16,HDPE Fittings,STK,0
HDPE/FT/LCL/SDLE/32X0.75/16,HDPE Fittings,STK,0
HDPE/FT/LCL/SDLE/32X1/10,HDPE Fittings,STK,0
HDPE/FT/LCL/SDLE/40X0.5/10,HDPE Fittings,STK,0
HDPE/FT/LCL/SDLE/50X1/10,HDPE Fittings,STK,0
HDPE/FT/LCL/SDLE/50X1/16,HDPE Fittings,STK,0
HDPE/FT/LCL/SDLE/63X0.5/16,HDPE Fittings,STK,0
HDPE/FT/LCL/SDLE/63X0.75/16,HDPE Fittings,STK,0
HDPE/FT/LCL/SDLE/63X1/16,HDPE Fittings,STK,0
HDPE/FT/LCL/SDLE/75X0.5/16,HDPE Fittings,STK,0
HDPE/FT/LCL/SDLE/75X0.75/16,HDPE Fittings,STK,0
HDPE/FT/LCL/SDLE/75X1.5/10,HDPE Fittings,STK,0
HDPE/FT/LCL/SDLE/75X2/16,HDPE Fittings,STK,0
HDPE/FT/LCL/SDLE/90X1.25/16,HDPE Fittings,STK,0
HDPE/FT/POL/BV/32/16,HDPE Fittings,STK,0
HDPE/FT/POL/BV/63/16,HDPE Fittings,STK,0
HDPE/FT/POL/CPLER/110/16,HDPE Fittings,STK,0
HDPE/FT/POL/CPLER/125/10,HDPE Fittings,STK,0
HDPE/FT/POL/CPLER/125/16,HDPE Fittings,STK,0
HDPE/FT/POL/CPLER/20/10,HDPE Fittings,STK,0
HDPE/FT/POL/CPLER/20/16,HDPE Fittings,STK,0
HDPE/FT/POL/CPLER/25/10,HDPE Fittings,STK,0
HDPE/FT/POL/CPLER/25/16,HDPE Fittings,STK,0
HDPE/FT/POL/CPLER/32/10,HDPE Fittings,STK,0
HDPE/FT/POL/CPLER/32/16,HDPE Fittings,STK,0
HDPE/FT/POL/CPLER/40/16,HDPE Fittings,STK,0
HDPE/FT/POL/CPLER/50/16,HDPE Fittings,STK,0
HDPE/FT/POL/CPLER/63/16,HDPE Fittings,STK,0
HDPE/FT/POL/CPLER/75/16,HDPE Fittings,STK,0
HDPE/FT/POL/CPLER/90/16,HDPE Fittings,STK,0
HDPE/FT/POL/ELBOW90/110/16,HDPE Fittings,STK,0
HDPE/FT/POL/ELBOW90/125/10,HDPE Fittings,STK,0
HDPE/FT/POL/ELBOW90/125/16,HDPE Fittings,STK,0
HDPE/FT/POL/ELBOW90/25/16,HDPE Fittings,STK,0
HDPE/FT/POL/ELBOW90/32/16,HDPE Fittings,STK,0
HDPE/FT/POL/ELBOW90/40/16,HDPE Fittings,STK,0
HDPE/FT/POL/ELBOW90/50/16,HDPE Fittings,STK,0
HDPE/FT/POL/ELBOW90/63/16,HDPE Fittings,STK,0
HDPE/FT/POL/ELBOW90/75/16,HDPE Fittings,STK,0
HDPE/FT/POL/ELBOW90/90/16,HDPE Fittings,STK,0
HDPE/FT/POL/ENDPLUG/32/16,HDPE Fittings,STK,0
HDPE/FT/POL/ENDPLUG/40/16,HDPE Fittings,STK,0
HDPE/FT/POL/ENDPLUG/50/16,HDPE Fittings,STK,0
HDPE/FT/POL/ENDPLUG/63/16,HDPE Fittings,STK,0
HDPE/FT/POL/EQT/110/16,HDPE Fittings,STK,0
HDPE/FT/POL/EQT/125/10,HDPE Fittings,STK,0
HDPE/FT/POL/EQT/125/16,HDPE Fittings,STK,0
HDPE/FT/POL/EQT/20/10,HDPE Fittings,STK,0
HDPE/FT/POL/EQT/25/10,HDPE Fittings,STK,0
HDPE/FT/POL/EQT/25/16,HDPE Fittings,STK,0
HDPE/FT/POL/EQT/32/10,HDPE Fittings,STK,0
HDPE/FT/POL/EQT/32/16,HDPE Fittings,STK,0
HDPE/FT/POL/EQT/40/16,HDPE Fittings,STK,0
HDPE/FT/POL/EQT/50/16,HDPE Fittings,STK,0
HDPE/FT/POL/EQT/63/16,HDPE Fittings,STK,0
HDPE/FT/POL/EQT/90/16,HDPE Fittings,STK,0
HDPE/FT/POL/FLADP/63/16,HDPE Fittings,STK,0
HDPE/FT/POL/FMLADAPT/20X0.5/16,HDPE Fittings,STK,0
HDPE/FT/POL/FMLADAPT/25X0.75/1,HDPE Fittings,STK,0
HDPE/FT/POL/FMLADAPT/32X1/16,HDPE Fittings,STK,0
HDPE/FT/POL/FMLADAPT/40X11/4/1,HDPE Fittings,STK,0
HDPE/FT/POL/FMLADAPT/50X1.5/16,HDPE Fittings,STK,0
HDPE/FT/POL/FMLADAPT/63X2/16,HDPE Fittings,STK,0
HDPE/FT/POL/MLADAPT/20X0.5/16,HDPE Fittings,STK,0
HDPE/FT/POL/MLADAPT/25X0.75/16,HDPE Fittings,STK,0
HDPE/FT/POL/MLADAPT/32X1/16,HDPE Fittings,STK,0
HDPE/FT/POL/MLADAPT/40X11/4/16,HDPE Fittings,STK,0
HDPE/FT/POL/MLADAPT/50X1.5/16,HDPE Fittings,STK,0
HDPE/FT/POL/MLADAPT/63X2/16,HDPE Fittings,STK,0
HDPE/FT/POL/MLADAPT/90X3/16,HDPE Fittings,STK,0
HDPE/FT/POL/QUKCPLER/KEY/25/6,HDPE Fittings,STK,0
HDPE/FT/POL/QUKCPLER/KEY/3/4,HDPE Fittings,STK,0
HDPE/FT/POL/QUKCPLER/VALKEY/25,HDPE Fittings,STK,0
HDPE/FT/POL/QUKCPLER/VALKEY/3/,HDPE Fittings,STK,0
HDPE/FT/POL/QUKCPLER/VALVE/25/,HDPE Fittings,STK,0
HDPE/FT/POL/QUKCPLER/VALVE/3/4,HDPE Fittings,STK,0
HDPE/FT/POL/REDCPLER/110X75/16,HDPE Fittings,STK,0
HDPE/FT/POL/REDCPLER/110X90/16,HDPE Fittings,STK,0
HDPE/FT/POL/REDCPLER/40X32/16,HDPE Fittings,STK,0
HDPE/FT/POL/REDCPLER/50X40/16,HDPE Fittings,STK,0
HDPE/FT/POL/REDCPLER/63X25/16,HDPE Fittings,STK,0
HDPE/FT/POL/REDCPLER/63X40/16,HDPE Fittings,STK,0
HDPE/FT/POL/REDCPLER/63X50/16,HDPE Fittings,STK,0
HDPE/FT/POL/REDCPLER/75X50/16,HDPE Fittings,STK,0
HDPE/FT/POL/REDCPLER/75X63/16,HDPE Fittings,STK,0
HDPE/FT/POL/REDCPLER/90X63/16,HDPE Fittings,STK,0
HDPE/FT/POL/REDCPLER/90X75/16,HDPE Fittings,STK,0
HDPE/FT/POL/REDTEE/125X110/10,HDPE Fittings,STK,0
HDPE/FT/POL/REDTEE/125X110/16,HDPE Fittings,STK,0
HDPE/FT/POL/REDTEE/50X32/16,HDPE Fittings,STK,0
HDPE/FT/POL/REDTEE/63X32/16,HDPE Fittings,STK,0
HDPE/FT/POL/REDTEE/63X50/16,HDPE Fittings,STK,0
HDPE/FT/POL/REDTEE/90X63/16,HDPE Fittings,STK,0
HDPE/FT/POL/SDLE/110X1.5/16,HDPE Fittings,STK,0
HDPE/FT/POL/SDLE/110X1/16,HDPE Fittings,STK,0
HDPE/FT/POL/SDLE/32X0.5/16,HDPE Fittings,STK,0
HDPE/FT/POL/SDLE/32X0.75/16,HDPE Fittings,STK,0
HDPE/FT/POL/SDLE/40X0.5/10,HDPE Fittings,STK,0
HDPE/FT/POL/SDLE/40X0.75/16,HDPE Fittings,STK,0
HDPE/FT/POL/SDLE/50X0.75/16,HDPE Fittings,STK,0
HDPE/FT/POL/SDLE/50X1/16,HDPE Fittings,STK,0
HDPE/FT/POL/SDLE/63X0.5/16,HDPE Fittings,STK,0
HDPE/FT/POL/SDLE/63X0.75/16,HDPE Fittings,STK,0
HDPE/FT/POL/SDLE/63X1/16,HDPE Fittings,STK,0
HDPE/FT/POL/SDLE/75X1.5/16,HDPE Fittings,STK,0
HDPE/FT/POL/SDLE/90X1.5/16,HDPE Fittings,STK,0
HDPE/FT/POL/WAL/FMELBOW/GI/25X,HDPE Fittings,STK,0
HDPE/FT/POL/WAL/FMELBOW/GI/32X,HDPE Fittings,STK,0
HDPE/FT/POL/WAL/FMELBOW/SS/25X,HDPE Fittings,STK,0
HDPE/FT/POL/WAL/FMELBOW/SS/32X,HDPE Fittings,STK,0
HDPE/FT/POL/WRENCH/125,HDPE Fittings,STK,0
HDPE/FT/POL/WRENCH/32-63,HDPE Fittings,STK,0
HDPE/FT/POL/WRENCH/63-110,HDPE Fittings,STK,0
HDPE/FT/SDLE/110X0.5/10,HDPE Fittings,STK,0
HDPE/FT/SDLE/110X0.5/16,HDPE Fittings,STK,0
HDPE/FT/SDLE/110X0.75/10,HDPE Fittings,STK,0
HDPE/FT/SDLE/110X0.75/16,HDPE Fittings,STK,0
HDPE/FT/SDLE/110X1.25/10,HDPE Fittings,STK,0
HDPE/FT/SDLE/110X1.25/16,HDPE Fittings,STK,0
HDPE/FT/SDLE/110X1.5/10,HDPE Fittings,STK,0
HDPE/FT/SDLE/110X1.5/16,HDPE Fittings,STK,0
HDPE/FT/SDLE/110X1/10,HDPE Fittings,STK,0
HDPE/FT/SDLE/110X1/16,HDPE Fittings,STK,0
HDPE/FT/SDLE/110X2/10,HDPE Fittings,STK,0
HDPE/FT/SDLE/110X2/16,HDPE Fittings,STK,0
HDPE/FT/SDLE/110X3/16,HDPE Fittings,STK,0
HDPE/FT/SDLE/125X0.5/10,HDPE Fittings,STK,0
HDPE/FT/SDLE/125X0.75/10,HDPE Fittings,STK,0
HDPE/FT/SDLE/125X1.25/10,HDPE Fittings,STK,0
HDPE/FT/SDLE/125X1.5/10,HDPE Fittings,STK,0
HDPE/FT/SDLE/125X1/10,HDPE Fittings,STK,0
HDPE/FT/SDLE/125X2/10,HDPE Fittings,STK,0
HDPE/FT/SDLE/160X0.75/10,HDPE Fittings,STK,0
HDPE/FT/SDLE/160X1.25/10,HDPE Fittings,STK,0
HDPE/FT/SDLE/160X1.5/10,HDPE Fittings,STK,0
HDPE/FT/SDLE/160X1.5/16,HDPE Fittings,STK,0
HDPE/FT/SDLE/160X1/10,HDPE Fittings,STK,0
HDPE/FT/SDLE/160X2.5/10,HDPE Fittings,STK,0
HDPE/FT/SDLE/160X2/10,HDPE Fittings,STK,0
HDPE/FT/SDLE/160X3/10,HDPE Fittings,STK,0
HDPE/FT/SDLE/160X4/10,HDPE Fittings,STK,0
HDPE/FT/SDLE/200X0.75/10,HDPE Fittings,STK,0
HDPE/FT/SDLE/200X1.25/10,HDPE Fittings,STK,0
HDPE/FT/SDLE/200X1.5/10,HDPE Fittings,STK,0
HDPE/FT/SDLE/200X1/10,HDPE Fittings,STK,0
HDPE/FT/SDLE/200X2.5/10,HDPE Fittings,STK,0
HDPE/FT/SDLE/200X2/10,HDPE Fittings,STK,0
HDPE/FT/SDLE/200X3/10,HDPE Fittings,STK,0
HDPE/FT/SDLE/200X4/10,HDPE Fittings,STK,0
HDPE/FT/SDLE/225X1.5/10,HDPE Fittings,STK,0
HDPE/FT/SDLE/225X2/10,HDPE Fittings,STK,0
HDPE/FT/SDLE/225X4/10,HDPE Fittings,STK,0
HDPE/FT/SDLE/250X2/10,HDPE Fittings,STK,0
HDPE/FT/SDLE/25X0.5/10,HDPE Fittings,STK,0
HDPE/FT/SDLE/25X0.5/16,HDPE Fittings,STK,0
HDPE/FT/SDLE/25X0.75/10,HDPE Fittings,STK,0
HDPE/FT/SDLE/25X0.75/16,HDPE Fittings,STK,0
HDPE/FT/SDLE/315X2/10,HDPE Fittings,STK,0
HDPE/FT/SDLE/315X3/10,HDPE Fittings,STK,0
HDPE/FT/SDLE/315X4/10,HDPE Fittings,STK,0
HDPE/FT/SDLE/32X0.5/10,HDPE Fittings,STK,0
HDPE/FT/SDLE/32X0.5/16,HDPE Fittings,STK,0
HDPE/FT/SDLE/32X0.75/10,HDPE Fittings,STK,0
HDPE/FT/SDLE/32X0.75/16,HDPE Fittings,STK,0
HDPE/FT/SDLE/32X1/10,HDPE Fittings,STK,0
HDPE/FT/SDLE/32X1/16,HDPE Fittings,STK,0
HDPE/FT/SDLE/40X0.5/10,HDPE Fittings,STK,0
HDPE/FT/SDLE/40X0.75/10,HDPE Fittings,STK,0
HDPE/FT/SDLE/40X0.75/16,HDPE Fittings,STK,0
HDPE/FT/SDLE/40X1//2/16,HDPE Fittings,STK,0
HDPE/FT/SDLE/40X1/10,HDPE Fittings,STK,0
HDPE/FT/SDLE/40X1/16,HDPE Fittings,STK,0
HDPE/FT/SDLE/50X0.5/10,HDPE Fittings,STK,0
HDPE/FT/SDLE/50X0.5/16,HDPE Fittings,STK,0
HDPE/FT/SDLE/50X0.75/10,HDPE Fittings,STK,0
HDPE/FT/SDLE/50X0.75/16,HDPE Fittings,STK,0
HDPE/FT/SDLE/50X1.25/10,HDPE Fittings,STK,0
HDPE/FT/SDLE/50X1.25/16,HDPE Fittings,STK,0
HDPE/FT/SDLE/50X1/10,HDPE Fittings,STK,0
HDPE/FT/SDLE/50X1/16,HDPE Fittings,STK,0
HDPE/FT/SDLE/63X0.5/10,HDPE Fittings,STK,0
HDPE/FT/SDLE/63X0.5/16,HDPE Fittings,STK,0
HDPE/FT/SDLE/63X0.75/10,HDPE Fittings,STK,0
HDPE/FT/SDLE/63X0.75/16,HDPE Fittings,STK,0
HDPE/FT/SDLE/63X1.25/10,HDPE Fittings,STK,0
HDPE/FT/SDLE/63X1.25/16,HDPE Fittings,STK,0
HDPE/FT/SDLE/63X1.5/10,HDPE Fittings,STK,0
HDPE/FT/SDLE/63X1.5/16,HDPE Fittings,STK,0
HDPE/FT/SDLE/63X1/10,HDPE Fittings,STK,0
HDPE/FT/SDLE/63X1/16,HDPE Fittings,STK,0
HDPE/FT/SDLE/75X0.5/10,HDPE Fittings,STK,0
HDPE/FT/SDLE/75X0.5/16,HDPE Fittings,STK,0
HDPE/FT/SDLE/75X0.75/10,HDPE Fittings,STK,0
HDPE/FT/SDLE/75X0.75/16,HDPE Fittings,STK,0
HDPE/FT/SDLE/75X1.25/10,HDPE Fittings,STK,0
HDPE/FT/SDLE/75X1.25/16,HDPE Fittings,STK,0
HDPE/FT/SDLE/75X1.5/10,HDPE Fittings,STK,0
HDPE/FT/SDLE/75X1.5/16,HDPE Fittings,STK,0
HDPE/FT/SDLE/75X1/10,HDPE Fittings,STK,0
HDPE/FT/SDLE/75X1/16,HDPE Fittings,STK,0
HDPE/FT/SDLE/75X2/10,HDPE Fittings,STK,0
HDPE/FT/SDLE/75X2/16,HDPE Fittings,STK,0
HDPE/FT/SDLE/90X0.5/10,HDPE Fittings,STK,0
HDPE/FT/SDLE/90X0.5/16,HDPE Fittings,STK,0
HDPE/FT/SDLE/90X0.75/10,HDPE Fittings,STK,0
HDPE/FT/SDLE/90X0.75/16,HDPE Fittings,STK,0
HDPE/FT/SDLE/90X1.25/10,HDPE Fittings,STK,0
HDPE/FT/SDLE/90X1.25/16,HDPE Fittings,STK,0
HDPE/FT/SDLE/90X1.5/10,HDPE Fittings,STK,0
HDPE/FT/SDLE/90X1.5/16,HDPE Fittings,STK,0
HDPE/FT/SDLE/90X1/10,HDPE Fittings,STK,0
HDPE/FT/SDLE/90X1/16,HDPE Fittings,STK,0
HDPE/FT/SDLE/90X2/10,HDPE Fittings,STK,0
HDPE/FT/SDLE/90X2/16,HDPE Fittings,STK,0
HDPE/LAB/EQU/ALUM/PAN,HDPE pipe,STK,0
HDPE/LAB/EQU/COIL/HEATER,HDPE pipe,STK,0
HDPE/LAB/EQU/E TYPE/SENSOR,HDPE pipe,STK,0
HDPE/LAB/EQU/ENDCAP/160MM,HDPE pipe,STK,0
HDPE/LAB/EQU/ENDCAP/20/110MM,HDPE pipe,STK,0
HDPE/LAB/EQU/ENDCAP/200MM,HDPE pipe,STK,0
HDPE/LAB/EQU/ENDCAP/225MM,HDPE pipe,STK,0
HDPE/LAB/EQU/ENDCAP/250MM,HDPE pipe,STK,0
HDPE/LAB/EQU/ENDCAP/315MM,HDPE pipe,STK,0
HDPE/LAB/EQU/ENDCAP/500MM,HDPE pipe,STK,0
HDPE/LAB/EQU/ENDCAP/630MM,HDPE pipe,STK,0
HDPE/LAB/EQU/ESCR/TESTER,HDPE pipe,STK,0
HDPE/LAB/EQU/GAS/FLO/MTR/CBC,HDPE pipe,STK,0
HDPE/LAB/EQU/GLASS/TUBE/CBC,HDPE pipe,STK,0
HDPE/LAB/EQU/GLASS/UTUBE/CBC,HDPE pipe,STK,0
HDPE/LAB/EQU/HYDRPRESS/8STAN,HDPE pipe,STK,0
HDPE/LAB/EQU/IMPACT/TESTER,DWC Pipe,STK,0
HDPE/LAB/EQU/PCB/OIT/EQUPMNT,HDPE pipe,STK,0
HDPE/LAB/EQU/PRES/CONT/0/100BA,HDPE pipe,STK,0
HDPE/LAB/EQU/PROCLIN/BOAT/CBC,HDPE pipe,STK,0
HDPE/LAB/EQU/PT100/SENSOR/1MTR,HDPE pipe,STK,0
HDPE/LAB/EQU/PT100/SENSOR/3MTR,HDPE pipe,STK,0
HDPE/LAB/EQU/RTD/SENSOR,HDPE pipe,STK,0
HDPE/LAB/EQU/TEMP/INDICATOR,HDPE pipe,STK,0
HDPE/MD/TF/4WAY/14/10/1000,Telecom Ducts,STK,0
HDPE/MD/TF/4WAY/14/10/2000,Telecom Ducts,STK,0
HDPE/MD/TF/7WAY/12/10/1000,Telecom Ducts,STK,0
HDPE/MD/TF/7WAY/14/10/1000,Telecom Ducts,STK,0
HDPE/PE100/EXT/REGRIND,Raw Materials,STK,0
HDPE/PMP/FT/SDLE/32X0.75/16,HDPE Fittings,STK,0
HDPE/PMP/FT/SDLE/50X1/16,HDPE Fittings,STK,0
HDPE/PMP/FT/SDLE/63X0.5/16,HDPE Fittings,STK,0
HDPE/PMP/FT/SDLE/90X0.75/16,HDPE Fittings,STK,0
HDPE/PMP/FT/SDLE/90X1.5/16,HDPE Fittings,STK,0
HDPE/ROD/4MM,HDPE pipe,STK,0
HDPE/SCRAP,Raw Materials,STK,0
HDPE/SF/100/SN4/,DWC Pipe,STK,0
HDPE/SF/100/SN8/,DWC Pipe,STK,0
HDPE/SF/150/SN4/,DWC Pipe,STK,0
HDPE/SF/150/SN8/,DWC Pipe,STK,0
HDPE/SF/200/SN4,DWC Pipe,STK,0
HDPE/SF/200/SN8,DWC Pipe,STK,0
HDPE/SF/250/SN4,DWC Pipe,STK,0
HDPE/SF/250/SN8,DWC Pipe,STK,0
HDPE/SF/300/SN4,DWC Pipe,STK,0
HDPE/SF/300/SN4/TROUGH/NO/SOCK,DWC Pipe,STK,0
HDPE/SF/300/SN8,DWC Pipe,STK,0
HDPE/SF/400/SN4,DWC Pipe,STK,0
HDPE/SF/400/SN8,DWC Pipe,STK,0
HDPE/SF/500/SN4,DWC Pipe,STK,0
HDPE/SF/500/SN8,DWC Pipe,STK,0
HDPE/SF/600/SN4,DWC Pipe,STK,0
HDPE/SF/600/SN8,DWC Pipe,STK,0
HDPE/SF/800/SN8,DWC Pipe,STK,0
HDPE/SF/FT/100/BEND45/SINGLE,DWC Fittings,STK,0
HDPE/SF/FT/100/BEND90/DOUBLE,DWC Fittings,STK,0
HDPE/SF/FT/100/BEND90/SINGLE,DWC Fittings,STK,0
HDPE/SF/FT/100/COUPLER/DOUBLE,DWC Fittings,STK,0
HDPE/SF/FT/100/END CAP/PLAIN E,DWC Fittings,STK,0
HDPE/SF/FT/100/END CAP/SOCKET,DWC Fittings,STK,0
HDPE/SF/FT/100/EQT/ SINGLE,DWC Fittings,STK,0
HDPE/SF/FT/100/EQT/DOUBLE,DWC Fittings,STK,0
HDPE/SF/FT/100/Y/DOUBLE,DWC Fittings,STK,0
HDPE/SF/FT/150/BEND11.5/SINGLE,DWC Fittings,STK,0
HDPE/SF/FT/150/BEND45/DOUBLE,DWC Fittings,STK,0
HDPE/SF/FT/150/BEND45/SINGLE,DWC Fittings,STK,0
HDPE/SF/FT/150/BEND90/DOUBLE,DWC Fittings,STK,0
HDPE/SF/FT/150/BEND90/SINGLE,DWC Fittings,STK,0
HDPE/SF/FT/150/COUPLER/DOUBLE,DWC Fittings,STK,0
HDPE/SF/FT/150/END CAP/PLAIN E,DWC Fittings,STK,0
HDPE/SF/FT/150/END CAP/SOCKET,DWC Fittings,STK,0
HDPE/SF/FT/150/EQT/DOUBLE,DWC Fittings,STK,0
HDPE/SF/FT/150/EQT/SINGLE,DWC Fittings,STK,0
HDPE/SF/FT/150/EQT/TRIPPLE,DWC Fittings,STK,0
HDPE/SF/FT/150/TEE45/DOUBLE,DWC Fittings,STK,0
HDPE/SF/FT/150X100/Y/DOUBLE,DWC Fittings,STK,0
HDPE/SF/FT/200/BEND11.5/SINGLE,DWC Fittings,STK,0
HDPE/SF/FT/200/BEND45/DOUBLE,DWC Fittings,STK,0
HDPE/SF/FT/200/BEND45/SINGLE,DWC Fittings,STK,0
HDPE/SF/FT/200/BEND90/DOUBLE,DWC Fittings,STK,0
HDPE/SF/FT/200/BEND90/SINGLE,DWC Fittings,STK,0
HDPE/SF/FT/200/COUPLER/DOUBLE,DWC Fittings,STK,0
HDPE/SF/FT/200/END CAP/PLAIN E,DWC Fittings,STK,0
HDPE/SF/FT/200/END CAP/SOCKET,DWC Fittings,STK,0
HDPE/SF/FT/200/EQT/DOUBLE,DWC Fittings,STK,0
HDPE/SF/FT/200/EQT/SINGLE,DWC Fittings,STK,0
HDPE/SF/FT/200/EQT/TRIPPLE,DWC Fittings,STK,0
HDPE/SF/FT/200/TEE45/DOUBLE,DWC Fittings,STK,0
HDPE/SF/FT/200/Y/DOUBLE,DWC Fittings,STK,0
HDPE/SF/FT/200/Y/SINGLE,DWC Fittings,STK,0
HDPE/SF/FT/200/Y/TRIPLE,DWC Fittings,STK,0
HDPE/SF/FT/200X100/Y/DOUBLE,DWC Fittings,STK,0
HDPE/SF/FT/200X100/Y/TRIPLE,DWC Fittings,STK,0
HDPE/SF/FT/200X150/Y/DOUBLE,DWC Fittings,STK,0
HDPE/SF/FT/200X150/Y/TRIPLE,DWC Fittings,STK,0
HDPE/SF/FT/250/BEND45/DOUBLE,DWC Fittings,STK,0
HDPE/SF/FT/250/BEND45/SINGLE,DWC Fittings,STK,0
HDPE/SF/FT/250/BEND90/DOUBLE,DWC Fittings,STK,0
HDPE/SF/FT/250/BEND90/SINGLE,DWC Fittings,STK,0
HDPE/SF/FT/250/COUPLER/DOUBLE,DWC Fittings,STK,0
HDPE/SF/FT/250/END CAP/SOCKET,DWC Fittings,STK,0
HDPE/SF/FT/250/EQT/DOUBLE,DWC Fittings,STK,0
HDPE/SF/FT/250/EQT/SINGLE,DWC Fittings,STK,0
HDPE/SF/FT/250/EQT/TRIPPLE,DWC Fittings,STK,0
HDPE/SF/FT/250/TEE45/SINGLE,DWC Fittings,STK,0
HDPE/SF/FT/250/TEE45/TRIPPLE,DWC Fittings,STK,0
HDPE/SF/FT/250/Y/DOUBLE,DWC Fittings,STK,0
HDPE/SF/FT/250X100/TEE/DOUBLE,DWC Fittings,STK,0
HDPE/SF/FT/250X100/Y/DOUBLE,DWC Fittings,STK,0
HDPE/SF/FT/250X150/Y/DOUBLE,DWC Fittings,STK,0
HDPE/SF/FT/250X200/REDCROS/ALL,DWC Fittings,STK,0
HDPE/SF/FT/250X200/REDTEE/TRRI,DWC Fittings,STK,0
HDPE/SF/FT/300/BEND45/DOUBLE,DWC Fittings,STK,0
HDPE/SF/FT/300/BEND45/SINGLE,DWC Fittings,STK,0
HDPE/SF/FT/300/BEND90/DOUBLE,DWC Fittings,STK,0
HDPE/SF/FT/300/BEND90/SINGLE,DWC Fittings,STK,0
HDPE/SF/FT/300/COUPLER/DOUBLE,DWC Fittings,STK,0
HDPE/SF/FT/300/END CAP/PLAIN E,DWC Fittings,STK,0
HDPE/SF/FT/300/END CAP/SOCKET,DWC Fittings,STK,0
HDPE/SF/FT/300/EQT/DOUBLE,DWC Fittings,STK,0
HDPE/SF/FT/300/EQT/SINGLE,DWC Fittings,STK,0
HDPE/SF/FT/300/EQT/TRIPLE,DWC Fittings,STK,0
HDPE/SF/FT/300/TEE45/DOUBLE,DWC Fittings,STK,0
HDPE/SF/FT/300/TEE45/SINGLE,DWC Fittings,STK,0
HDPE/SF/FT/300/TEE45/TRIPPLE,DWC Fittings,STK,0
HDPE/SF/FT/300X150/Y/DOUBLE,DWC Fittings,STK,0
HDPE/SF/FT/300X200/Y/DOUBLE,DWC Fittings,STK,0
HDPE/SF/FT/300X200/Y/TRIPLE,DWC Fittings,STK,0
HDPE/SF/FT/400/BEND45/SINGLE,DWC Fittings,STK,0
HDPE/SF/FT/400/BEND90/SINGLE,DWC Fittings,STK,0
HDPE/SF/FT/400/COUPLER/DOUBLE,DWC Fittings,STK,0
HDPE/SF/FT/400/END CAP/PLAIN E,DWC Fittings,STK,0
HDPE/SF/FT/400/END CAP/SOCKET,DWC Fittings,STK,0
HDPE/SF/FT/400/TEE45/SINGLE,DWC Fittings,STK,0
HDPE/SF/FT/400/TEE90/DOUBLE,DWC Fittings,STK,0
HDPE/SF/FT/400/TEE90/SINGLE,DWC Fittings,STK,0
HDPE/SF/FT/400X200/Y/DOUBLE,DWC Fittings,STK,0
HDPE/SF/FT/500/BEND45/DOUBLE,DWC Fittings,STK,0
HDPE/SF/FT/500/BEND90/SINGLE,DWC Fittings,STK,0
HDPE/SF/FT/500/END CAP/SOCKET,DWC Fittings,STK,0
HDPE/SF/FT/500/INSP/CHAM/SINGL,DWC Fittings,STK,0
HDPE/SF/FT/500/TEE90/SINGLE,DWC Fittings,STK,0
HDPE/SF/FT/600/BEND45/SINGLE,DWC Fittings,STK,0
HDPE/SF/FT/600/END CAP/SOCKET,DWC Fittings,STK,0
HDPE/SF/FT/600/INSP/CHAM/SINGL,DWC Fittings,STK,0
HDPE/SF/FT/600/VAL/CHAM/160,DWC Fittings,STK,0
HDPE/SF/FT/CORR/CPLER/100/SN8,DWC Fittings,STK,0
HDPE/SF/FT/CORR/CPLER/150/SN8,DWC Fittings,STK,0
HDPE/SF/FT/CORR/CPLER/200/SN8,DWC Fittings,STK,0
HDPE/SF/FT/CORR/CPLER/250/SN8,DWC Fittings,STK,0
HDPE/SF/FT/CORR/CPLER/300/SN4,DWC Fittings,STK,0
HDPE/SF/FT/CORR/CPLER/300/SN8,DWC Fittings,STK,0
HDPE/SF/FT/CORR/CPLER/400/SN8,DWC Fittings,STK,0
HDPE/SF/FT/CORR/CPLER/600/SN4,DWC Fittings,STK,0
HDPE/SF/FT/CORR/CPLER/SN8,DWC Fittings,STK,0
HDPE/SF/FT/CORR/ELBOW90/100/SN,DWC Fittings,STK,0
HDPE/SF/FT/CORR/ELBOW90/150/SN,DWC Fittings,STK,0
HDPE/SF/FT/CORR/ELBOW90/200/SN,DWC Fittings,STK,0
HDPE/SF/FT/CORR/EQT/100/SN8,DWC Fittings,STK,0
HDPE/SF/FT/CORR/EQT/150/SN8,DWC Fittings,STK,0
HDPE/SF/FT/CORR/EQT/200/SN8,DWC Fittings,STK,0
HDPE/SF/FT/CORR/EQYT/100/SN8,DWC Fittings,STK,0
HDPE/SF/FT/CORR/EQYT/150/SN8,DWC Fittings,STK,0
HDPE/SF/FT/CORR/EQYT/200/SN8,DWC Fittings,STK,0
HDPE/SF/FT/CORR/REDTEE/200X100,DWC Fittings,STK,0
HDPE/SF/FT/GASKET/100,DWC Fittings,STK,0
HDPE/SF/FT/GASKET/150,DWC Fittings,STK,0
HDPE/SF/FT/GASKET/200,DWC Fittings,STK,0
HDPE/SF/LUB/SILICON/1LTR,DWC Fittings,STK,0
HDPE/TF/110/10/1,Telecom Ducts,STK,0
HDPE/TF/110/10/50,Telecom Ducts,STK,0
HDPE/TF/110/8/1,Telecom Ducts,STK,0
HDPE/TF/110/8/50,Telecom Ducts,STK,0
HDPE/TF/110/95/1,Telecom Ducts,STK,0
HDPE/TF/160/8/1,Telecom Ducts,STK,0
HDPE/TF/20/16/1,Telecom Ducts,STK,0
HDPE/TF/20/16/100,Telecom Ducts,STK,0
HDPE/TF/25/10/1,Telecom Ducts,STK,0
HDPE/TF/25/12.5/1,Telecom Ducts,STK,0
HDPE/TF/32/10/1,Telecom Ducts,STK,0
HDPE/TF/32/10/100,Telecom Ducts,STK,0
HDPE/TF/32/10/500,Telecom Ducts,STK,0
HDPE/TF/32/12.5/1,Telecom Ducts,STK,0
HDPE/TF/32/12.5/100,Telecom Ducts,STK,0
HDPE/TF/32/12.5/500,Telecom Ducts,STK,0
HDPE/TF/32/16/100/,Telecom Ducts,STK,0
HDPE/TF/32/16/500/,Telecom Ducts,STK,0
HDPE/TF/32/16/500/ATR,Telecom Ducts,STK,0
HDPE/TF/32/16/500/SIL,Telecom Ducts,STK,0
HDPE/TF/32/6/1,Telecom Ducts,STK,0
HDPE/TF/32/8/1,Telecom Ducts,STK,0
HDPE/TF/32/8/100,Telecom Ducts,STK,0
HDPE/TF/32/8/500,Telecom Ducts,STK,0
HDPE/TF/40/10/1,Telecom Ducts,STK,0
HDPE/TF/40/10/100,Telecom Ducts,STK,0
HDPE/TF/40/10/500,Telecom Ducts,STK,0
HDPE/TF/40/12.5/1,Telecom Ducts,STK,0
HDPE/TF/40/12.5/1000,Telecom Ducts,STK,0
HDPE/TF/40/12.5/500,Telecom Ducts,STK,0
HDPE/TF/40/33/1,Telecom Ducts,STK,0
HDPE/TF/40/33/500,Telecom Ducts,STK,0
HDPE/TF/40/6/1,Telecom Ducts,STK,0
HDPE/TF/40/8/1,Telecom Ducts,STK,0
HDPE/TF/50/10/1,Telecom Ducts,STK,0
HDPE/TF/50/10/500,Telecom Ducts,STK,0
HDPE/TF/50/12.5/1,Telecom Ducts,STK,0
HDPE/TF/50/16/1,Telecom Ducts,STK,0
HDPE/TF/50/16/300,Telecom Ducts,STK,0
HDPE/TF/50/6/1,Telecom Ducts,STK,0
HDPE/TF/50/6/100,Telecom Ducts,STK,0
HDPE/TF/50/8/1,Telecom Ducts,STK,0
HDPE/TF/63/6/100,Telecom Ducts,STK,0
HDPE/TF/63/8/1,Telecom Ducts,STK,0
HDPE/TF/90/8/1,Telecom Ducts,STK,0
HDPE/TF/CABLE MARK/20/18MM/1,Telecom Ducts,STK,0
HDPE/TF/CABLE MARK/32/28MM/4,Telecom Ducts,STK,0
HDPE/TF/CABLEMARKERS/25/12.5,Telecom Ducts,STK,0
HTB/BEND/110/45DEG/GREY,PP Fittings,STK,0
HTB/BEND/110/87.5DEG/GREY,PP Fittings,STK,0
HTB/BEND/125/45DEG/GREY,PP Fittings,STK,0
HTB/BEND/160/45DEG/GREY,PP Fittings,STK,0
HTB/BEND/160/87.5DEG/GREY,PP Fittings,STK,0
HTB/BEND/32/87.5DEG/GREY,PP Fittings,STK,0
HTB/BEND/40/45DEG/GREY,PP Fittings,STK,0
HTB/BEND/40/87.5DEG/GREY,PP Fittings,STK,0
HTB/BEND/50/45DEG/GREY,PP Fittings,STK,0
HTB/BEND/50/87.5DEG/GREY,PP Fittings,STK,0
HTB/BEND/75/45DEG/GREY,PP Fittings,STK,0
HTB/BEND/75/87.5DEG/GREY,PP Fittings,STK,0
HTDA/DBLBRANCH/110/110/110/45D,PP Fittings,STK,0
HTDA/DBLBRANCH/50/110/50/45D,PP Fittings,STK,0
HTEA/BRANCH/110/110/45DEG/GREY,PP Fittings,STK,0
HTEA/BRANCH/110/110/87DEG/GREY,PP Fittings,STK,0
HTEA/BRANCH/110/50/45DEG/GREY,PP Fittings,STK,0
HTEA/BRANCH/110/50/87DEG/GREY,PP Fittings,STK,0
HTEA/BRANCH/110/75/45DEG/GREY,PP Fittings,STK,0
HTEA/BRANCH/110/75/87DEG/GREY,PP Fittings,STK,0
HTEA/BRANCH/125/110/45DEG/GREY,PP Fittings,STK,0
HTEA/BRANCH/125/125/45DEG/GREY,PP Fittings,STK,0
HTEA/BRANCH/160/110/45DEG/GREY,PP Fittings,STK,0
HTEA/BRANCH/160/160/45DEG/GREY,PP Fittings,STK,0
HTEA/BRANCH/160/160/87DEG/GREY,PP Fittings,STK,0
HTEA/BRANCH/40/40/45DEG/GREY,PP Fittings,STK,0
HTEA/BRANCH/40/40/87DEG/GREY,PP Fittings,STK,0
HTEA/BRANCH/50/40/45DEG/GREY,PP Fittings,STK,0
HTEA/BRANCH/50/40/87DEG/GREY,PP Fittings,STK,0
HTEA/BRANCH/50/50/45DEG/GREY,PP Fittings,STK,0
HTEA/BRANCH/50/50/87DEG/GREY,PP Fittings,STK,0
HTEA/BRANCH/75/50/45DEG/GREY,PP Fittings,STK,0
HTEA/BRANCH/75/50/87DEG/GREY,PP Fittings,STK,0
HTEA/BRANCH/75/75/45DEG/GREY,PP Fittings,STK,0
HTEA/BRANCH/75/75/87DEG/GREY,PP Fittings,STK,0
HTEM/PIPE/110/4000/SDR41,PP Pipes,STK,0
HTEM/PIPE/125/3000/SDR41,PP Pipes,STK,0
HTEM/PIPE/125/4000/SDR41,PP Pipes,STK,0
HTEM/PIPE/160/4000/SDR41,PP Pipes,STK,0
HTEM/PIPE/32/4000/SDR41,PP Pipes,STK,0
HTEM/PIPE/40/4000/SDR41,PP Pipes,STK,0
HTEM/PIPE/50/4000/SDR41,PP Pipes,STK,0
HTEM/PIPE/75/4000/SDR41,PP Pipes,STK,0
HTM/ENDCAP/110/GREY,PP Fittings,STK,0
HTM/ENDCAP/125/GREY,PP Fittings,STK,0
HTM/ENDCAP/160/GREY,PP Fittings,STK,0
HTM/ENDCAP/40/GREY,PP Fittings,STK,0
HTM/ENDCAP/50/GREY,PP Fittings,STK,0
HTM/ENDCAP/75/GREY,PP Fittings,STK,0
HTMM/DBLSKT/110/GREY,PP Fittings,STK,0
HTMM/DBLSKT/125/GREY,PP Fittings,STK,0
HTMM/DBLSKT/32/GREY,PP Fittings,STK,0
HTMM/DBLSKT/40/GREY,PP Fittings,STK,0
HTMM/DBLSKT/50/GREY,PP Fittings,STK,0
HTMM/DBLSKT/75/GREY,PP Fittings,STK,0
HTR/REDUCER/EXCENTRIC/110/50/,PP Fittings,STK,0
HTR/REDUCER/EXCENTRIC/110/75/,PP Fittings,STK,0
HTR/REDUCER/EXCENTRIC/125/110/,PP Fittings,STK,0
HTR/REDUCER/EXCENTRIC/160/110/,PP Fittings,STK,0
HTR/REDUCER/EXCENTRIC/160/125/,PP Fittings,STK,0
HTR/REDUCER/EXCENTRIC/50/32/,PP Fittings,STK,0
HTR/REDUCER/EXCENTRIC/50/40/,PP Fittings,STK,0
HTR/REDUCER/EXCENTRIC/75/50/,PP Fittings,STK,0
HTRE/INSP/PIPE/50/GREY,PP Fittings,STK,0
HTRE/INSP/PIPE/75/GREY,PP Fittings,STK,0
HTSW/GULLY/FLR/50/GREY,PP Fittings,STK,0
IRR/16MM/DL/10CM/1.2LPH/1000,Retail,STK,0
IRR/16MM/DL/30CM/1.2LPH/1000,Retail,STK,0
IRR/FT/CONECT/DBLNUT/16MM,IRRIGATION FITTINGS,STK,0
IRR/FT/DRIPER/8LPH,IRRIGATION FITTINGS,STK,0
IRR/FT/ELBOW90/16MM,IRRIGATION FITTINGS,STK,0
IRR/FT/EQT/16MM,IRRIGATION FITTINGS,STK,0
IRR/FT/FEM/REDUCR/3/4INCHX16MM,IRRIGATION FITTINGS,STK,0
IRR/FT/GROMMT/RUB/16MM,IRRIGATION FITTINGS,STK,0
IRR/FT/MINI/VALVE/16MM,IRRIGATION FITTINGS,STK,0
IRR/FT/QUK/CONECT/16MM,IRRIGATION FITTINGS,STK,0
IRR/HDPE/AF/20/6/100,HDPE pipe,STK,0
IRR/HDPE/AF/20/8/100,HDPE pipe,STK,0
IRR/HDPE/AF/25/6/100,HDPE pipe,STK,0
IRR/HDPE/AF/25/8/100,HDPE pipe,STK,0
IRR/HDPE/AF/32/6/100,HDPE pipe,STK,0
IRR/HDPE/AF/32/8/100,HDPE pipe,STK,0
IRR/HDPE/AF/40/6/100,HDPE pipe,STK,0
IRR/HDPE/AF/40/8/100,HDPE pipe,STK,0
IRR/HDPE/AF/50/6/100,HDPE pipe,STK,0
IRR/HDPE/AF/50/8/100,HDPE pipe,STK,0
IRR/SUCPIPE/1.5INCH/GREEN/1MTR,Retail,STK,0
IRR/SUCPIPE/2INCH/GREEN/1MTR,Retail,STK,0
KGMM/DBLSKT/160,PP Fittings,STK,0
LLPE/TANK/10000LITERS,Tanks,STK,0
LLPE/TANK/1000LITERS,Tanks,STK,0
LLPE/TANK/1500LITERS,Tanks,STK,0
LLPE/TANK/2000LITERS,Tanks,STK,0
LLPE/TANK/2300LITERS,Tanks,STK,0
LLPE/TANK/2500LITERS,Tanks,STK,0
LLPE/TANK/3000LITERS,Tanks,STK,0
LLPE/TANK/5000LITERS,Tanks,STK,0
LLPE/TANK/500LITERS,Tanks,STK,0
LOG/TRANSPORT,Transport Recovery,STK,0
LUBRICANT/CLEAR/SILICON/280ML,DWC Fittings,STK,0
MC/BF/MANUAL/LCL/160,Joints,STK,0
MC/BF/MANUAL/LCL/63,Joints,STK,0
MC/BF/SEMIAUTO/AQUFUSN/250,Joints,STK,0
MC/BF/SEMIAUTO/HUR/160,Joints,STK,0
MC/BF/SEMIAUTO/HUR/200,Joints,STK,0
MC/BF/SEMIAUTO/HUR/250,Joints,STK,0
MC/BF/SEMIAUTO/HUR/315,Joints,STK,0
MC/BF/SEMIAUTO/HUR/355,Joints,STK,0
MC/BF/SEMIAUTO/HUR/500,Joints,STK,0
MC/BF/SEMIAUTO/HUR/630,Joints,STK,0
MC/EF/HUR/HST300PRINT+/1200,Joints,STK,0
MC/GENSET/10KVA,Joints,STK,0
MC/HAND/EXTL/LCL,Joints,STK,0
MC/PRNT/HUR/TAGPRINTER,Joints,STK,0
MC/TL/CUTTER/35,Joints,STK,0
MC/TL/CUTTER/40,Joints,STK,0
MC/TL/CUTTER/63,Joints,STK,0
MC/TL/DEBEAD/400,Joints,STK,0
MC/TL/DEBEAD/400/BLADE,Joints,STK,0
MC/TL/ROLLER/315,Joints,STK,0
MC/TL/SCRAPER/110-500,Joints,STK,0
MC/TL/SCRAPER/32-160,Joints,STK,0
MC/TL/SCRAPER/BLADE,Joints,STK,0
MRKT/BANNERS/PULLUP,Valves,STK,0
MRKT/BROCHURES,Valves,STK,0
MRKT/CONFERENCE,Valves,STK,0
MS/FT/ELBOW/2 INCH,Fittings Accesories,STK,0
MS/FT/ELBOW/2.5 INCH,Fittings Accesories,STK,0
"MS/FT/ELBOW/3""",Fittings Accesories,STK,0
MS/FT/SOCKET/3,Fittings Accesories,STK,0
MS/FT/TEE/3INCH,Fittings Accesories,STK,0
MTR/BMEG/BEACON/SOFTWARE,Meters,STK,0
MTR/BMEG/ELECMAG/M2000/50,Meters,STK,0
MTR/BMEG/ELECMAG/M2000/80,Meters,STK,0
MTR/BMEG/ELECMAG/M5000/100,Meters,STK,0
MTR/BMEG/ELECMAG/M5000/150,Meters,STK,0
MTR/BMEG/ELECMAG/M5000/200,Meters,STK,0
MTR/BMEG/ELECMAG/M5000/250,Meters,STK,0
MTR/BMEG/ELECMAG/M5000/300,Meters,STK,0
MTR/BMEG/ELECMAG/M5000/350,Meters,STK,0
MTR/BMEG/ELECMAG/M5000/400,Meters,STK,0
MTR/BMEG/ELECMAG/M5000/400/REM,Meters,STK,0
MTR/BMEG/ELECMAG/M5000/450,Meters,STK,0
MTR/BMEG/ELECMAG/M5000/50,Meters,STK,0
MTR/BMEG/ELECMAG/M5000/500,Meters,STK,0
MTR/BMEG/ELECMAG/M5000/600,Meters,STK,0
MTR/BMEG/ELECMAG/M5000/80,Meters,STK,0
MTR/BMEG/ORION/ENDPOINT,Meters,STK,0
MTR/BMEG/PORTBL/MTR/TESTER/1IN,Meters,STK,0
MTR/BMEG/ULTSON-CLPON/TFX5000/,Meters,STK,0
MTR/DHL/ANTENNA/900MHZ/BAND,Meters,STK,0
MTR/DHL/ANTENNA/FIXED/OMNI/868,Meters,STK,0
MTR/DHL/ANTENNA/FIXED/YAGI/868,Meters,STK,0
MTR/DHL/ELEMAG/PROMAG/100,Meters,STK,0
MTR/DHL/ELEMAG/PROMAG/1000,Meters,STK,0
MTR/DHL/ELEMAG/PROMAG/1200,Meters,STK,0
MTR/DHL/ELEMAG/PROMAG/125,Meters,STK,0
MTR/DHL/ELEMAG/PROMAG/1400,Meters,STK,0
MTR/DHL/ELEMAG/PROMAG/150,Meters,STK,0
MTR/DHL/ELEMAG/PROMAG/200,Meters,STK,0
MTR/DHL/ELEMAG/PROMAG/250,Meters,STK,0
MTR/DHL/ELEMAG/PROMAG/300,Meters,STK,0
MTR/DHL/ELEMAG/PROMAG/350,Meters,STK,0
MTR/DHL/ELEMAG/PROMAG/400,Meters,STK,0
MTR/DHL/ELEMAG/PROMAG/50,Meters,STK,0
MTR/DHL/ELEMAG/PROMAG/500,Meters,STK,0
MTR/DHL/ELEMAG/PROMAG/600,Meters,STK,0
MTR/DHL/ELEMAG/PROMAG/65,Meters,STK,0
MTR/DHL/ELEMAG/PROMAG/700,Meters,STK,0
MTR/DHL/ELEMAG/PROMAG/80,Meters,STK,0
MTR/DHL/ELEMAG/PROMAG/800,Meters,STK,0
MTR/DHL/ELEMAG/PROMAG/900,Meters,STK,0
MTR/DHL/IZAR/ACTIVATION/1DAY,Meters,STK,0
MTR/DHL/IZAR/ANNUAL FEES,Meters,STK,0
MTR/DHL/IZAR/BEPULSE,Meters,STK,0
MTR/DHL/IZAR/DRVBY/CAT/S41,Meters,STK,0
MTR/DHL/IZAR/DRVBY/MOTION/868,Meters,STK,0
MTR/DHL/IZAR/DRVBY/REC/BT,Meters,STK,0
MTR/DHL/IZAR/DRVBY/REC/KIT,Meters,STK,0
MTR/DHL/IZAR/DRVBY/SMG/X4S,Meters,STK,0
MTR/DHL/IZAR/DRVBY/USB,Meters,STK,0
MTR/DHL/IZAR/DRVBY/USB/CABLE,Meters,STK,0
MTR/DHL/IZAR/MOBILE,Meters,STK,0
MTR/DHL/IZAR/NET2,Meters,STK,0
MTR/DHL/IZAR/OPTO,Meters,STK,0
MTR/DHL/IZAR/PORTAL/DEMO,Meters,STK,0
MTR/DHL/IZAR/PULSE/G3/WIRED,Meters,STK,0
MTR/DHL/IZAR/PULSE/I4/5WIRED,Meters,STK,0
MTR/DHL/IZAR/PULSEI,Meters,STK,0
MTR/DHL/IZAR/PULSEI/G3/LORA,Meters,STK,0
MTR/DHL/IZAR/PULSEI/G4/434,Meters,STK,0
MTR/DHL/IZAR/PULSEI/G4/868,Meters,STK,0
MTR/DHL/IZAR/PWR/PACK/RDC/BATT,Meters,STK,0
MTR/DHL/IZAR/RDC/BATT/868,Meters,STK,0
MTR/DHL/IZAR/RDC/PREMIUM2/868,Meters,STK,0
MTR/DHL/IZAR/RE-LBUS-NBIOT,Meters,STK,0
MTR/DHL/MTIJET/COR/BRS/R80/15,Meters,STK,0
MTR/DHL/MTIJET/COR/BRS/R80/20,Meters,STK,0
MTR/DHL/NRV/15,Meters,STK,0
MTR/DHL/NRV/20,Meters,STK,0
MTR/DHL/PLASTIC/SEAL,Meters,STK,0
MTR/DHL/RUBBER/GASKET/DN15,Meters,STK,0
MTR/DHL/SGLJET/AQ/BRS/R315/100,Meters,STK,0
MTR/DHL/SGLJET/AQ/BRS/R315/50,Meters,STK,0
MTR/DHL/SGLJET/AQ/BRS/R315/65,Meters,STK,0
MTR/DHL/SGLJET/AQ/BRS/R315/80,Meters,STK,0
MTR/DHL/SGLJET/AQ/BRS/R630/100,Meters,STK,0
MTR/DHL/SGLJET/AQ/BRS/R630/80,Meters,STK,0
MTR/DHL/SGLJET/AQ/COMP/R200/15,Meters,STK,0
MTR/DHL/SGLJET/AQ/COMP/R200/20,Meters,STK,0
MTR/DHL/SGLJET/AQS/BRS/R80/25,Meters,STK,0
MTR/DHL/SGLJET/ARIES/BRS/R125/,Meters,STK,0
MTR/DHL/SGLJET/ARIES/COMP/R100,Meters,STK,0
MTR/DHL/SGLJET/ARIES/COMP/R125,Meters,STK,0
MTR/DHL/SGLJET/AUR/BRS/R125/15,Meters,STK,0
MTR/DHL/SGLJET/AUR/BRS/R125/20,Meters,STK,0
MTR/DHL/SGLJET/AUR/BRS/R125/25,Meters,STK,0
MTR/DHL/SGLJET/AUR/BRS/R125/32,Meters,STK,0
MTR/DHL/SGLJET/AUR/BRS/R160/15,Meters,STK,0
MTR/DHL/SGLJET/AUR/BRS/R160/20,Meters,STK,0
MTR/DHL/SGLJET/AUR/BRS/R160/25,Meters,STK,0
MTR/DHL/SGLJET/AUR/BRS/R160/32,Meters,STK,0
MTR/DHL/SGLJET/AUR/BRS/R160/40,Meters,STK,0
MTR/DHL/SGLJET/AUR/BRS/R200/15,Meters,STK,0
MTR/DHL/SGLJET/AUR/BRS/R200/20,Meters,STK,0
MTR/DHL/SGLJET/AUR/COM/R160/15,Meters,STK,0
MTR/DHL/STRNR/100,Meters,STK,0
MTR/DHL/STRNR/125,Meters,STK,0
MTR/DHL/STRNR/150,Meters,STK,0
MTR/DHL/STRNR/200,Meters,STK,0
MTR/DHL/STRNR/250,Meters,STK,0
MTR/DHL/STRNR/300,Meters,STK,0
MTR/DHL/STRNR/400,Meters,STK,0
MTR/DHL/STRNR/50,Meters,STK,0
MTR/DHL/STRNR/500,Meters,STK,0
MTR/DHL/STRNR/65,Meters,STK,0
MTR/DHL/STRNR/80,Meters,STK,0
MTR/DHL/ULTSNC/HYD/100,Meters,STK,0
MTR/DHL/ULTSNC/HYD/15,Meters,STK,0
MTR/DHL/ULTSNC/HYD/150,Meters,STK,0
MTR/DHL/ULTSNC/HYD/20,Meters,STK,0
MTR/DHL/ULTSNC/HYD/200,Meters,STK,0
MTR/DHL/ULTSNC/HYD/25,Meters,STK,0
MTR/DHL/ULTSNC/HYD/32,Meters,STK,0
MTR/DHL/ULTSNC/HYD/40,Meters,STK,0
MTR/DHL/ULTSNC/HYD/50,Meters,STK,0
MTR/DHL/ULTSNC/HYD/80,Meters,STK,0
MTR/DHL/VLC/ALT/CM/R160/15/110,Meters,STK,0
MTR/DHL/VLC/ALT/CM/R160/15/170,Meters,STK,0
MTR/DHL/VLC/ALT/CM/R160/15/NRV,Meters,STK,0
MTR/DHL/VLC/ALT/CM/R160/15/RM,Meters,STK,0
MTR/DHL/VLC/ALT/CM/R160/20/190,Meters,STK,0
MTR/DHL/VLC/ALT/CM/R160/20/NRV,Meters,STK,0
MTR/DHL/VLC/ALT/CM/R160/20/RM,Meters,STK,0
MTR/DHL/VLC/ALT/CM/R315/15/110,Meters,STK,0
MTR/DHL/VLC/ALT/CM/R315/20,Meters,STK,0
MTR/DHL/VLC/ALT/CM/R315/25,Meters,STK,0
MTR/DHL/VLC/ALT/CM/R315/32,Meters,STK,0
MTR/DHL/VLC/ALT/CM/R315/40,Meters,STK,0
MTR/DHL/VLMTRC/ALT/BRS/R160/15,Meters,STK,0
MTR/DHL/VLMTRC/ALT/BRS/R160/20,Meters,STK,0
MTR/DHL/VLMTRC/ALT/BRS/R160/25,Meters,STK,0
MTR/DHL/VLMTRC/ALT/BRS/R160/32,Meters,STK,0
MTR/DHL/VLMTRC/ALT/BRS/R160/40,Meters,STK,0
MTR/DHL/VLMTRC/ALT/BRS/R315/20,Meters,STK,0
MTR/DHL/VLMTRC/ALT/BRS/R315/25,Meters,STK,0
MTR/DHL/VLMTRC/ALT/BRS/R315/32,Meters,STK,0
MTR/DHL/VLMTRC/ALT/BRS/R315/40,Meters,STK,0
MTR/DHL/WLTMN/WES/100,Meters,STK,0
MTR/DHL/WLTMN/WES/100/40,Meters,STK,0
MTR/DHL/WLTMN/WES/125,Meters,STK,0
MTR/DHL/WLTMN/WES/150,Meters,STK,0
MTR/DHL/WLTMN/WES/200,Meters,STK,0
MTR/DHL/WLTMN/WES/200/40,Meters,STK,0
MTR/DHL/WLTMN/WES/250,Meters,STK,0
MTR/DHL/WLTMN/WES/300,Meters,STK,0
MTR/DHL/WLTMN/WES/400,Meters,STK,0
MTR/DHL/WLTMN/WES/50,Meters,STK,0
MTR/DHL/WLTMN/WES/500,Meters,STK,0
MTR/DHL/WLTMN/WES/65,Meters,STK,0
MTR/DHL/WLTMN/WES/80,Meters,STK,0
MTR/ELECMAG/IP68SILL/JUNCT/REM,Meters,STK,0
MTR/ELECMAG/M5000/CABLE/10M,Meters,STK,0
MTR/HEBEI/MTIJET/BRS/R160/15,Meters,STK,0
MTR/HEBEI/MTIJET/COMP/R160/15,Meters,STK,0
MTR/HEBEI/VLC/COMP/R160/15,Meters,STK,0
MTR/ITRON/CYB/PULSE,Meters,STK,0
MTR/KNT/WLTMN/80,Meters,STK,0
MTR/LCL/ANOG/PRESS/GAUG/3/4INC,Meters,STK,0
MTR/LCL/CALIBRA/BENCH/15-40MM,Meters,STK,0
MTR/LCL/DIG/PRESS/LOGG/3/4INCH,Meters,STK,0
MTR/LCL/INSERTION/FLOW/MTR/2MT,Meters,STK,0
MTR/LCL/LEAK/NOICE/CORRELATOR,Meters,STK,0
MTR/LCL/NON/METAL/PIPE/LOCATOR,Meters,STK,0
MTR/LCL/STRNR/100,Meters,STK,0
MTR/LCL/STRNR/150,Meters,STK,0
MTR/LCL/STRNR/200,Meters,STK,0
MTR/LCL/STRNR/32,Meters,STK,0
MTR/LCL/STRNR/40,Meters,STK,0
MTR/LCL/STRNR/50,Meters,STK,0
MTR/LCL/STRNR/80,Meters,STK,0
MTR/LINER/BRASS,Meters,STK,0
MTR/LINER/NRV/PLASTIC/15,Meters,STK,0
MTR/LINER/PLASTIC,Meters,STK,0
MTR/LINER/PLASTIC/20,Meters,STK,0
MTR/MEC/BULK/50,Meters,STK,0
MTR/MEC/BULK/80,Meters,STK,0
MTR/MEC/MTIJET/DN15/BRASS/R160,Meters,STK,0
MTR/MEC/MTIJET/DN15/COMP/R160,Meters,STK,0
MTR/MEC/MTIJET/DN20/BRASS/R100,Meters,STK,0
MTR/MEC/PREPAID/DN15/BRASS/TC,Meters,STK,0
MTR/MEC/PREPAID/DN15/BRASS/TD,Meters,STK,0
MTR/MEC/SINGJET/DN13/COMP,Meters,STK,0
MTR/MEC/SINGJET/DN20/BRASS,Meters,STK,0
MTR/MEC/VLC/DN15/COMP/R160,Meters,STK,0
MTR/NKS/MLTJET/LR/COMP/R200/15,Meters,STK,0
MTR/NKS/SGLJET/LR/COMP/R160/15,Meters,STK,0
MTR/NKS/SGLJET/LR/COMP/R200/15,Meters,STK,0
MTR/SEALING/GUN,Meters,STK,0
MTR/SEALING/WIRE,Meters,STK,0
MTR/SGDA/MTIJET/BRS/R160/15,Meters,STK,0
MTR/SGDA/MTIJET/COMP/R160/15,Meters,STK,0
MTR/SGDA/VLC/BRASS/R160/15,Meters,STK,0
MTR/SGDA/VLC/COMP/R160/15,Meters,STK,0
MTR/SH/BOX/15/20,Meters,STK,0
MTR/SH/BOX/25/32,Meters,STK,0
MTR/SH/BOX/40/50,Meters,STK,0
MTR/SH/MJET/PP/IC/BRS/R100/15,Meters,STK,0
MTR/SH/MJET/PP/STS/BRS/R100/15,Meters,STK,0
MTR/SH/MJET/PP/STS/COMP/R100/1,Meters,STK,0
MTR/SH/PP/IC/CARD,Meters,STK,0
MTR/SH/PP/IC/CARDREADER,Meters,STK,0
MTR/WESDOM/BULK/80,Meters,STK,0
MTR/WESDOM/SGLJET/COMP/R160/25,Meters,STK,0
MTR/WESDOM/SGLJET/COMP/R160/40,Meters,STK,0
PETROLPUMP/DAYLFF/7.0HP/DC50E/,Pumps,STK,0
PETROLPUMP/DAYLFF/7.0HP/DC80P/,Pumps,STK,0
PP/EXT/REGRIND,Raw Materials,STK,0
PP/SCRAP,Raw Materials,STK,0
PPH/AQ/20/20/5,PPR Pipes,STK,0
PPH/AQ/25/20/5,PPR Pipes,STK,0
PPH/AQ/25/20/6,PPR Pipes,STK,0
PPH/FT/ELBOW/20,PPR Fittings,STK,0
PPH/FT/ELBOW/25,PPR Fittings,STK,0
PPH/FT/ELBOW/FMTHREAD/25,PPR Fittings,STK,0
PPH/FT/NIPPLE/20,PPR Fittings,STK,0
PPH/FT/NIPPLE/25,PPR Fittings,STK,0
PPH/FT/NIPPLE/FMTHREAD/20,PPR Fittings,STK,0
PPH/FT/NIPPLE/FMTHREAD/25,PPR Fittings,STK,0
PPH/FT/REDBUSH/FMTHREAD/25X20,PPR Fittings,STK,0
PPH/FT/REDBUSH/FMTHREAD/32X25,PPR Fittings,STK,0
PPH/FT/SOCKET/20,PPR Fittings,STK,0
PPH/FT/SOCKET/25,PPR Fittings,STK,0
PPH/FT/STOPCORK/MTHREAD/20,PPR Fittings,STK,0
PPH/FT/STOPCORK/MTHREAD/25,PPR Fittings,STK,0
PPH/FT/TEE/FMTHREAD/25MM,PPR Fittings,STK,0
PPH/FT/TEE/FMTHREAD/32MM,PPR Fittings,STK,0
PPH/FT/TEE/FMTHREAD/50MM,PPR Fittings,STK,0
PPH/FT/UNION/20,PPR Fittings,STK,0
PPH/FT/UNION/25,PPR Fittings,STK,0
PPR/AQ/110/16/4,PPR Pipes,STK,0
PPR/AQ/110/16/50,PPR Pipes,STK,0
PPR/AQ/110/20/4,PPR Pipes,STK,0
PPR/AQ/110/20/50,PPR Pipes,STK,0
PPR/AQ/20/16/100,PPR Pipes,STK,0
PPR/AQ/20/16/4,PPR Pipes,STK,0
PPR/AQ/20/16/4/PRM,PPR Pipes,STK,0
PPR/AQ/20/20/100,PPR Pipes,STK,0
PPR/AQ/20/20/100/PRM,PPR Pipes,STK,0
PPR/AQ/20/20/4,PPR Pipes,STK,0
PPR/AQ/20/20/4/PRM,PPR Pipes,STK,0
PPR/AQ/20/20/4/TZ,PPR Pipes,STK,0
PPR/AQ/25/16/100,PPR Pipes,STK,0
PPR/AQ/25/16/150,PPR Pipes,STK,0
PPR/AQ/25/16/4,PPR Pipes,STK,0
PPR/AQ/25/16/4/PRM,PPR Pipes,STK,0
PPR/AQ/25/20/100,PPR Pipes,STK,0
PPR/AQ/25/20/100/PRM,PPR Pipes,STK,0
PPR/AQ/25/20/4,PPR Pipes,STK,0
PPR/AQ/25/20/4/PRM,PPR Pipes,STK,0
PPR/AQ/25/20/4/TZ,PPR Pipes,STK,0
PPR/AQ/32/16/100,PPR Pipes,STK,0
PPR/AQ/32/16/4,PPR Pipes,STK,0
PPR/AQ/32/20/100,PPR Pipes,STK,0
PPR/AQ/32/20/4,PPR Pipes,STK,0
PPR/AQ/32/20/4/TZ,PPR Pipes,STK,0
PPR/AQ/40/16/100,PPR Pipes,STK,0
PPR/AQ/40/16/4,PPR Pipes,STK,0
PPR/AQ/40/16/50,PPR Pipes,STK,0
PPR/AQ/40/20/100,PPR Pipes,STK,0
PPR/AQ/40/20/4,PPR Pipes,STK,0
PPR/AQ/40/20/50,PPR Pipes,STK,0
PPR/AQ/40/20/6,PPR Pipes,STK,0
PPR/AQ/50/16/100,PPR Pipes,STK,0
PPR/AQ/50/16/4,PPR Pipes,STK,0
PPR/AQ/50/16/50,PPR Pipes,STK,0
PPR/AQ/50/20/100,PPR Pipes,STK,0
PPR/AQ/50/20/4,PPR Pipes,STK,0
PPR/AQ/50/20/50,PPR Pipes,STK,0
PPR/AQ/63/16/100,PPR Pipes,STK,0
PPR/AQ/63/16/4,PPR Pipes,STK,0
PPR/AQ/63/16/50,PPR Pipes,STK,0
PPR/AQ/63/20/100,PPR Pipes,STK,0
PPR/AQ/63/20/4,PPR Pipes,STK,0
PPR/AQ/63/20/50,PPR Pipes,STK,0
PPR/AQ/75/16/100,PPR Pipes,STK,0
PPR/AQ/75/16/4,PPR Pipes,STK,0
PPR/AQ/75/16/50,PPR Pipes,STK,0
PPR/AQ/75/20/100,PPR Pipes,STK,0
PPR/AQ/75/20/4,PPR Pipes,STK,0
PPR/AQ/75/20/50,PPR Pipes,STK,0
PPR/AQ/90/16/100,PPR Pipes,STK,0
PPR/AQ/90/16/4,PPR Pipes,STK,0
PPR/AQ/90/16/50,PPR Pipes,STK,0
PPR/AQ/90/20/100,PPR Pipes,STK,0
PPR/AQ/90/20/4,PPR Pipes,STK,0
PPR/AQ2/20/16/5,PPR Pipes,STK,0
PPR/AQ2/20/16/6,PPR Pipes,STK,0
PPR/AQ2/20/20/4,PPR Pipes,STK,0
PPR/AQ2/25/16/4,PPR Pipes,STK,0
PPR/AQ2/25/16/5,PPR Pipes,STK,0
PPR/AQ2/25/16/6,PPR Pipes,STK,0
PPR/AQ2/25/20/4,PPR Pipes,STK,0
PPR/AQ2/32/16/5,PPR Pipes,STK,0
PPR/AQ2/32/16/6,PPR Pipes,STK,0
PPR/AQ2/32/20/4,PPR Pipes,STK,0
PPR/AQ2/40/16/4,PPR Pipes,STK,0
PPR/AQ2/40/20/4,PPR Pipes,STK,0
PPR/AQ2/50/20/100,PPR Pipes,STK,0
PPR/AQ2/50/20/4,PPR Pipes,STK,0
PPR/AQ2/63/20/100,PPR Pipes,STK,0
PPR/AQ2/63/20/4,PPR Pipes,STK,0
PPR/AQ3/20/16/100,PPR Pipes,STK,0
PPR/AQ3/20/16/4,PPR Pipes,STK,0
PPR/AQ3/20/20/100,PPR Pipes,STK,0
PPR/AQ3/20/20/4,PPR Pipes,STK,0
PPR/AQ3/20/20/5,PPR Pipes,STK,0
PPR/AQ3/25/16/100,PPR Pipes,STK,0
PPR/AQ3/25/16/4,PPR Pipes,STK,0
PPR/AQ3/25/20/100,PPR Pipes,STK,0
PPR/AQ3/25/20/4,PPR Pipes,STK,0
PPR/AQ3/25/20/5,PPR Pipes,STK,0
PPR/AQ3/32/16/100,PPR Pipes,STK,0
PPR/AQ3/32/16/4,PPR Pipes,STK,0
PPR/AQ3/32/20/100,PPR Pipes,STK,0
PPR/AQ3/32/20/4,PPR Pipes,STK,0
PPR/AQ3/32/20/5,PPR Pipes,STK,0
PPR/AQ3/40/20/4,PPR Pipes,STK,0
PPR/AQ3/50/20/4,PPR Pipes,STK,0
PPR/AQ3/63/20/4,PPR Pipes,STK,0
PPR/EXT/REGRIND,Raw Materials,STK,0
PPR/FT/BALL VALVE/20,PPR Fittings,STK,0
PPR/FT/BALL VALVE/25,PPR Fittings,STK,0
PPR/FT/BALL VALVE/32,PPR Fittings,STK,0
PPR/FT/BALL VALVE/40,PPR Fittings,STK,0
PPR/FT/BALL VALVE/50,PPR Fittings,STK,0
PPR/FT/BALL VALVE/63,PPR Fittings,STK,0
PPR/FT/BALL VALVE/75,PPR Fittings,STK,0
PPR/FT/BYPASS/BEND/25,PPR Fittings,STK,0
PPR/FT/BYPASS/BEND/32,PPR Fittings,STK,0
PPR/FT/CROSSELBOW/25,PPR Fittings,STK,0
PPR/FT/ELB/110,PPR Fittings,STK,0
PPR/FT/ELB/20,PPR Fittings,STK,0
PPR/FT/ELB/25,PPR Fittings,STK,0
PPR/FT/ELB/32,PPR Fittings,STK,0
PPR/FT/ELB/40,PPR Fittings,STK,0
PPR/FT/ELB/50,PPR Fittings,STK,0
PPR/FT/ELB/63,PPR Fittings,STK,0
PPR/FT/ELB/75,PPR Fittings,STK,0
PPR/FT/ELB/90,PPR Fittings,STK,0
PPR/FT/ELB45/20,PPR Fittings,STK,0
PPR/FT/ELB45/25,PPR Fittings,STK,0
PPR/FT/ELB45/32,PPR Fittings,STK,0
PPR/FT/ELB45/40,PPR Fittings,STK,0
PPR/FT/ELB45/50,PPR Fittings,STK,0
PPR/FT/ELB45/63,PPR Fittings,STK,0
PPR/FT/ENDPLUG/20,PPR Fittings,STK,0
PPR/FT/ENDPLUG/25,PPR Fittings,STK,0
PPR/FT/ENDPLUG/32,PPR Fittings,STK,0
PPR/FT/ENDPLUG/40,PPR Fittings,STK,0
PPR/FT/FMLADAPT/20X0.5,PPR Fittings,STK,0
PPR/FT/FMLADAPT/25X0.5,PPR Fittings,STK,0
PPR/FT/FMLADAPT/25X0.75,PPR Fittings,STK,0
PPR/FT/FMLADAPT/32X0.5,PPR Fittings,STK,0
PPR/FT/FMLADAPT/32X1,PPR Fittings,STK,0
PPR/FT/FMLADAPT/40X1.25,PPR Fittings,STK,0
PPR/FT/FMLADAPT/50X1.5,PPR Fittings,STK,0
PPR/FT/FMLADAPT/63X2,PPR Fittings,STK,0
PPR/FT/FMLADAPT/75X2.5,PPR Fittings,STK,0
PPR/FT/FMLADAPT/90X3,PPR Fittings,STK,0
PPR/FT/FMLELB/20X0.5,PPR Fittings,STK,0
PPR/FT/FMLELB/20X0.75,PPR Fittings,STK,0
PPR/FT/FMLELB/25X0.5,PPR Fittings,STK,0
PPR/FT/FMLELB/25X0.75,PPR Fittings,STK,0
PPR/FT/FMLELB/32X0.5,PPR Fittings,STK,0
PPR/FT/FMLELB/32X1,PPR Fittings,STK,0
PPR/FT/FMLELB/32X3/4,PPR Fittings,STK,0
PPR/FT/FMLELB/50X1.5,PPR Fittings,STK,0
PPR/FT/FMLELB/63X2,PPR Fittings,STK,0
PPR/FT/FMLEND/20X0.5,PPR Fittings,STK,0
PPR/FT/FMLEND/25X0.75,PPR Fittings,STK,0
PPR/FT/FMLEND/32X1,PPR Fittings,STK,0
PPR/FT/FMLEND/40X1.25,PPR Fittings,STK,0
PPR/FT/FMLTEE/20X1/2,PPR Fittings,STK,0
PPR/FT/FMLTEE/25X0.5,PPR Fittings,STK,0
PPR/FT/FMLTEE/25X0.75,PPR Fittings,STK,0
PPR/FT/FMLTEE/32X1,PPR Fittings,STK,0
PPR/FT/FMLTEE/32X3/4,PPR Fittings,STK,0
PPR/FT/MLADAPT/20X0.5,PPR Fittings,STK,0
PPR/FT/MLADAPT/25X0.5,PPR Fittings,STK,0
PPR/FT/MLADAPT/25X0.75,PPR Fittings,STK,0
PPR/FT/MLADAPT/32X0.75,PPR Fittings,STK,0
PPR/FT/MLADAPT/32X1,PPR Fittings,STK,0
PPR/FT/MLADAPT/40X1.25,PPR Fittings,STK,0
PPR/FT/MLADAPT/50X1.5,PPR Fittings,STK,0
PPR/FT/MLADAPT/63X2,PPR Fittings,STK,0
PPR/FT/MLADAPT/75X2.5,PPR Fittings,STK,0
PPR/FT/MLADAPT/90X3,PPR Fittings,STK,0
PPR/FT/MLELB/20X0.5,PPR Fittings,STK,0
PPR/FT/MLELB/25X0.75,PPR Fittings,STK,0
PPR/FT/MLELB/25X1/2,PPR Fittings,STK,0
PPR/FT/MLELB/32X1,PPR Fittings,STK,0
PPR/FT/MLELB/32X1/2,PPR Fittings,STK,0
PPR/FT/MLELB/32X3/4,PPR Fittings,STK,0
PPR/FT/MLELB/50X1.5,PPR Fittings,STK,0
PPR/FT/MLTEE/25X1/2,PPR Fittings,STK,0
PPR/FT/MLTEE/25X3/4,PPR Fittings,STK,0
PPR/FT/MLTEE/40X1 1/4,PPR Fittings,STK,0
PPR/FT/OVERBEND/32,PPR Fittings,STK,0
PPR/FT/RED/UNION/25X1/2/FEMALE,PPR Fittings,STK,0
PPR/FT/RED/UNION/25X1/2/MALE,PPR Fittings,STK,0
PPR/FT/RED/UNION/32X3/4/FEMALE,PPR Fittings,STK,0
PPR/FT/RED/UNION/32X3/4/MALE,PPR Fittings,STK,0
PPR/FT/REDBUSH/110X75,PPR Fittings,STK,0
PPR/FT/REDBUSH/32X25,PPR Fittings,STK,0
PPR/FT/REDBUSH/40X25,PPR Fittings,STK,0
PPR/FT/REDBUSH/40X32,PPR Fittings,STK,0
PPR/FT/REDBUSH/50X32,PPR Fittings,STK,0
PPR/FT/REDBUSH/50X40,PPR Fittings,STK,0
PPR/FT/REDBUSH/63X25,PPR Fittings,STK,0
PPR/FT/REDBUSH/63X32,PPR Fittings,STK,0
PPR/FT/REDBUSH/63X40,PPR Fittings,STK,0
PPR/FT/REDBUSH/63X50,PPR Fittings,STK,0
PPR/FT/REDBUSH/75X50,PPR Fittings,STK,0
PPR/FT/REDBUSH/75X63,PPR Fittings,STK,0
PPR/FT/REDBUSH/90X75,PPR Fittings,STK,0
PPR/FT/REDELB/FEMLTHRED/32X25,PPR Fittings,STK,0
PPR/FT/REDELBOW/32X25,PPR Fittings,STK,0
PPR/FT/REDSOCKET/110X75,PPR Fittings,STK,0
PPR/FT/REDSOCKET/32X25,PPR Fittings,STK,0
PPR/FT/REDSOCKET/50X32,PPR Fittings,STK,0
PPR/FT/REDSOCKET/50X40,PPR Fittings,STK,0
PPR/FT/REDSOCKET/63X32,PPR Fittings,STK,0
PPR/FT/REDSOCKET/63X40,PPR Fittings,STK,0
PPR/FT/REDSOCKET/63X50,PPR Fittings,STK,0
PPR/FT/REDSOCKET/75X63,PPR Fittings,STK,0
PPR/FT/REDSOCKET/90X63,PPR Fittings,STK,0
PPR/FT/REDTEE/25X20,PPR Fittings,STK,0
PPR/FT/REDTEE/32X20,PPR Fittings,STK,0
PPR/FT/REDTEE/32X25,PPR Fittings,STK,0
PPR/FT/REDTEE/40X20,PPR Fittings,STK,0
PPR/FT/REDTEE/40X25,PPR Fittings,STK,0
PPR/FT/REDTEE/40X32,PPR Fittings,STK,0
PPR/FT/REDTEE/50X20,PPR Fittings,STK,0
PPR/FT/REDTEE/50X25,PPR Fittings,STK,0
PPR/FT/REDTEE/50X32,PPR Fittings,STK,0
PPR/FT/REDTEE/50X40,PPR Fittings,STK,0
PPR/FT/REDTEE/63X25,PPR Fittings,STK,0
PPR/FT/REDTEE/63X40,PPR Fittings,STK,0
PPR/FT/REDUCER/25X20,PPR Fittings,STK,0
PPR/FT/REDUCER/32X20,PPR Fittings,STK,0
PPR/FT/REDUCER/32X25,PPR Fittings,STK,0
PPR/FT/REDUCER/40X25,PPR Fittings,STK,0
PPR/FT/REDUCER/40X32,PPR Fittings,STK,0
PPR/FT/REDUCER/50X32,PPR Fittings,STK,0
PPR/FT/REDUCER/50X40,PPR Fittings,STK,0
PPR/FT/SOCKET/110,PPR Fittings,STK,0
PPR/FT/SOCKET/20,PPR Fittings,STK,0
PPR/FT/SOCKET/25,PPR Fittings,STK,0
PPR/FT/SOCKET/32,PPR Fittings,STK,0
PPR/FT/SOCKET/40,PPR Fittings,STK,0
PPR/FT/SOCKET/50,PPR Fittings,STK,0
PPR/FT/SOCKET/63,PPR Fittings,STK,0
PPR/FT/SOCKET/75,PPR Fittings,STK,0
PPR/FT/SOCKET/90,PPR Fittings,STK,0
PPR/FT/TEE/110,PPR Fittings,STK,0
PPR/FT/TEE/20,PPR Fittings,STK,0
PPR/FT/TEE/25,PPR Fittings,STK,0
PPR/FT/TEE/32,PPR Fittings,STK,0
PPR/FT/TEE/40,PPR Fittings,STK,0
PPR/FT/TEE/50,PPR Fittings,STK,0
PPR/FT/TEE/63,PPR Fittings,STK,0
PPR/FT/TEE/75,PPR Fittings,STK,0
PPR/FT/TEE/90,PPR Fittings,STK,0
PPR/FT/UNION BALL VALVE/25,PPR Fittings,STK,0
PPR/FT/UNION BALL VALVE/32,PPR Fittings,STK,0
PPR/FT/UNION/20,PPR Fittings,STK,0
PPR/FT/UNION/20/FEMALE,PPR Fittings,STK,0
PPR/FT/UNION/20/MALE,PPR Fittings,STK,0
PPR/FT/UNION/25,PPR Fittings,STK,0
PPR/FT/UNION/25/FEMALE,PPR Fittings,STK,0
PPR/FT/UNION/25/MALE,PPR Fittings,STK,0
PPR/FT/UNION/32,PPR Fittings,STK,0
PPR/FT/UNION/32/FEMALE,PPR Fittings,STK,0
PPR/FT/UNION/32/MALE,PPR Fittings,STK,0
PPR/FT/UNION/40,PPR Fittings,STK,0
PPR/FT/UNION/40/FEMALE,PPR Fittings,STK,0
PPR/FT/UNION/40/MALE,PPR Fittings,STK,0
PPR/FT/UNION/50,PPR Fittings,STK,0
PPR/FT/UNION/50/FEMALE,PPR Fittings,STK,0
PPR/FT/UNION/50/MALE,PPR Fittings,STK,0
PPR/FT/UNION/63,PPR Fittings,STK,0
PPR/FT/UNION/63/MALE,PPR Fittings,STK,0
PPR/FT/UNION/BRASS/20,PPR Fittings,STK,0
PPR/FT/UNION/BRASS/25,PPR Fittings,STK,0
PPR/FT/UNION/BRASS/32,PPR Fittings,STK,0
PPR/FT/UNION/BRASS/50,PPR Fittings,STK,0
PPR/SCRAP,Raw Materials,STK,0
PUMP/CABLJOINT/1.5-4MM,Pumps,STK,0
PUMP/CONTROL/DAYLEF/0.75KW/AUT,Pumps,STK,0
PUMP/CONTROL/DAYLEF/1KW/MAN,Pumps,STK,0
PUMP/DAYLEF/0.75KW/DDC158,Pumps,STK,0
PUMP/ELES/370W/0.5HP/PKM60/ALU,Pumps,STK,0
PUMP/ELES/370W/0.5HP/PKM60/COP,Pumps,STK,0
PUMP/ELES/750W/1HP/CPM158/ALU,Pumps,STK,0
PUMP/ELES/AUTO/PUMP/CONT/PC4A,Pumps,STK,0
PUMP/ELES/FLOT/SWITCH/6MTR/CAB,Pumps,STK,0
PUMP/ELES/PRESS/SWITCH/SK6,Pumps,STK,0
PUMP/ELESTAR/370W/0.5HP/QB60,Pumps,STK,0
PUMP/FLOATSWITCH/DAYLEF/YDF3,Pumps,STK,0
PUMP/PDAYLEF/0.37KW/DDP60,Pumps,STK,0
PUMP/PEDRLO/0.37KW/PKM60,Pumps,STK,0
PUMP/PEDRLO/0.75KW/CPM158,Pumps,STK,0
PUMP/PRESSCONTROL/1.1KW/1INCH,Pumps,STK,0
PUMP/SWITCHCABLE/0.37KW/DSD3/7,Pumps,STK,0
PUMP/SWITCHCABLE/0.75KW/DSD3/1,Pumps,STK,0
PVC/FT/BALL VALVE/20,Fittings Accesories,STK,0
PVC/FT/BALL VALVE/32,Fittings Accesories,STK,0
PVC/FT/BALL VALVE/50,Fittings Accesories,STK,0
PVC/FT/BALL VALVE/63,Fittings Accesories,STK,0
PVC/FT/BALL VALVE/75,Fittings Accesories,STK,0
PVC/FT/CLIPS/200,Fittings Accesories,STK,0
PVC/FT/COUPLER/110,Fittings Accesories,STK,0
PVC/FT/COUPLER/160,Fittings Accesories,STK,0
PVC/FT/CROSS 45DEG/50,Fittings Accesories,STK,0
PVC/FT/DOUBLE/SOCKET/200,Fittings Accesories,STK,0
PVC/FT/ELBOW45/110,Fittings Accesories,STK,0
PVC/FT/ELBOW45/160,Fittings Accesories,STK,0
PVC/FT/ELBOW45/200,Fittings Accesories,STK,0
PVC/FT/ELBOW45/250,Fittings Accesories,STK,0
PVC/FT/ELBOW45/32,Fittings Accesories,STK,0
PVC/FT/ELBOW45/50,Fittings Accesories,STK,0
PVC/FT/ELBOW45/63,Fittings Accesories,STK,0
PVC/FT/ELBOW45/90,Fittings Accesories,STK,0
PVC/FT/ELBOW90/110,Fittings Accesories,STK,0
PVC/FT/ELBOW90/110/PN16,Fittings Accesories,STK,0
PVC/FT/ELBOW90/110X56,Fittings Accesories,STK,0
PVC/FT/ELBOW90/125,Fittings Accesories,STK,0
PVC/FT/ELBOW90/160,Fittings Accesories,STK,0
PVC/FT/ELBOW90/160/PN16,Fittings Accesories,STK,0
PVC/FT/ELBOW90/20,Fittings Accesories,STK,0
PVC/FT/ELBOW90/200,Fittings Accesories,STK,0
PVC/FT/ELBOW90/200/PN16,Fittings Accesories,STK,0
PVC/FT/ELBOW90/25,Fittings Accesories,STK,0
PVC/FT/ELBOW90/250,Fittings Accesories,STK,0
PVC/FT/ELBOW90/32,Fittings Accesories,STK,0
PVC/FT/ELBOW90/32/PN16,Fittings Accesories,STK,0
PVC/FT/ELBOW90/355,Fittings Accesories,STK,0
PVC/FT/ELBOW90/50,Fittings Accesories,STK,0
PVC/FT/ELBOW90/50/PN16,Fittings Accesories,STK,0
PVC/FT/ELBOW90/63,Fittings Accesories,STK,0
PVC/FT/ELBOW90/63/PN10,Fittings Accesories,STK,0
PVC/FT/ELBOW90/75,Fittings Accesories,STK,0
PVC/FT/ELBOW90/90,Fittings Accesories,STK,0
PVC/FT/ELBOW90/90/PN10,Fittings Accesories,STK,0
PVC/FT/ENDBELL/110,Fittings Accesories,STK,0
PVC/FT/ENDBELL/160,Fittings Accesories,STK,0
PVC/FT/ENDCAP/1.5INCH,Fittings Accesories,STK,0
PVC/FT/ENDCAP/10INCH,Fittings Accesories,STK,0
PVC/FT/ENDCAP/2INCH,Fittings Accesories,STK,0
PVC/FT/ENDCAP/4INCH,Fittings Accesories,STK,0
PVC/FT/ENDCAP/4INCH/PN10,Fittings Accesories,STK,0
PVC/FT/ENDCAP/6INCH,Fittings Accesories,STK,0
PVC/FT/EQT45/160,Fittings Accesories,STK,0
PVC/FT/EQT90/110,Fittings Accesories,STK,0
PVC/FT/EQT90/110/PN10,Fittings Accesories,STK,0
PVC/FT/EQT90/110/PN16,Fittings Accesories,STK,0
PVC/FT/EQT90/160,Fittings Accesories,STK,0
PVC/FT/EQT90/160/PN10,Fittings Accesories,STK,0
PVC/FT/EQT90/200,Fittings Accesories,STK,0
PVC/FT/EQT90/315,Fittings Accesories,STK,0
PVC/FT/EQT90/32,Fittings Accesories,STK,0
PVC/FT/EQT90/32/PN16,Fittings Accesories,STK,0
PVC/FT/EQT90/50,Fittings Accesories,STK,0
PVC/FT/EQT90/63,Fittings Accesories,STK,0
PVC/FT/EQT90/63/PN10,Fittings Accesories,STK,0
PVC/FT/EQT90/90,Fittings Accesories,STK,0
PVC/FT/FAB ELBOW 11/315,Fittings Accesories,STK,0
PVC/FT/FAB JUNCT/Y/315,Fittings Accesories,STK,0
PVC/FT/FEMELSOCKT/THREAD/2INC,Fittings Accesories,STK,0
PVC/FT/FEMELSOCKT/THREAD/3INC,Fittings Accesories,STK,0
PVC/FT/FIX/SOLV/1000,Fittings Accesories,STK,0
PVC/FT/FLEX/CUPLER/20MM,Fittings Accesories,STK,0
PVC/FT/FLEX/CUPLER/25MM,Fittings Accesories,STK,0
PVC/FT/FLOOR/DRAIN/110,Fittings Accesories,STK,0
PVC/FT/FLOOR/GULY/DRAIN/110X63,Fittings Accesories,STK,0
PVC/FT/FLOOR/TRAP/110X50MM,Fittings Accesories,STK,0
PVC/FT/FLOOR/TRAP/110X56MM,Fittings Accesories,STK,0
PVC/FT/FLOOR/TRAP/50MM,Fittings Accesories,STK,0
PVC/FT/FLOOR/TRAP/90MM,Fittings Accesories,STK,0
PVC/FT/INSPEC ELBOW45/110,Fittings Accesories,STK,0
PVC/FT/INSPEC ELBOW90/110,Fittings Accesories,STK,0
PVC/FT/INSPEC ELBOW90/160,Fittings Accesories,STK,0
PVC/FT/INSPEC ELBOW90/200,Fittings Accesories,STK,0
PVC/FT/INSPEC ELBOW90/315,Fittings Accesories,STK,0
PVC/FT/INSPEC ELBOW90/50,Fittings Accesories,STK,0
PVC/FT/INSPEC ELBOW90/63,Fittings Accesories,STK,0
PVC/FT/INSPEC TEE 90/160,Fittings Accesories,STK,0
PVC/FT/INSPEC/CAP/110,Fittings Accesories,STK,0
PVC/FT/INSPEC/CAP/50,Fittings Accesories,STK,0
PVC/FT/INSPEC/CAP/63,Fittings Accesories,STK,0
PVC/FT/INSPEC/TEE90/50,Fittings Accesories,STK,0
PVC/FT/INSPEC/TEE90/63,Fittings Accesories,STK,0
PVC/FT/KLINGER//\UNI/VJFLAPT/3,Fittings Accesories,STK,0
PVC/FT/KLINGER/UNIVL/VJFLAP/10,Fittings Accesories,STK,0
PVC/FT/KLINGER/UNIVL/VJFLAPT/3,Fittings Accesories,STK,0
PVC/FT/KLINGER/UNIVL/VJFLAPT/4,Fittings Accesories,STK,0
PVC/FT/KLINGER/UNIVL/VJFLAPT/6,Fittings Accesories,STK,0
PVC/FT/KLINGER/UNIVL/VJFLAPT/8,Fittings Accesories,STK,0
PVC/FT/KLINGER/VJFLAPT/2.5,Fittings Accesories,STK,0
PVC/FT/KLINGER/VJFLAPT/3,Fittings Accesories,STK,0
PVC/FT/KLINGER/VJFLAPT/4,Fittings Accesories,STK,0
PVC/FT/LONG/ELBOW90/110,Fittings Accesories,STK,0
PVC/FT/LOOSE FLANGE/110,Fittings Accesories,STK,0
PVC/FT/LRBEND90/110,Fittings Accesories,STK,0
PVC/FT/LRBEND90/160,Fittings Accesories,STK,0
PVC/FT/MADPT/25X1/2INCH,Fittings Accesories,STK,0
PVC/FT/RANGCPLING/2INCH,Fittings Accesories,STK,0
PVC/FT/RANGCPLING/3INCH,Fittings Accesories,STK,0
PVC/FT/RANGCPLING/4INCH,Fittings Accesories,STK,0
PVC/FT/RANGCPLING/6INCH,Fittings Accesories,STK,0
PVC/FT/RANGCPLING/8INCH,Fittings Accesories,STK,0
PVC/FT/RED/BUSH/110X56,Fittings Accesories,STK,0
PVC/FT/RED/BUSH/160X110,Fittings Accesories,STK,0
PVC/FT/RED/BUSH/160X90,Fittings Accesories,STK,0
PVC/FT/RED/BUSH/25X20,Fittings Accesories,STK,0
PVC/FT/RED/BUSH/32X25,Fittings Accesories,STK,0
PVC/FT/RED/BUSH/90X63,Fittings Accesories,STK,0
PVC/FT/REDSKT/3X2,Fittings Accesories,STK,0
PVC/FT/REDUCER/110X40,Fittings Accesories,STK,0
PVC/FT/REDUCER/110X63,Fittings Accesories,STK,0
PVC/FT/REDUCER/110X63/PN16,Fittings Accesories,STK,0
PVC/FT/REDUCER/110X90,Fittings Accesories,STK,0
PVC/FT/REDUCER/110X90/PN10,Fittings Accesories,STK,0
PVC/FT/REDUCER/110X90/PN16,Fittings Accesories,STK,0
PVC/FT/REDUCER/160X110,Fittings Accesories,STK,0
PVC/FT/REDUCER/160X50,Fittings Accesories,STK,0
PVC/FT/REDUCER/200X160,Fittings Accesories,STK,0
PVC/FT/REDUCER/250X200,Fittings Accesories,STK,0
PVC/FT/REDUCER/315X250,Fittings Accesories,STK,0
PVC/FT/REDUCER/50X20,Fittings Accesories,STK,0
PVC/FT/REDUCER/50X40,Fittings Accesories,STK,0
PVC/FT/REDUCER/63X40,Fittings Accesories,STK,0
PVC/FT/REDUCER/63X50,Fittings Accesories,STK,0
PVC/FT/REDUCER/90X63,Fittings Accesories,STK,0
PVC/FT/REDUCER/90X63/PN16,Fittings Accesories,STK,0
PVC/FT/REDUCER/TEE/50X20,Fittings Accesories,STK,0
PVC/FT/REDUCER/TEE/63X20,Fittings Accesories,STK,0
PVC/FT/REDUCER/TEE/90X50,Fittings Accesories,STK,0
PVC/FT/REDUCER/TEE/90X63,Fittings Accesories,STK,0
PVC/FT/SADDLE/4X2,Fittings Accesories,STK,0
PVC/FT/SADDLE/6X2,Fittings Accesories,STK,0
PVC/FT/SADDLE/8X2,Fittings Accesories,STK,0
PVC/FT/SADDLE/CLIP/20MM,Fittings Accesories,STK,0
PVC/FT/SADDLE/CLIP/25MM,Fittings Accesories,STK,0
PVC/FT/SOCKET/200,Fittings Accesories,STK,0
PVC/FT/SOCKET/63,Fittings Accesories,STK,0
PVC/FT/STUB END/110,Fittings Accesories,STK,0
PVC/FT/STUB END/160,Fittings Accesories,STK,0
PVC/FT/SWAP/TEE/110,Fittings Accesories,STK,0
PVC/FT/TANK/CONNECTOR/2INCH,Fittings Accesories,STK,0
PVC/FT/TANK/CONNECTOR/4INCH,Fittings Accesories,STK,0
PVC/FT/TANK/CONNECTOR/90MM,Fittings Accesories,STK,0
PVC/FT/UNION/2INCH,Fittings Accesories,STK,0
PVC/FT/UNION/32,Fittings Accesories,STK,0
PVC/FT/VAL SOCKET/110,Fittings Accesories,STK,0
PVC/FT/VAL SOCKET/20,Fittings Accesories,STK,0
PVC/FT/VAL SOCKET/25,Fittings Accesories,STK,0
PVC/FT/VAL SOCKET/32,Fittings Accesories,STK,0
PVC/FT/VAL SOCKET/40,Fittings Accesories,STK,0
PVC/FT/VAL SOCKET/50,Fittings Accesories,STK,0
PVC/FT/VAL SOCKET/63,Fittings Accesories,STK,0
PVC/FT/VAL SOCKET/90,Fittings Accesories,STK,0
PVC/FT/VENT/COWL/110MM,Fittings Accesories,STK,0
PVC/FT/VJCPLING/1.5INCH,Fittings Accesories,STK,0
PVC/FT/VJCPLING/10INCH,Fittings Accesories,STK,0
PVC/FT/VJCPLING/12INCH,Fittings Accesories,STK,0
PVC/FT/VJCPLING/16INCH,Fittings Accesories,STK,0
PVC/FT/VJCPLING/1INCH,Fittings Accesories,STK,0
PVC/FT/VJCPLING/2.5INCH,Fittings Accesories,STK,0
PVC/FT/VJCPLING/24INCH,Fittings Accesories,STK,0
PVC/FT/VJCPLING/2INCH,Fittings Accesories,STK,0
PVC/FT/VJCPLING/350MM,Fittings Accesories,STK,0
PVC/FT/VJCPLING/3INCH,Fittings Accesories,STK,0
PVC/FT/VJCPLING/4.5INCH,Fittings Accesories,STK,0
PVC/FT/VJCPLING/450MM,Fittings Accesories,STK,0
PVC/FT/VJCPLING/4INCH,Fittings Accesories,STK,0
PVC/FT/VJCPLING/5INCH,Fittings Accesories,STK,0
PVC/FT/VJCPLING/6INCH,Fittings Accesories,STK,0
PVC/FT/VJCPLING/8INCH,Fittings Accesories,STK,0
PVC/FT/VJCPLING/9INCH,Fittings Accesories,STK,0
PVC/FT/VJFLAPT/1.5,Fittings Accesories,STK,0
PVC/FT/VJFLAPT/10,Fittings Accesories,STK,0
PVC/FT/VJFLAPT/2,Fittings Accesories,STK,0
PVC/FT/VJFLAPT/2.5,Fittings Accesories,STK,0
PVC/FT/VJFLAPT/3,Fittings Accesories,STK,0
PVC/FT/VJFLAPT/350MM,Fittings Accesories,STK,0
PVC/FT/VJFLAPT/4,Fittings Accesories,STK,0
PVC/FT/VJFLAPT/5,Fittings Accesories,STK,0
PVC/FT/VJFLAPT/6,Fittings Accesories,STK,0
PVC/FT/VJFLAPT/8,Fittings Accesories,STK,0
PVC/FT/VJFLAPT/9,Fittings Accesories,STK,0
PVC/FT/VSKT/110X4,Fittings Accesories,STK,0
PVC/FT/VSKT/20X0.5,Fittings Accesories,STK,0
PVC/FT/VSKT/32X1,Fittings Accesories,STK,0
PVC/FT/VSKT/50X1.5,Fittings Accesories,STK,0
PVC/FT/VSKT/63X2,Fittings Accesories,STK,0
PVC/FT/VSKT/90X3,Fittings Accesories,STK,0
PVC/FT/WASTE/COUPLER/110,Fittings Accesories,STK,0
PVC/FT/WASTE/ELBOW45/110,Fittings Accesories,STK,0
PVC/FT/WASTE/ELBOW45/160,Fittings Accesories,STK,0
PVC/FT/WASTE/ELBOW45/40,Fittings Accesories,STK,0
PVC/FT/WASTE/ELBOW45/50,Fittings Accesories,STK,0
PVC/FT/WASTE/ELBOW45/56,Fittings Accesories,STK,0
PVC/FT/WASTE/ELBOW45/63,Fittings Accesories,STK,0
PVC/FT/WASTE/ELBOW90/110,Fittings Accesories,STK,0
PVC/FT/WASTE/ELBOW90/315,Fittings Accesories,STK,0
PVC/FT/WASTE/ELBOW90/40,Fittings Accesories,STK,0
PVC/FT/WASTE/ELBOW90/50,Fittings Accesories,STK,0
PVC/FT/WASTE/ELBOW90/56,Fittings Accesories,STK,0
PVC/FT/WASTE/ELBOW90/63,Fittings Accesories,STK,0
PVC/FT/WASTE/ENDCAP/1.25INCH,Fittings Accesories,STK,0
PVC/FT/WASTE/ENDCAP/1.5INCH,Fittings Accesories,STK,0
PVC/FT/WASTE/ENDCAP/10INCH,Fittings Accesories,STK,0
PVC/FT/WASTE/ENDCAP/3INCH,Fittings Accesories,STK,0
PVC/FT/WASTE/ENDCAP/4INCH,Fittings Accesories,STK,0
PVC/FT/WASTE/EQT90/160,Fittings Accesories,STK,0
PVC/FT/WASTE/EQT90/40,Fittings Accesories,STK,0
PVC/FT/WASTE/EQTEE/1.5INCH,Fittings Accesories,STK,0
PVC/FT/WASTE/EQTEE/10INCH,Fittings Accesories,STK,0
PVC/FT/WASTE/EQTEE/2INCH,Fittings Accesories,STK,0
PVC/FT/WASTE/REDUCER/110X50,Fittings Accesories,STK,0
PVC/FT/WASTE/YTEE/160,Fittings Accesories,STK,0
PVC/FT/YTEE/110,Fittings Accesories,STK,0
PVC/FT/YTEE/110X50,Fittings Accesories,STK,0
PVC/FT/YTEE/110X56,Fittings Accesories,STK,0
PVC/FT/YTEE/160X110,Fittings Accesories,STK,0
PVC/FT/YTEE/50,Fittings Accesories,STK,0
PVC/FT/YTEE/63,Fittings Accesories,STK,0
PVC/FT/YTEE/90,Fittings Accesories,STK,0
PVC/REP/COUPLER/110,Fittings Accesories,STK,0
PVC/REP/COUPLER/160,Fittings Accesories,STK,0
PVC/REP/COUPLER/200,Fittings Accesories,STK,0
PVC/REP/COUPLER/225,Fittings Accesories,STK,0
PVC/REP/COUPLER/63,Fittings Accesories,STK,0
PVC/RR/110,DWC Pipe,STK,0
PVC/RR/160,DWC Pipe,STK,0
PVC/RR/200,DWC Pipe,STK,0
PVC/RR/225,DWC Pipe,STK,0
PVC/RR/250,DWC Pipe,STK,0
PVC/RR/315,DWC Pipe,STK,0
PVC/RR/90,DWC Pipe,STK,0
PVC/TRUNKING/16X25MM,UPVC Pipe,STK,0
REGRIND/HDPE/PE100/EXT,HDPE REGRIND,STK,0
REGRIND/PPR/EXT,PPR REGRIND,STK,0
RM/HDPE/ADD/EXT/CC,Raw Materials,STK,0
RM/HDPE/EXT/BLACK,Raw Materials,STK,0
RM/HDPE/PE100/BRG/3490LS,Raw Materials,STK,0
RM/HDPE/PE100/EXT/BLACK,Raw Materials,STK,0
RM/HDPE/PE100/EXT/MB/BLACK,Raw Materials,STK,0
RM/HDPE/PE100/EXT/MB/BLUE,Raw Materials,STK,0
RM/HDPE/PE100/EXT/MB/PURPLE,Raw Materials,STK,0
RM/HDPE/PE100/EXT/MB/VIOLET,Raw Materials,STK,0
RM/HDPE/PE100/EXT/MB/YELLOW,Raw Materials,STK,0
RM/HDPE/PE100/EXT/MIXTURE/BLAC,Raw Materials,STK,0
RM/HDPE/PE100/EXT/NATURAL,Raw Materials,STK,0
RM/HDPE/PE100/EXT/ORANGE,Raw Materials,STK,0
RM/HDPE/PE100/EXT/REGRIND,Raw Materials,STK,0
RM/HDPE/PE100/INJ/BLACK,Raw Materials,STK,0
RM/HDPE/PE100/SBC/P6006N,Raw Materials,STK,0
RM/HDPE/TEL/EXT/NATURAL,Raw Materials,STK,0
RM/MB/ATR/RJVPLS/ATR,Raw Materials,STK,0
RM/MB/ATR/SIMPEX/ATR,Raw Materials,STK,0
RM/MB/PE/BLACK/BLACK,Raw Materials,STK,0
RM/MB/PE/BLUE/DARKBLUE,Raw Materials,STK,0
RM/MB/PE/BLUE/SKYBLUE,Raw Materials,STK,0
RM/MB/PE/RED/RED,Raw Materials,STK,0
RM/MB/PPR/GREEN/PAROTGREEN,Raw Materials,STK,0
RM/PE/PALLETIZED,Raw Materials,STK,0
RM/PP/EXT/NATURAL,Raw Materials,STK,0
RM/PP/PALLETIZED,Raw Materials,STK,0
RM/PPR/BRG/RAE130E,Raw Materials,STK,0
RM/PPR/BRG/RAE140E,Raw Materials,STK,0
RM/PPR/EXT,Raw Materials,STK,0
RM/PPR/EXT/MB/BLUE,Raw Materials,STK,0
RM/PPR/EXT/MB/BROWN,Raw Materials,STK,0
RM/PPR/EXT/MB/CA,Raw Materials,STK,0
RM/PPR/EXT/MB/GOLD,Raw Materials,STK,0
RM/PPR/EXT/MB/GREEN,Raw Materials,STK,0
RM/PPR/EXT/MB/MAROON,Raw Materials,STK,0
RM/PPR/EXT/MB/NAVYBLUE,Raw Materials,STK,0
RM/PPR/EXT/MB/ORANGE,Raw Materials,STK,0
RM/PPR/EXT/MB/RED,Raw Materials,STK,0
RM/PPR/EXT/MB/VIOLET,Raw Materials,STK,0
RM/PPR/EXT/MB/WHITE,Raw Materials,STK,0
RM/PPR/EXT/MB/YELLOW,Raw Materials,STK,0
RM/PPR/EXT/REGRIND,Raw Materials,STK,0
RM/PPR/RECYC/SHRJI,Raw Materials,STK,0
RM/PPR/REGRIND,Raw Materials,STK,0
RUB/SHEET/1.2/10MTR/2MM,Fittings Accesories,STK,0
RUB/SHEET/1.2/10MTR/3MM,Fittings Accesories,STK,0
RUB/SHEET/1.2/10MTR/5MM,Fittings Accesories,STK,0
SF/ST/FAB/PLUG/160,DWC Fittings,STK,0
SF/ST/FAB/PLUG/300,DWC Fittings,STK,0
SF/ST/FAB/PLUG/350,DWC Fittings,STK,0
SF/ST/FAB/PLUG/400,DWC Fittings,STK,0
SF/ST/FAB/PLUG/450,DWC Fittings,STK,0
SF/ST/FAB/PLUG/500,DWC Fittings,STK,0
SF/ST/FAB/PLUG/600,DWC Fittings,STK,0
SF/ST/PLUG/200,Fittings Accesories,STK,0
SF/ST/PLUG/250,Fittings Accesories,STK,0
SUBMPUMP/DAYLFF/0.92KW/DDA1200,Pumps,STK,0
SUBMPUMP/ELES/0.5HP/4SDM3/7,Pumps,STK,0
SUBMPUMP/ELES/1.2HP/SCM5,Pumps,STK,0
SUBMPUMP/ELES/1HP/4SDM3/13,Pumps,STK,0
TEL/24CORE/INDOOR/FAT,Telecom Accessories,STK,0
TEL/24CORE/OUTDOOR/FAT,Telecom Accessories,STK,0
TEL/ATB/2CORE,Telecom Accessories,STK,0
TEL/ATB/2CORE/PLAIN,Telecom Accessories,STK,0
TEL/BK/STEEL/,Telecom Accessories,STK,0
TEL/CABLE/ADSS/144CORE/SM/1MTR,Telecom Accessories,STK,0
TEL/CABLE/ADSS/24CORE/SM/1MTR,Telecom Accessories,STK,0
TEL/CABLE/ADSS/48CORE/SM/1MTR,Telecom Accessories,STK,0
TEL/CABLE/ADSS/96CORE/SM/1MTR,Telecom Accessories,STK,0
TEL/CABLE/CLIP/10MM,Telecom Accessories,STK,0
TEL/CABLE/CLIP/12MM,Telecom Accessories,STK,0
TEL/CABLE/CLIP/14MM,Telecom Accessories,STK,0
TEL/CABLE/CLIP/6MM,Telecom Accessories,STK,0
TEL/CABLE/CLIP/8MM,Telecom Accessories,STK,0
TEL/CABLE/PATCH/DX/1,Telecom Accessories,STK,0
TEL/CABLE/PATCH/DX/1.5,Telecom Accessories,STK,0
TEL/CABLE/PATCH/DX/10,Telecom Accessories,STK,0
TEL/CABLE/PATCH/DX/2,Telecom Accessories,STK,0
TEL/CABLE/PATCH/DX/3,Telecom Accessories,STK,0
TEL/CABLE/PATCH/DX/5,Telecom Accessories,STK,0
TEL/CABLE/PATCH/MM/SM/30/SC/SC,Telecom Accessories,STK,0
TEL/CABLE/PATCH/SX/10,Telecom Accessories,STK,0
TEL/CABLE/PATCH/SX/10/LC-LC,Telecom Accessories,STK,0
TEL/CABLE/PATCH/SX/10/SC-LC,Telecom Accessories,STK,0
TEL/CABLE/PATCH/SX/10/SC-SC,Telecom Accessories,STK,0
TEL/CABLE/PATCH/SX/15/LC-LC,Telecom Accessories,STK,0
TEL/CABLE/PATCH/SX/15/SC-LC,Telecom Accessories,STK,0
TEL/CABLE/PATCH/SX/15/SC-SC,Telecom Accessories,STK,0
TEL/CABLE/PATCH/SX/2,Telecom Accessories,STK,0
TEL/CABLE/PATCH/SX/2/LC-LC,Telecom Accessories,STK,0
TEL/CABLE/PATCH/SX/2/SC-LC,Telecom Accessories,STK,0
TEL/CABLE/PATCH/SX/2/SC-SC,Telecom Accessories,STK,0
TEL/CABLE/PATCH/SX/20/LC-LC,Telecom Accessories,STK,0
TEL/CABLE/PATCH/SX/20/SC-LC,Telecom Accessories,STK,0
TEL/CABLE/PATCH/SX/20/SC-SC,Telecom Accessories,STK,0
TEL/CABLE/PATCH/SX/3/LC-LC,Telecom Accessories,STK,0
TEL/CABLE/PATCH/SX/3/SC-LC,Telecom Accessories,STK,0
TEL/CABLE/PATCH/SX/3/SC-SC,Telecom Accessories,STK,0
TEL/CABLE/PATCH/SX/5,Telecom Accessories,STK,0
TEL/CABLE/PATCH/SX/5/LC-LC,Telecom Accessories,STK,0
TEL/CABLE/PATCH/SX/5/SC-LC,Telecom Accessories,STK,0
TEL/CABLE/PATCH/SX/5/SC-SC,Telecom Accessories,STK,0
TEL/CABLE/PIGTAIL/PATCH/SM/9/1,Telecom Accessories,STK,0
TEL/CABLE/STAY WIRE/4/8,Telecom Accessories,STK,0
TEL/CABLE/STRAND/7/14/6,Telecom Accessories,STK,0
TEL/CLOSE/12CORE,Telecom Accessories,STK,0
TEL/CLOSE/96CORE,Telecom Accessories,STK,0
TEL/DC/CABLE/1.5SQMM/3CORE/1MT,Telecom Accessories,STK,0
TEL/DC/CABLE/GRN&YLOW/1.5SQMM/,Telecom Accessories,STK,0
TEL/FLEXI/HOSE/20MM/1MTR,Telecom Accessories,STK,0
TEL/FLEXI/HOSE/25MM/1MTR,Telecom Accessories,STK,0
TEL/FLEXI/HOSE/50MM/1MTR,Telecom Accessories,STK,0
TEL/FT/ADAPTOR/LC,Telecom Accessories,STK,0
TEL/FT/ADAPTOR/SC,Telecom Accessories,STK,0
TEL/FT/ANCHORCLAMP/9-12MM,Telecom Accessories,STK,0
TEL/FT/ANCHORCLAMP/CIRCULAR,Telecom Accessories,STK,0
TEL/FT/ANCHORCLAMP/QUADRILATE,Telecom Accessories,STK,0
TEL/FT/ATTENUATORS/LC/UPC/1DB,Telecom Accessories,STK,0
TEL/FT/BANDING/TOOL,Telecom Accessories,STK,0
TEL/FT/BRACKET/METAL,Telecom Accessories,STK,0
TEL/FT/CLAMP/OVERHEAD,Telecom Accessories,STK,0
TEL/FT/CLAMP/SUSPENSION,Telecom Accessories,STK,0
TEL/FT/CORECABLE/48CORE/G652/N,Telecom Accessories,STK,0
TEL/FT/CORECABLE/48CORE/G652D/,Telecom Accessories,STK,0
TEL/FT/CORECABLE/72CORE/G652/N,Telecom Accessories,STK,0
TEL/FT/CORECABLE/72CORE/G652D/,Telecom Accessories,STK,0
TEL/FT/DEADEND/10-13,Telecom Accessories,STK,0
TEL/FT/DEADEND/11-12,Telecom Accessories,STK,0
TEL/FT/DEADEND/13-14,Telecom Accessories,STK,0
TEL/FT/DEADEND/6MM,Telecom Accessories,STK,0
TEL/FT/DEADEND/9.5-10.5,Telecom Accessories,STK,0
TEL/FT/DIRECTIONAL MARKER,Telecom Accessories,STK,0
TEL/FT/DOWNLEAD/CLAMP,Telecom Accessories,STK,0
TEL/FT/JOINT MARKER,Telecom Accessories,STK,0
TEL/FT/PIGTAIL/LC,Telecom Accessories,STK,0
TEL/FT/PIGTAIL/SC,Telecom Accessories,STK,0
TEL/FT/RUBBER/ENDCAP/32,Telecom Accessories,STK,0
TEL/FT/RUBBER/ENDCAP/40,Telecom Accessories,STK,0
TEL/FT/RUBBER/ENDCAP/50,Telecom Accessories,STK,0
TEL/FT/SLACK BRACKET,Telecom Accessories,STK,0
TEL/FT/SPIRAL/VIBRAT/DAMPER,Telecom Accessories,STK,0
TEL/FT/SPLICING/SLEEVES,Telecom Accessories,STK,0
TEL/FT/STAY BLOCK,Telecom Accessories,STK,0
TEL/FT/STAY ROD,Telecom Accessories,STK,0
TEL/FT/STRAP/0.75,Telecom Accessories,STK,0
TEL/FT/STRAP/0.75/30METER,Telecom Accessories,STK,0
TEL/FT/STRAP/0.75/50METER,Telecom Accessories,STK,0
TEL/FT/UPB/BRACKET,Telecom Accessories,STK,0
TEL/HHOLE/3WAY/2OUTLET,Telecom Accessories,STK,0
TEL/HHOLE/3WAY/2OUTLET/LID,Telecom Accessories,STK,0
TEL/HHOLE1/3PHASE,Telecom Accessories,STK,0
TEL/MHOLE/600/COV+FRAME/LCL,Telecom Accessories,STK,0
TEL/MHOLE/600/COV+FRAME/SMC,Telecom Accessories,STK,0
TEL/MHOLE/600/COV/LCL/SQ/LIGHT,Telecom Accessories,STK,0
TEL/MICRO/CABLE/96CORE/SM/1MTR,Telecom Accessories,STK,0
TEL/SMRTL/HHOLE/400R/,Telecom Accessories,STK,0
TEL/SMRTL/HHOLE/400X200R/,Telecom Accessories,STK,0
TEL/SMRTL/KEY/GLAM,Telecom Accessories,STK,0
TEL/SMRTL/KEY/MECH,Telecom Accessories,STK,0
TEL/SMRTL/KEY/MECH/LCL,Telecom Accessories,STK,0
TEL/SMRTL/MHOLE/1000R/GLAM,Telecom Accessories,STK,0
TEL/SMRTL/MHOLE/1000R/MECH,Telecom Accessories,STK,0
TEL/SMRTL/MHOLE/600R/GLAM,Telecom Accessories,STK,0
TEL/SMRTL/MHOLE/600R/MECH,Telecom Accessories,STK,0
TEL/SMRTL/MHOLE/GLAM/700,Telecom Accessories,STK,0
TEL/SMRTL/MHOLE/LID/600,Telecom Accessories,STK,0
TEL/SMRTL/MHOLE/LID/700,Telecom Accessories,STK,0
TEL/SMRTL/MHOLE/MECH/700,Telecom Accessories,STK,0
TEL/SMRTL/MHOLE/MECH/700/MD,Telecom Accessories,STK,0
TEL/SMRTL/SPLBOX,Telecom Accessories,STK,0
TEL/SMRTL/SPLMGKIT,Telecom Accessories,STK,0
TEL/TAPE/BARI/1,Telecom Accessories,STK,0
TEL/TAPE/BARI/200,Telecom Accessories,STK,0
TEL/TAPE/BARI/250,Telecom Accessories,STK,0
TEL/TAPE/BARI/500,Telecom Accessories,STK,0
TEL/TAPE/WARN/1,Telecom Accessories,STK,0
TEL/TAPE/WARN/200,Telecom Accessories,STK,0
TEL/TAPE/WARN/500,Telecom Accessories,STK,0
TEL/TC/DROP,Telecom Accessories,STK,0
TEL/TC/PA2000,Telecom Accessories,STK,0
TEL/TOPLINK/ATB/2CORE,Telecom Accessories,STK,0
TEL/TOPLINK/ATB/2CORE/POPULATE,Telecom Accessories,STK,0
TEL/TOPLINK/CBL/IN/2CORE/G652D,Telecom Accessories,STK,0
TEL/TOPLINK/CBL/IN/2CORE/G657A,Telecom Accessories,STK,0
TEL/TOPLINK/CBL/OD/2CORE/G652D,Telecom Accessories,STK,0
TEL/TOPLINK/CBL/OD/2CORE/G657A,Telecom Accessories,STK,0
TEL/TOPLINK/CLOSE/144CORE,Telecom Accessories,STK,0
TEL/TOPLINK/CLOSE/144CORE/HORZ,Telecom Accessories,STK,0
TEL/TOPLINK/CLOSE/24CORE,Telecom Accessories,STK,0
TEL/TOPLINK/CLOSE/48CORE,Telecom Accessories,STK,0
TEL/TOPLINK/CLOSE/48CORE/H/NOR,Telecom Accessories,STK,0
TEL/TOPLINK/CLOSE/48CORE/HORZ,Telecom Accessories,STK,0
TEL/TOPLINK/CLOSE/96CORE,Telecom Accessories,STK,0
TEL/TOPLINK/CLOSE/96CORE/H/NOR,Telecom Accessories,STK,0
TEL/TOPLINK/CLOSE/96CORE/HORZ,Telecom Accessories,STK,0
TEL/TOPLINK/TC/12-16/PA2000,Telecom Accessories,STK,0
TEL/TOPLINK/TC/9-12/PA1500,Telecom Accessories,STK,0
TEL/WHTT/CPLER/12/10,Telecom Accessories,STK,0
TEL/WHTT/CPLER/14/10,Telecom Accessories,STK,0
TEL/WHTT/ENDCAP/12,Telecom Accessories,STK,0
TEL/WHTT/ENDCAP/14,Telecom Accessories,STK,0
TEL/WHTT/GSBLK/14/10,Telecom Accessories,STK,0
TOOLS/ADJUST/SPANNER/10INCH,Tools,STK,0
TOOLS/ADJUST/SPANNER/12INCH,Tools,STK,0
TOOLS/ADJUST/SPANNER/15INCH,Tools,STK,0
TOOLS/ADJUST/SPANNER/6INCH,Tools,STK,0
TOOLS/ADJUST/SPANNER/8INCH,Tools,STK,0
TOOLS/BALLPEIN/HAMMER,Tools,STK,0
TOOLS/CLAW.HAMMER,Fittings Accesories,STK,0
TOOLS/CLAW/HAMMER,Tools,STK,0
TOOLS/HACKSAW/FRAME/PLASTIC,Tools,STK,0
TOOLS/KLINGER/PRES/DRILL/15-50,Fittings Accesories,STK,0
TOOLS/MANUL/TAPPING/TOOL/PEPIP,Tools,STK,0
TOOLS/MANUL/THREAD/TOOL/1/2-1I,Tools,STK,0
TOOLS/MASON/CHISEL/10 INCH,Tools,STK,0
TOOLS/MASON/CHISEL/12 INCH,Tools,STK,0
TOOLS/MASON/CHISEL/18 INCH,Tools,STK,0
TOOLS/MASON/CHISEL/6 INCH,Fittings Accesories,STK,0
TOOLS/MASON/CHISEL/8 INCH,Tools,STK,0
TOOLS/MASON/DRILLBIT/3TO10MM/S,Tools,STK,0
TOOLS/MASON/DRILLBIT/4TO16MM/S,Tools,STK,0
TOOLS/PIPEWRENCH/10INCH/ECLIPS,Fittings Accesories,STK,0
TOOLS/PIPEWRENCH/12INCH/ECLIPS,Tools,STK,0
TOOLS/PIPEWRENCH/14INCH/ECLIPS,Tools,STK,0
TOOLS/PIPEWRENCH/18INCH/ECLIPS,Tools,STK,0
TOOLS/PIPEWRENCH/24INCH/ECLIPS,Tools,STK,0
TOOLS/PIPEWRENCH/36INCH/ECLIPS,Tools,STK,0
TOOLS/PIPEWRENCH/8INCH/ECLIPS,Tools,STK,0
TOOLS/PLIERS/COMBO/8 INCH,Tools,STK,0
TOOLS/PLIERS/DIAGONAL/COMBO/8,Tools,STK,0
TOOLS/PLIERS/LONGNOSE/COMBO/8,Tools,STK,0
TOOLS/SPRIT/LEVEL/24 INCH,Tools,STK,0
TOOLS/STELL/DRILLBIT/1TO13MM/S,Tools,STK,0
TP/FT/BUF/DBLSTRP/280X50/FLG,Fittings Accesories,STK,0
TP/FT/BUF/DBLSTRP/315X50/FLG,Fittings Accesories,STK,0
TP/FT/BUF/DBLSTRP/450X80/FLG,Fittings Accesories,STK,0
TP/FT/DISM/CPLER/100/10,Fittings Accesories,STK,0
TP/FT/DISM/CPLER/80/10,Fittings Accesories,STK,0
TP/FT/STEP/CPLER/500/556-572,Fittings Accesories,STK,0
TP/FT/ULT/100/REPAIR,Fittings Accesories,STK,0
TP/FT/ULT/200/REPAIR,Fittings Accesories,STK,0
TP/FT/ULT/225/REPAIR,Fittings Accesories,STK,0
TP/FT/ULT/250/REPAIR,Fittings Accesories,STK,0
TP/FT/ULT/300/REPAIR,Fittings Accesories,STK,0
TP/FT/ULT/65/REPAIR,Fittings Accesories,STK,0
TP/FT/ULT/80/REPAIR,Fittings Accesories,STK,0
TP/FT/UNIFIT/ADAPTOR/200/218-2,Fittings Accesories,STK,0
TP/FT/UNIFIT/CPLER/100/108-128,Fittings Accesories,STK,0
TP/FT/UNIFIT/CPLER/125/132-154,Fittings Accesories,STK,0
TP/FT/UNIFIT/CPLER/140/132-154,Fittings Accesories,STK,0
TP/FT/UNIFIT/CPLER/150/150-170,Fittings Accesories,STK,0
TP/FT/UNIFIT/CPLER/200/192-209,Fittings Accesories,STK,0
TP/FT/UNIFIT/CPLER/200/218-235,Fittings Accesories,STK,0
TP/FT/UNIFIT/CPLER/280/271-289,Fittings Accesories,STK,0
TP/FT/UNIFIT/CPLER/300/302-318,Fittings Accesories,STK,0
TP/FT/UNIFIT/CPLER/400/391-407,Fittings Accesories,STK,0
TP/FT/UNIFIT/CPLER/50/59-73,Fittings Accesories,STK,0
TP/FT/UNIFIT/CPLER/65/72-85,Fittings Accesories,STK,0
TP/FT/UNIFIT/CPLER/65/74-90,Fittings Accesories,STK,0
TP/FT/VJCPLING/72-85/65,Fittings Accesories,STK,0
TP/FT/VJCPLING/74-90/65,Fittings Accesories,STK,0
UPVC/COND/32/4,UPVC Pipe,STK,0
UPVC/COND/50/4,UPVC Pipe,STK,0
UPVC/COND/HEAVY/110/6,UPVC Pipe,STK,0
UPVC/COND/HEAVY/160/6,UPVC Pipe,STK,0
UPVC/COND/HEAVY/25/4,UPVC Pipe,STK,0
UPVC/COND/HEAVY/50/4,UPVC Pipe,STK,0
UPVC/COND/LIGHT/20/4,UPVC Pipe,STK,0
UPVC/DP/LG/110/6,UPVC Pipe,STK,0
UPVC/DP/LG/125/6,UPVC Pipe,STK,0
UPVC/DP/LG/140/6,UPVC Pipe,STK,0
UPVC/DP/LG/160/6,UPVC Pipe,STK,0
UPVC/DP/LG/180/6,UPVC Pipe,STK,0
UPVC/DP/LG/200/6,UPVC Pipe,STK,0
UPVC/DP/LG/250/6,UPVC Pipe,STK,0
UPVC/DP/LG/315/6,UPVC Pipe,STK,0
UPVC/DP/LG/32/6,UPVC Pipe,STK,0
UPVC/DP/LG/40/6,UPVC Pipe,STK,0
UPVC/DP/LG/50/6,UPVC Pipe,STK,0
UPVC/DP/LG/56/4,UPVC Pipe,STK,0
UPVC/DP/LG/63/6,UPVC Pipe,STK,0
UPVC/DP/LG/75/6,UPVC Pipe,STK,0
UPVC/DP/LG/82/6,UPVC Pipe,STK,0
UPVC/DP/LG/90/4,UPVC Pipe,STK,0
UPVC/DP/LG/90/6,UPVC Pipe,STK,0
UPVC/PP/110/10/5.8,UPVC Pipe,STK,0
UPVC/PP/110/10/6,UPVC Pipe,STK,0
UPVC/PP/110/12.5/6,UPVC Pipe,STK,0
UPVC/PP/110/16/5.8,UPVC Pipe,STK,0
UPVC/PP/110/16/6,UPVC Pipe,STK,0
UPVC/PP/110/20/6,UPVC Pipe,STK,0
UPVC/PP/110/6/5.8,UPVC Pipe,STK,0
UPVC/PP/110/6/6,UPVC Pipe,STK,0
UPVC/PP/110/8/6,UPVC Pipe,STK,0
UPVC/PP/12/20/6,UPVC Pipe,STK,0
UPVC/PP/125/10/6,UPVC Pipe,STK,0
UPVC/PP/125/12.5/6,UPVC Pipe,STK,0
UPVC/PP/125/16/6,UPVC Pipe,STK,0
UPVC/PP/125/20/6,UPVC Pipe,STK,0
UPVC/PP/125/6/6,UPVC Pipe,STK,0
UPVC/PP/125/8/6,UPVC Pipe,STK,0
UPVC/PP/140/10/6,UPVC Pipe,STK,0
UPVC/PP/140/12.5/6,UPVC Pipe,STK,0
UPVC/PP/140/16/6,UPVC Pipe,STK,0
UPVC/PP/140/20/6,UPVC Pipe,STK,0
UPVC/PP/140/6/6,UPVC Pipe,STK,0
UPVC/PP/140/8/6,UPVC Pipe,STK,0
UPVC/PP/16/20/6,UPVC Pipe,STK,0
UPVC/PP/160/10/5.8,UPVC Pipe,STK,0
UPVC/PP/160/10/6,UPVC Pipe,STK,0
UPVC/PP/160/12.5/6,UPVC Pipe,STK,0
UPVC/PP/160/16/6,UPVC Pipe,STK,0
UPVC/PP/160/20/6,UPVC Pipe,STK,0
UPVC/PP/160/6/5.8,UPVC Pipe,STK,0
UPVC/PP/160/6/6,UPVC Pipe,STK,0
UPVC/PP/160/8/6,UPVC Pipe,STK,0
UPVC/PP/180/10/6,UPVC Pipe,STK,0
UPVC/PP/180/12.5/6,UPVC Pipe,STK,0
UPVC/PP/180/16/6,UPVC Pipe,STK,0
UPVC/PP/180/20/6,UPVC Pipe,STK,0
UPVC/PP/180/6/6,UPVC Pipe,STK,0
UPVC/PP/180/8/6,UPVC Pipe,STK,0
UPVC/PP/20/12.5/6,UPVC Pipe,STK,0
UPVC/PP/20/16/6,UPVC Pipe,STK,0
UPVC/PP/20/20/6,UPVC Pipe,STK,0
UPVC/PP/200/10/5.8,UPVC Pipe,STK,0
UPVC/PP/200/10/6,UPVC Pipe,STK,0
UPVC/PP/200/12.5/6,UPVC Pipe,STK,0
UPVC/PP/200/16/6,UPVC Pipe,STK,0
UPVC/PP/200/20/6,UPVC Pipe,STK,0
UPVC/PP/200/6/6,UPVC Pipe,STK,0
UPVC/PP/200/8/6,UPVC Pipe,STK,0
UPVC/PP/225/10/6,UPVC Pipe,STK,0
UPVC/PP/225/12.5/6,UPVC Pipe,STK,0
UPVC/PP/225/16/6,UPVC Pipe,STK,0
UPVC/PP/225/20/6,UPVC Pipe,STK,0
UPVC/PP/225/6/6,UPVC Pipe,STK,0
UPVC/PP/225/8/6,UPVC Pipe,STK,0
UPVC/PP/25/12.5/6,UPVC Pipe,STK,0
UPVC/PP/25/16/6,UPVC Pipe,STK,0
UPVC/PP/25/20/6,UPVC Pipe,STK,0
UPVC/PP/250/10/6,UPVC Pipe,STK,0
UPVC/PP/250/12.5/6,UPVC Pipe,STK,0
UPVC/PP/250/16/5.8,UPVC Pipe,STK,0
UPVC/PP/250/16/6,UPVC Pipe,STK,0
UPVC/PP/250/20/6,UPVC Pipe,STK,0
UPVC/PP/250/6/6,UPVC Pipe,STK,0
UPVC/PP/250/8/6,UPVC Pipe,STK,0
UPVC/PP/280/10/6,UPVC Pipe,STK,0
UPVC/PP/280/12.5/6,UPVC Pipe,STK,0
UPVC/PP/280/16/6,UPVC Pipe,STK,0
UPVC/PP/280/20/6,UPVC Pipe,STK,0
UPVC/PP/280/6/6,UPVC Pipe,STK,0
UPVC/PP/280/8/6,UPVC Pipe,STK,0
UPVC/PP/315/10/6,UPVC Pipe,STK,0
UPVC/PP/315/12.5/6,UPVC Pipe,STK,0
UPVC/PP/315/16/5.8,UPVC Pipe,STK,0
UPVC/PP/315/16/6,UPVC Pipe,STK,0
UPVC/PP/315/20/6,UPVC Pipe,STK,0
UPVC/PP/315/6/6,UPVC Pipe,STK,0
UPVC/PP/315/8/6,UPVC Pipe,STK,0
UPVC/PP/32/10/6,UPVC Pipe,STK,0
UPVC/PP/32/12.5/6,UPVC Pipe,STK,0
UPVC/PP/32/16/6,UPVC Pipe,STK,0
UPVC/PP/32/20/6,UPVC Pipe,STK,0
UPVC/PP/32/8/6,UPVC Pipe,STK,0
UPVC/PP/355/10/6,UPVC Pipe,STK,0
UPVC/PP/355/12.5/6,UPVC Pipe,STK,0
UPVC/PP/355/16/5.8,UPVC Pipe,STK,0
UPVC/PP/355/16/6,UPVC Pipe,STK,0
UPVC/PP/355/20/6,UPVC Pipe,STK,0
UPVC/PP/355/6/6,UPVC Pipe,STK,0
UPVC/PP/355/8/6,UPVC Pipe,STK,0
UPVC/PP/40/10/6,UPVC Pipe,STK,0
UPVC/PP/40/12.5/6,UPVC Pipe,STK,0
UPVC/PP/40/16/6,UPVC Pipe,STK,0
UPVC/PP/40/20/6,UPVC Pipe,STK,0
UPVC/PP/40/6/6,UPVC Pipe,STK,0
UPVC/PP/40/8/6,UPVC Pipe,STK,0
UPVC/PP/400/10/6,UPVC Pipe,STK,0
UPVC/PP/400/12.5/6,UPVC Pipe,STK,0
UPVC/PP/400/16/6,UPVC Pipe,STK,0
UPVC/PP/400/20/6,UPVC Pipe,STK,0
UPVC/PP/400/6/5.8,UPVC Pipe,STK,0
UPVC/PP/400/6/6,UPVC Pipe,STK,0
UPVC/PP/400/8/6,UPVC Pipe,STK,0
UPVC/PP/450/12.5/5.8,UPVC Pipe,STK,0
UPVC/PP/50/10/5.8,UPVC Pipe,STK,0
UPVC/PP/50/10/6,UPVC Pipe,STK,0
UPVC/PP/50/12.5/6,UPVC Pipe,STK,0
UPVC/PP/50/16/6,UPVC Pipe,STK,0
UPVC/PP/50/20/6,UPVC Pipe,STK,0
UPVC/PP/50/6/5.8,UPVC Pipe,STK,0
UPVC/PP/50/6/6,UPVC Pipe,STK,0
UPVC/PP/50/8/6,UPVC Pipe,STK,0
UPVC/PP/63/10/6,UPVC Pipe,STK,0
UPVC/PP/63/12.5/6,UPVC Pipe,STK,0
UPVC/PP/63/16/6,UPVC Pipe,STK,0
UPVC/PP/63/20/6,UPVC Pipe,STK,0
UPVC/PP/63/6/5.8,UPVC Pipe,STK,0
UPVC/PP/63/6/6,UPVC Pipe,STK,0
UPVC/PP/63/8/6,UPVC Pipe,STK,0
UPVC/PP/630/12.5/5.8,UPVC Pipe,STK,0
UPVC/PP/75/10/6,UPVC Pipe,STK,0
UPVC/PP/75/12.5/6,UPVC Pipe,STK,0
UPVC/PP/75/16/6,UPVC Pipe,STK,0
UPVC/PP/75/20/6,UPVC Pipe,STK,0
UPVC/PP/75/6/6,UPVC Pipe,STK,0
UPVC/PP/75/8/6,UPVC Pipe,STK,0
UPVC/PP/90/10/6,UPVC Pipe,STK,0
UPVC/PP/90/12.5/6,UPVC Pipe,STK,0
UPVC/PP/90/16/6,UPVC Pipe,STK,0
UPVC/PP/90/20/6,UPVC Pipe,STK,0
UPVC/PP/90/6/5.8,UPVC Pipe,STK,0
UPVC/PP/90/6/6,UPVC Pipe,STK,0
UPVC/PP/90/8/6,UPVC Pipe,STK,0
UPVC/WP/GB/110/6,UPVC Pipe,STK,0
UPVC/WP/GB/125/6,UPVC Pipe,STK,0
UPVC/WP/GB/140/6,UPVC Pipe,STK,0
UPVC/WP/GB/160/6,UPVC Pipe,STK,0
UPVC/WP/GB/180/6,UPVC Pipe,STK,0
UPVC/WP/GB/200/6,UPVC Pipe,STK,0
UPVC/WP/GB/225/6,UPVC Pipe,STK,0
UPVC/WP/GB/250/6,UPVC Pipe,STK,0
UPVC/WP/GB/280/6,UPVC Pipe,STK,0
UPVC/WP/GB/315/6,UPVC Pipe,STK,0
UPVC/WP/GB/355/6,UPVC Pipe,STK,0
UPVC/WP/GB/400/6,UPVC Pipe,STK,0
UPVC/WP/GB/630/6/34,UPVC Pipe,STK,0
UPVC/WP/GR/315/6/41,UPVC Pipe,STK,0
UPVC/WP/GRAY/50/4,UPVC Pipe,STK,0
UPVC/WP/GRAY/63/4,UPVC Pipe,STK,0
VALVE/AVK/AV/DBL/80/FLANGED,Valves,STK,0
VALVE/AVK/AV/SGL/25,Valves,STK,0
VALVE/AVK/BFLV/150,Valves,STK,0
VALVE/AVK/BFLV/200,Valves,STK,0
VALVE/AVK/BFLY/100,Valves,STK,0
VALVE/AVK/BFLY/150,Valves,STK,0
VALVE/AVK/BFLY/200,Valves,STK,0
VALVE/AVK/BFLY/50,Valves,STK,0
VALVE/AVK/BFLY/65,Valves,STK,0
VALVE/AVK/BFLY/80,Valves,STK,0
VALVE/AVK/BFLY/GEARACT/150,Valves,STK,0
VALVE/AVK/BFLY/GEARACT/200,Valves,STK,0
VALVE/AVK/BFLY/GEARACT/250/25,Valves,STK,0
VALVE/AVK/BFLY/GEARACT/80,Valves,STK,0
VALVE/AVK/BFLY/LEV/100,Valves,STK,0
VALVE/AVK/BFLY/LEV/150,Valves,STK,0
VALVE/AVK/BFLY/LEV/200,Valves,STK,0
VALVE/AVK/BFLY/LEV/80,Valves,STK,0
VALVE/AVK/CPLING/SUPAMAXI/100,Valves,STK,0
VALVE/AVK/CV/SWING/100,Valves,STK,0
VALVE/AVK/CV/SWING/150,Valves,STK,0
VALVE/AVK/CV/SWING/200,Valves,STK,0
VALVE/AVK/CV/SWING/50,Valves,STK,0
VALVE/AVK/CV/SWING/80,Valves,STK,0
VALVE/AVK/ENDCAP/SUPAMAXI/100,Valves,STK,0
VALVE/AVK/ENDCAP/SUPAMAXI/150,Valves,STK,0
VALVE/AVK/FLADAPT/COMBI/100,Valves,STK,0
VALVE/AVK/FLADAPT/COMBI/150,Valves,STK,0
VALVE/AVK/FLADAPT/COMBI/200,Valves,STK,0
VALVE/AVK/FLADAPT/SUPA/100,Valves,STK,0
VALVE/AVK/FLADAPT/SUPA/150,Valves,STK,0
VALVE/AVK/FLADAPT/SUPA/50,Valves,STK,0
VALVE/AVK/FLADAPT/SUPA/80,Valves,STK,0
VALVE/AVK/FLADAPT/SUPAPLUS/100,Valves,STK,0
VALVE/AVK/FLADAPT/SUPAPLUS/150,Valves,STK,0
VALVE/AVK/FLADAPT/SUPAPLUS/50,Valves,STK,0
VALVE/AVK/FLADAPT/SUPAPLUS/80,Valves,STK,0
VALVE/AVK/GV/RSGV/100,Valves,STK,0
VALVE/AVK/GV/RSGV/125,Valves,STK,0
VALVE/AVK/GV/RSGV/150,Valves,STK,0
VALVE/AVK/GV/RSGV/200,Valves,STK,0
VALVE/AVK/GV/RSGV/200/10,Valves,STK,0
VALVE/AVK/GV/RSGV/250,Valves,STK,0
VALVE/AVK/GV/RSGV/250/10,Valves,STK,0
VALVE/AVK/GV/RSGV/250/25,Valves,STK,0
VALVE/AVK/GV/RSGV/300,Valves,STK,0
VALVE/AVK/GV/RSGV/350,Valves,STK,0
VALVE/AVK/GV/RSGV/400,Valves,STK,0
VALVE/AVK/GV/RSGV/450,Valves,STK,0
VALVE/AVK/GV/RSGV/50,Valves,STK,0
VALVE/AVK/GV/RSGV/500,Valves,STK,0
VALVE/AVK/GV/RSGV/65,Valves,STK,0
VALVE/AVK/GV/RSGV/80,Valves,STK,0
VALVE/AVK/GV/STMCAP/100/150,Valves,STK,0
VALVE/AVK/GV/STMCAP/200,Valves,STK,0
VALVE/AVK/GV/STMCAP/250/300,Valves,STK,0
VALVE/AVK/GV/STMCAP/350,Valves,STK,0
VALVE/AVK/GV/STMCAP/40/50,Valves,STK,0
VALVE/AVK/GV/STMCAP/400,Valves,STK,0
VALVE/AVK/GV/STMCAP/450/600,Valves,STK,0
VALVE/AVK/GV/STMCAP/65/80,Valves,STK,0
VALVE/AVK/HNDWHL/150/125,Valves,STK,0
VALVE/AVK/HNDWHL/200,Valves,STK,0
VALVE/AVK/HNDWHL/300/250,Valves,STK,0
VALVE/AVK/HNDWHL/400,Valves,STK,0
VALVE/AVK/HNDWHL/450/600,Valves,STK,0
VALVE/AVK/HNDWHL/50/40,Valves,STK,0
VALVE/AVK/HNDWHL/80/65,Valves,STK,0
VALVE/AVK/HNDWHLKT,Valves,STK,0
VALVE/AVK/PRV/100,Valves,STK,0
VALVE/AVK/PRV/150,Valves,STK,0
VALVE/AVK/PRV/200,Valves,STK,0
VALVE/AVK/PRV/200/10,Valves,STK,0
VALVE/AVK/PRV/50,Valves,STK,0
VALVE/AVK/PRV/80,Valves,STK,0
VALVE/AVK/SB/4056,Valves,STK,0
VALVE/AVK/SPN/100/125/650-1100,Valves,STK,0
VALVE/AVK/SPN/150/650-1100,Valves,STK,0
VALVE/AVK/SPN/200/650-1100,Valves,STK,0
VALVE/AVK/SPN/250/300/2850-525,Valves,STK,0
VALVE/AVK/SPN/40/50/650-1100,Valves,STK,0
VALVE/AVK/SPN/65/80/650-1100,Valves,STK,0
VALVE/AVK/STCPLING/SUPA/100,Valves,STK,0
VALVE/AVK/TCPLING/SUPAMAXI/100,Valves,STK,0
VALVE/BV/JMC/NRS/LIVER/250,Valves,STK,0
VALVE/BV/JMC/NRS/LIVER/80,Valves,STK,0
VALVE/CV/SWING/JMC/100,Valves,STK,0
VALVE/CV/SWING/JMC/150,Valves,STK,0
VALVE/CV/SWING/JMC/200,Valves,STK,0
VALVE/DRT/AV/DBL/100/DI/FLANGE,Valves,STK,0
VALVE/DRT/AV/DBL/15/CM/THREAD,Valves,STK,0
VALVE/DRT/AV/DBL/150/DI/FLANGE,Valves,STK,0
VALVE/DRT/AV/DBL/20/CM/THREAD,Valves,STK,0
VALVE/DRT/AV/DBL/200/DI/FLANGE,Valves,STK,0
VALVE/DRT/AV/DBL/25/CM/THREAD,Valves,STK,0
VALVE/DRT/AV/DBL/250/DI/FLANGE,Valves,STK,0
VALVE/DRT/AV/DBL/300/DI/FLANGE,Valves,STK,0
VALVE/DRT/AV/DBL/50/CM/THREAD,Valves,STK,0
VALVE/DRT/AV/DBL/50/DI/FLANGE,Valves,STK,0
VALVE/DRT/AV/DBL/80/DI/FLANGE,Valves,STK,0
VALVE/DRT/AV/SGL/100/DI/FLANGE,Valves,STK,0
VALVE/DRT/AV/SGL/15/CM/THREAD,Valves,STK,0
VALVE/DRT/AV/SGL/20/CM/THREAD,Valves,STK,0
VALVE/DRT/AV/SGL/25/CM/THREAD,Valves,STK,0
VALVE/DRT/AV/SGL/50/CM/THREAD,Valves,STK,0
VALVE/DRT/AV/SGL/50/DI/FLANGE,Valves,STK,0
VALVE/DRT/AV/SGL/80/DI/FLANGE,Valves,STK,0
VALVE/DRT/BFLV/200,Valves,STK,0
VALVE/DRT/BFLV/400,Valves,STK,0
VALVE/DRT/BFLV/50,Valves,STK,0
VALVE/DRT/CND/IP6,Valves,STK,0
VALVE/DRT/GV/RSGV/100,Valves,STK,0
VALVE/DRT/GV/RSGV/150,Valves,STK,0
VALVE/DRT/GV/RSGV/200,Valves,STK,0
VALVE/DRT/GV/RSGV/250,Valves,STK,0
VALVE/DRT/GV/RSGV/300,Valves,STK,0
VALVE/DRT/GV/RSGV/400,Valves,STK,0
VALVE/DRT/GV/RSGV/50,Valves,STK,0
VALVE/DRT/GV/RSGV/80,Valves,STK,0
VALVE/DRT/S100/PRV/100,Valves,STK,0
VALVE/DRT/S100/PRV/150,Valves,STK,0
VALVE/DRT/S100/PRV/50,Valves,STK,0
VALVE/DRT/S100/PRV/80,Valves,STK,0
VALVE/DRT/S300/PRV/100,Valves,STK,0
VALVE/DRT/S300/PRV/50,Valves,STK,0
VALVE/GV/JMC/NRS/100,Valves,STK,0
VALVE/GV/JMC/NRS/125,Valves,STK,0
VALVE/GV/JMC/NRS/150,Valves,STK,0
VALVE/GV/JMC/NRS/200,Valves,STK,0
VALVE/GV/JMC/NRS/250,Valves,STK,0
VALVE/GV/JMC/NRS/300,Valves,STK,0
VALVE/GV/JMC/NRS/50,Valves,STK,0
VALVE/GV/JMC/NRS/65,Valves,STK,0
VALVE/GV/JMC/NRS/80,Valves,STK,0
VALVE/HOSE/UNION/BIPTAP/20MM,Valves,STK,0
VALVE/HOSE/UNION/BIPTAP/3/4INC,Valves,STK,0
VALVE/JMC/AV/50/SGL/FLANGED,Valves,STK,0
VALVE/JMC/BFLY/100,Valves,STK,0
VALVE/JMC/BFLY/200,Valves,STK,0
VALVE/JMC/BFLY/80,Valves,STK,0
VALVE/JMC/DRY/BRL/FIRE/HYD/150,Valves,STK,0
VALVE/JMC/PRES/RED/100,Valves,STK,0
VALVE/JMC/PRES/RED/200,Valves,STK,0
VALVE/JMC/PRES/RED/250,Valves,STK,0
VALVE/JMC/PRES/REL/SUSTAN/100,Valves,STK,0
VALVE/JMC/PRES/REL/SUSTAN/150,Valves,STK,0
VALVE/JMC/PRV/100,Valves,STK,0
VALVE/JMC/PRV/150,Valves,STK,0
VALVE/JMC/PRV/200,Valves,STK,0
VALVE/JMC/UF/LEVER/100,Valves,STK,0
VALVE/JMC/UF/LEVER/150,Valves,STK,0
VALVE/JMC/UG/FIRE/HYDR/80,Valves,STK,0
VALVE/LCL/ANGLE/VALVE/0.5INCH,Valves,STK,0
VALVE/LCL/AV/20/DBL/THREADED,Valves,STK,0
VALVE/LCL/AV/25/DBL/THREADED,Valves,STK,0
VALVE/LCL/AV/25/SGL/THREADED,Valves,STK,0
VALVE/LCL/AV/40/SGL/THREADED,Valves,STK,0
VALVE/LCL/AV/50/DBL/FLANGED,Valves,STK,0
VALVE/LCL/AV/50/DBL/THREADED,Valves,STK,0
VALVE/LCL/AV/50/SGL/FLANGED,Valves,STK,0
VALVE/LCL/AV/50/SGL/THREADED,Valves,STK,0
VALVE/LCL/AV/65/DBL/FLANGED,Valves,STK,0
VALVE/LCL/AV/80/DBL/FLANGED,Valves,STK,0
VALVE/LCL/BALL VALVE/3INCH,Valves,STK,0
VALVE/LCL/BFLV/0.5 INCH,Valves,STK,0
VALVE/LCL/BFLV/0.75 INCH,Valves,STK,0
VALVE/LCL/BFLV/1 INCH,Valves,STK,0
VALVE/LCL/BFLV/100,Valves,STK,0
VALVE/LCL/BFLV/200,Valves,STK,0
VALVE/LCL/BFLV/50,Valves,STK,0
VALVE/LCL/BFLY/150,Valves,STK,0
VALVE/LCL/BFLY/200,Valves,STK,0
VALVE/LCL/BFLY/250,Valves,STK,0
VALVE/LCL/BFLY/300,Valves,STK,0
VALVE/LCL/BFLY/450,Valves,STK,0
VALVE/LCL/BIPTAP/20MM,Valves,STK,0
VALVE/LCL/BIPTAP/25MM,Valves,STK,0
"VALVE/LCL/BV/0.5""/SAGIVE",Valves,STK,0
"VALVE/LCL/BV/0.5""/THREADED/16",Valves,STK,0
"VALVE/LCL/BV/0.75""/PVC/16",Valves,STK,0
"VALVE/LCL/BV/0.75""/THREADED/16",Valves,STK,0
"VALVE/LCL/BV/1""/THREADED/16",Valves,STK,0
"VALVE/LCL/BV/1.25""/THREADED/16",Valves,STK,0
"VALVE/LCL/BV/1.5""/THREADED/16",Valves,STK,0
"VALVE/LCL/BV/2""/THREADED/16",Valves,STK,0
"VALVE/LCL/BV/2.5""/THREADED/16",Valves,STK,0
"VALVE/LCL/BV/3""/THREADED/16",Valves,STK,0
"VALVE/LCL/BV/3""/THREADED/SS/16",Valves,STK,0
"VALVE/LCL/BV/4""/THREADED/16",Valves,STK,0
"VALVE/LCL/BV/4""/THREADED/SS/16",Valves,STK,0
VALVE/LCL/CV/SWING/200,Valves,STK,0
VALVE/LCL/CV/SWING/DN100,Valves,STK,0
VALVE/LCL/CV/SWING/DN80,Valves,STK,0
VALVE/LCL/FLANGNONRETURN/4 INC,Valves,STK,0
VALVE/LCL/FLANGNONRETURN/65,Valves,STK,0
"VALVE/LCL/GV/0.5""/THREADED/16",Valves,STK,0
"VALVE/LCL/GV/0.75""/THREADED/16",Valves,STK,0
"VALVE/LCL/GV/1""/THREADED/16",Valves,STK,0
"VALVE/LCL/GV/1.25""/THREADED/16",Valves,STK,0
"VALVE/LCL/GV/1.5""/THREADED/16",Valves,STK,0
VALVE/LCL/GV/100/FLANGED,Valves,STK,0
VALVE/LCL/GV/125/FLANGED,Valves,STK,0
VALVE/LCL/GV/150/FLANGED,Valves,STK,0
"VALVE/LCL/GV/2""/THREADED/16",Valves,STK,0
"VALVE/LCL/GV/2.5""/THREADED/16",Valves,STK,0
VALVE/LCL/GV/200/FLANGED,Valves,STK,0
VALVE/LCL/GV/250/FLANGED,Valves,STK,0
"VALVE/LCL/GV/3""/THREADED/16",Valves,STK,0
"VALVE/LCL/GV/4""/THREADED/16",Valves,STK,0
VALVE/LCL/GV/40/FLANGED,Valves,STK,0
VALVE/LCL/GV/400/FLANGED,Valves,STK,0
VALVE/LCL/GV/50/FLANGED,Valves,STK,0
VALVE/LCL/GV/65/FLANGED,Valves,STK,0
VALVE/LCL/GV/80/FLANGED,Valves,STK,0
VALVE/LCL/NONRETURN/0.5INCH,Valves,STK,0
VALVE/LCL/NONRETURN/0.75INCH,Valves,STK,0
VALVE/LCL/NONRETURN/25,Valves,STK,0
VALVE/LCL/NONRETURN/32,Valves,STK,0
VALVE/LCL/NONRETURN/40,Valves,STK,0
VALVE/LCL/NONRETURN/50,Valves,STK,0
VALVE/LCL/NONRETURN/65,Valves,STK,0
VALVE/LCL/NONRETURN/80,Valves,STK,0
VALVE/LCL/PRV/100,Valves,STK,0
VALVE/LCL/PRV/200,Valves,STK,0
VALVE/LCL/PRV/250,Valves,STK,0
VALVE/LCL/SWINGCHECK/100,Valves,STK,0
VALVE/LCL/SWINGCHECK/150,Valves,STK,0
VALVE/LCL/SWINGCHECK/200,Valves,STK,0
VALVE/LCL/SWINGCHECK/50,Valves,STK,0
VALVE/LCL/UG/FIRE/HYDR/80,Valves,STK,0
VALVE/NONRETURN/110/ORANGE,PP Fittings,STK,0
VALVE/NONRETURN/160/ORANGE,PP Fittings,STK,0
"VALVE/PEG/GV/0.5""/THREADED/16",Valves,STK,0
"VALVE/PEG/GV/0.75""/THREADED/16",Valves,STK,0
"VALVE/PEG/GV/1""/THREADED/16",Valves,STK,0
"VALVE/PEG/GV/2""/THREADED/16",Valves,STK,0
"VALVE/PEG/NRV/1""/THREADED/16",Valves,STK,0
VALVE/TEMPER/PROOF/MF/3/4INC,Valves,STK,0
VALVE/WESDOM/AV/50/SGL/FLANGED,Valves,STK,0
VENT/110/GREY,PP Fittings,STK,0
